fingerprint,family,params,status,pump_id,pump_label,pump_sym_class,pump_te_fraction,sh_label,sh_te_fraction,sh_track,wavelength_sh,wavelength_sh_corrected,n_eff_pump,n_eff_sh,delta_n_residual,eta_pct_per_W_cm2,A_shg_um2,overlap_shape,overlap_linear_emode,A_eff_pump_um2,A_eff_sh_um2,pump_scattering_dB_per_m,pump_absorption_dB_per_m,sh_scattering_dB_per_m,sh_absorption_dB_per_m,L_opt_mm,L_eff_mm,peak_efficiency_pct_per_W,cerenkov_allowed_any,eta_screen_pct_per_W_cm2,overlap_shape_screen,sh_label_screen,export_path,pump_identify_similarity,sh_identify_similarity,sh_label_old,overlap_abs,nce_d33_only_pct_per_W_cm2,share_d33,nce_d31_only_pct_per_W_cm2,share_d31,nce_d15_only_pct_per_W_cm2,share_d15,pump_power_in_core,sh_power_in_core
873267229ce9,ridge,"{""sidewall_angle"": 5.0, ""substrate_height"": 1000.0, ""topclad_height"": 800.0, ""substrate_material"": ""Al2O3"", ""topclad_material"": ""SiO2"", ""core_eq_o"": ""(1+2.8032/(1-0.015287/x**2)+0.36335/(1-0.036095/x**2)-33508000/(1+367200000/x**2))**0.5"", ""core_eq_e"": ""(1+0.017061/(1-0.043855/x**2)+3.1976/(1-0.022642/x**2)-57269000/(1-74226000/x**2))**0.5"", ""core_chi2"": ""AlN"", ""h_core"": 300.0, ""w_core"": 500.0}",refined,1,TM10,S,0.0126153244159803,TM60,0.1281195887902299,46,240.9419078800983,240.96407069049084,1.900177071829238,1.900393385974763,-0.0002163141455249,19.089936115289618,216.020616934258,0.0269179473050099,2.8378779246308752e-27,0.1331920178878885,0.0899273385959294,1746.119456376868,1696.577389214291,43504.36873013566,0.0,0.4409978,0.1411670955164919,0.0038042708856775,False,16.856652728298236,0.0255113177615045,TM60,runs\wide_window\exports\873267229ce9_x00.npz,0.9998822572768752,0.9999882953260392,TM60,0.0025247897382467193,19.1236473162583,1.0008826975291754,7.142567688463482e-07,0.00019343052079075275,2.2107124954477274e-05,-0.0010761280499661573,0.8726945519447327,0.9169840216636658
873267229ce9,ridge,"{""sidewall_angle"": 5.0, ""substrate_height"": 1000.0, ""topclad_height"": 800.0, ""substrate_material"": ""Al2O3"", ""topclad_material"": ""SiO2"", ""core_eq_o"": ""(1+2.8032/(1-0.015287/x**2)+0.36335/(1-0.036095/x**2)-33508000/(1+367200000/x**2))**0.5"", ""core_eq_e"": ""(1+0.017061/(1-0.043855/x**2)+3.1976/(1-0.022642/x**2)-57269000/(1-74226000/x**2))**0.5"", ""core_chi2"": ""AlN"", ""h_core"": 300.0, ""w_core"": 500.0}",refined,0,TM00,A,0.0026148271889038,TM40,0.0743369236588034,50,267.40003296278667,267.4329793239859,1.996000090190667,1.9961803817998605,-0.0001802916091935,4.543354408764497,635.8220709236451,0.015775996369252,0.0023495496816343,0.1372276304980616,0.0911024060579735,353.7828076091479,1709.1809208839006,17098.17202752394,0.0,0.9509952500000002,0.323211231396272,0.0047462379044627,False,5.075370848803583,0.0164444578326218,TM40,runs\wide_window\exports\873267229ce9_x01.npz,0.9998265089669044,0.999882161107322,TM40,0.0013669745726955593,4.539708134983835,0.9995986858364619,6.74259431952659e-06,-0.0012182185983637623,1.1916701339672341e-05,0.0016195327619018148,0.9024548530578613,0.9360107183456421
873267229ce9,ridge,"{""sidewall_angle"": 5.0, ""substrate_height"": 1000.0, ""topclad_height"": 800.0, ""substrate_material"": ""Al2O3"", ""topclad_material"": ""SiO2"", ""core_eq_o"": ""(1+2.8032/(1-0.015287/x**2)+0.36335/(1-0.036095/x**2)-33508000/(1+367200000/x**2))**0.5"", ""core_eq_e"": ""(1+0.017061/(1-0.043855/x**2)+3.1976/(1-0.022642/x**2)-57269000/(1-74226000/x**2))**0.5"", ""core_chi2"": ""AlN"", ""h_core"": 300.0, ""w_core"": 500.0}",refined,0,TM00,A,0.0013318286569854,TM04,0.0641108525933389,1,218.02155109923723,218.03611703136565,2.0653016258580417,2.0655639237188126,-0.0002622978607709,3.9351120143015663,996.7688585150332,0.0117754676108526,0.0119175965386142,0.1118617933122524,0.1263294543864462,415.6269245173646,1549.955015978963,3151.1001469867806,0.0,2.4609877000000004,0.9041883530110592,0.0321717671136059,False,4.238589384067172,0.0121677777266608,TM04,runs\wide_window\exports\873267229ce9_x02.npz,0.9999713439668904,0.9999991076778336,TM04,0.001037262372903143,3.260306194208911,0.910229037171067,0.003202279456547574,0.02852667181969279,0.014760063991165607,0.06124429100924032,0.9479781985282898,0.865627646446228
873267229ce9,ridge,"{""sidewall_angle"": 5.0, ""substrate_height"": 1000.0, ""topclad_height"": 800.0, ""substrate_material"": ""Al2O3"", ""topclad_material"": ""SiO2"", ""core_eq_o"": ""(1+2.8032/(1-0.015287/x**2)+0.36335/(1-0.036095/x**2)-33508000/(1+367200000/x**2))**0.5"", ""core_eq_e"": ""(1+0.017061/(1-0.043855/x**2)+3.1976/(1-0.022642/x**2)-57269000/(1-74226000/x**2))**0.5"", ""core_chi2"": ""AlN"", ""h_core"": 300.0, ""w_core"": 500.0}",refined,1,TM10,S,0.008809434661506,TM80,0.0278877250041997,4,216.3614455514309,216.3555010872899,1.960213599057804,1.9600587659484816,0.0001548331093219,3.982923880274672,1169.8182188616922,0.0106703707305593,1.0365640980869704e-27,0.1171353144301464,0.0739778234383739,1861.7247384440368,1615.5148149101826,78491.41286285146,0.0,0.29099855,0.0874280010506628,0.0003044409749666,False,3.945800478283919,0.0106170257529317,TM80,runs\wide_window\exports\873267229ce9_x03.npz,0.9999885635009254,0.9999751991380458,TM80,0.001035598995899064,4.008513470440476,1.0032071471520594,4.566642261103743e-06,-0.0010707730686617463,1.817844430663444e-05,-0.002136374083397814,0.9120558500289917,0.9209461808204651
873267229ce9,ridge,"{""sidewall_angle"": 5.0, ""substrate_height"": 1000.0, ""topclad_height"": 800.0, ""substrate_material"": ""Al2O3"", ""topclad_material"": ""SiO2"", ""core_eq_o"": ""(1+2.8032/(1-0.015287/x**2)+0.36335/(1-0.036095/x**2)-33508000/(1+367200000/x**2))**0.5"", ""core_eq_e"": ""(1+0.017061/(1-0.043855/x**2)+3.1976/(1-0.022642/x**2)-57269000/(1-74226000/x**2))**0.5"", ""core_chi2"": ""AlN"", ""h_core"": 300.0, ""w_core"": 500.0}",refined,1,TM10,S,0.0101406605700775,TM04,0.1337956333237036,33,225.7298213613693,225.7503613178296,1.9364607832983896,1.9366989522547944,-0.000238168956405,3.791811794429495,1170.7167855402556,0.0123092051094316,1.6052322312193515e-27,0.122830234106384,0.1460419690082928,1822.8278970157687,1649.909507020692,4358.694595597241,0.0,1.5609922,0.5703763391828772,0.0123358697743059,False,3.6083670367200944,0.0121374556441036,TM04,runs\wide_window\exports\873267229ce9_x04.npz,0.9998811520221048,0.9999191874780944,TM04,0.001054199809383046,3.3277435333079266,0.9368102174249082,0.0008793064824435638,0.01522813899312711,0.008722374418865442,0.04796164358196468,0.8981823325157166,0.7516838312149048
873267229ce9,ridge,"{""sidewall_angle"": 5.0, ""substrate_height"": 1000.0, ""topclad_height"": 800.0, ""substrate_material"": ""Al2O3"", ""topclad_material"": ""SiO2"", ""core_eq_o"": ""(1+2.8032/(1-0.015287/x**2)+0.36335/(1-0.036095/x**2)-33508000/(1+367200000/x**2))**0.5"", ""core_eq_e"": ""(1+0.017061/(1-0.043855/x**2)+3.1976/(1-0.022642/x**2)-57269000/(1-74226000/x**2))**0.5"", ""core_chi2"": ""AlN"", ""h_core"": 300.0, ""w_core"": 500.0}",refined,0,TM00,A,0.0022260272589686,TM22,0.0937276556450398,45,254.46077444351528,254.49264239724616,2.0119365630256136,2.012142083733189,-0.0002055207075755,2.667007502312865,1167.8925466432852,0.0115517282204911,0.0003484801378239,0.1299831985279398,0.1199130889644139,372.3454303348071,1674.793578002836,6370.197598295627,0.0,1.69099155,0.6156086382412507,0.0101072648911929,False,2.304292937724647,0.0108479892054715,TM22,runs\wide_window\exports\873267229ce9_x05.npz,0.9999027987639608,0.9997680382257808,TM22,0.0009966523237222274,2.527359889463979,0.9734673624530799,0.0003248269626987241,0.011036055776039916,0.0006404660629983992,0.015496581770880558,0.9157477021217346,0.9039299488067627
873267229ce9,ridge,"{""sidewall_angle"": 5.0, ""substrate_height"": 1000.0, ""topclad_height"": 800.0, ""substrate_material"": ""Al2O3"", ""topclad_material"": ""SiO2"", ""core_eq_o"": ""(1+2.8032/(1-0.015287/x**2)+0.36335/(1-0.036095/x**2)-33508000/(1+367200000/x**2))**0.5"", ""core_eq_e"": ""(1+0.017061/(1-0.043855/x**2)+3.1976/(1-0.022642/x**2)-57269000/(1-74226000/x**2))**0.5"", ""core_chi2"": ""AlN"", ""h_core"": 300.0, ""w_core"": 500.0}",refined,1,TM10,S,0.0091520446186567,TM24,0.1279486302074243,3,218.88665688270825,218.8996486942719,1.9536894602795447,1.9539302869864088,-0.0002408267068634,1.6657007319540873,2759.944438437876,0.0074306978582299,1.821110482358072e-30,0.1186241180235753,0.1319917936773073,1851.8435017738348,1625.1800123300598,9262.707526433487,0.0,1.0809946,0.3954219391579328,0.0026044648449998,False,1.881782305672992,0.0078541441467428,TM24,runs\wide_window\exports\873267229ce9_x06.npz,0.999906331471703,0.9999882900801372,TM24,0.0006775298238192912,1.3438518209008827,0.8982086920929695,0.0014924195100104384,0.02993277769941556,0.00860109088973676,0.07185853020761493,0.9084448218345642,0.8422660827636719
873267229ce9,ridge,"{""sidewall_angle"": 5.0, ""substrate_height"": 1000.0, ""topclad_height"": 800.0, ""substrate_material"": ""Al2O3"", ""topclad_material"": ""SiO2"", ""core_eq_o"": ""(1+2.8032/(1-0.015287/x**2)+0.36335/(1-0.036095/x**2)-33508000/(1+367200000/x**2))**0.5"", ""core_eq_e"": ""(1+0.017061/(1-0.043855/x**2)+3.1976/(1-0.022642/x**2)-57269000/(1-74226000/x**2))**0.5"", ""core_chi2"": ""AlN"", ""h_core"": 300.0, ""w_core"": 500.0}",refined,1,TM10,S,0.0183068069906403,TM41,0.0603864588847304,55,270.433314884336,270.46313387388943,1.835911488007703,1.836075986963938,-0.000164498956235,1.2643458160689474,2870.6195324301543,0.0084168732519149,1.6123820320914442e-19,0.1587508682050326,0.1125340396740822,1548.8528678753953,1747.1913982582162,20659.523403044448,0.0,0.7009965000000001,0.2461571014788596,0.0007661090886435,False,1.0700282586962524,0.0078481330406664,TM41,runs\wide_window\exports\873267229ce9_x07.npz,0.9997924752832792,0.9999124707963524,TM41,0.0007292959602179578,1.0860744088794885,0.9268231312319788,0.000722118411022611,0.023898535201918335,0.0030702792544932992,0.049278333566102984,0.8105220198631287,0.879830539226532
873267229ce9,ridge,"{""sidewall_angle"": 5.0, ""substrate_height"": 1000.0, ""topclad_height"": 800.0, ""substrate_material"": ""Al2O3"", ""topclad_material"": ""SiO2"", ""core_eq_o"": ""(1+2.8032/(1-0.015287/x**2)+0.36335/(1-0.036095/x**2)-33508000/(1+367200000/x**2))**0.5"", ""core_eq_e"": ""(1+0.017061/(1-0.043855/x**2)+3.1976/(1-0.022642/x**2)-57269000/(1-74226000/x**2))**0.5"", ""core_chi2"": ""AlN"", ""h_core"": 300.0, ""w_core"": 500.0}",refined,0,TM00,A,0.0015885445932968,TM60,0.0404972273719064,35,229.77558409212992,229.77588224978845,2.0463782650397264,2.0463820105788697,-3.745539143285015e-06,0.9973740024951158,3640.2539739721474,0.0059945168164481,0.001205530665841,0.1173736842377109,0.0796970911748479,403.5996626778893,1594.6534633627002,33415.959266565405,0.0,0.63099685,0.1947903022266346,0.0003784362293062,False,1.0055398393971855,0.0060178957520106,TM60,runs\wide_window\exports\873267229ce9_x08.npz,0.9999998425486306,0.999976813312616,TM60,0.0005503558935432729,0.9971060023709599,0.9998655673194083,1.2114748096682497e-08,0.0001102118116936939,5.851100302837767e-10,2.4220868897831925e-05,0.9384255409240723,0.9391704797744751
873267229ce9,ridge,"{""sidewall_angle"": 5.0, ""substrate_height"": 1000.0, ""topclad_height"": 800.0, ""substrate_material"": ""Al2O3"", ""topclad_material"": ""SiO2"", ""core_eq_o"": ""(1+2.8032/(1-0.015287/x**2)+0.36335/(1-0.036095/x**2)-33508000/(1+367200000/x**2))**0.5"", ""core_eq_e"": ""(1+0.017061/(1-0.043855/x**2)+3.1976/(1-0.022642/x**2)-57269000/(1-74226000/x**2))**0.5"", ""core_chi2"": ""AlN"", ""h_core"": 300.0, ""w_core"": 500.0}",refined,1,TM10,S,0.0159872965280596,TM03,0.0089166533992672,51,259.0618569452436,259.0738032228617,1.8598659600305296,1.8599112729835583,-4.531295302867555e-05,0.7036715367042651,5406.591694687647,0.0071104947990588,1.465735686805303e-21,0.1478259198890868,0.1634798105826986,1631.8982489315986,1734.8520010862749,1094.6204906172818,0.0,2.8009860000000004,0.9066023289703286,0.0057836718604924,False,0.6962658822128985,0.0070816580153336,TM03,runs\wide_window\exports\873267229ce9_x09.npz,0.9999927055559472,0.9999956453568452,TM03,0.0005211938724348256,0.6791420129030338,0.9824154005774451,0.00017605172286343132,-0.015817396557439065,0.0007850821668076441,0.033401995979993854,0.8368067741394043,0.6107255220413208
873267229ce9,ridge,"{""sidewall_angle"": 5.0, ""substrate_height"": 1000.0, ""topclad_height"": 800.0, ""substrate_material"": ""Al2O3"", ""topclad_material"": ""SiO2"", ""core_eq_o"": ""(1+2.8032/(1-0.015287/x**2)+0.36335/(1-0.036095/x**2)-33508000/(1+367200000/x**2))**0.5"", ""core_eq_e"": ""(1+0.017061/(1-0.043855/x**2)+3.1976/(1-0.022642/x**2)-57269000/(1-74226000/x**2))**0.5"", ""core_chi2"": ""AlN"", ""h_core"": 300.0, ""w_core"": 500.0}",refined,1,TM10,S,0.0132247478479438,TE13,0.6253212485963147,48,244.3948418565484,244.39558032711372,1.892273591928168,1.89227874825612,-5.156327951727491e-06,0.6682791228235938,6073.808432464826,0.0053925734134318,1.3152948768325322e-25,0.1357661799866455,0.1366515078406507,1726.239302268989,1705.428227280535,10385.742343504882,0.0,1.0209949,0.3731134099998597,0.0009303355366789,False,0.6780219180538127,0.0054300681089346,TE13,runs\wide_window\exports\873267229ce9_x10.npz,0.9999973461500472,0.99954938499687,TE13,0.00047916123832467074,0.6569101306805837,0.9914573274882096,0.000248812160381498,0.019295536046672324,7.726915700871271e-05,-0.010752863534881902,0.8663526773452759,0.8288100361824036
873267229ce9,ridge,"{""sidewall_angle"": 5.0, ""substrate_height"": 1000.0, ""topclad_height"": 800.0, ""substrate_material"": ""Al2O3"", ""topclad_material"": ""SiO2"", ""core_eq_o"": ""(1+2.8032/(1-0.015287/x**2)+0.36335/(1-0.036095/x**2)-33508000/(1+367200000/x**2))**0.5"", ""core_eq_e"": ""(1+0.017061/(1-0.043855/x**2)+3.1976/(1-0.022642/x**2)-57269000/(1-74226000/x**2))**0.5"", ""core_chi2"": ""AlN"", ""h_core"": 300.0, ""w_core"": 500.0}",refined,1,TM10,S,0.0124529847410195,TE50,0.7738684659532419,43,240.0058131007953,240.03638182760784,1.90233939117558,1.9025907191707148,-0.0002513279951346,0.7474392318371901,5541.345609017119,0.0053593696567075,8.806230171805002e-27,0.1325094714808557,0.1221473013915412,1751.3496122343645,1694.0610332517426,53517.7716810861,0.0,0.3809981,0.1198815121226542,0.0001074188043491,False,0.5972704238800917,0.0048416276332072,TE50,runs\wide_window\exports\873267229ce9_x11.npz,0.9998222627641176,0.999999747697987,TE50,0.000497645850048657,0.7163258417363865,0.9789654696703091,6.346581689554419e-06,-0.002913949368140778,0.0004286785657983544,0.023948479697831752,0.8743767142295837,0.9223734140396118
873267229ce9,ridge,"{""sidewall_angle"": 5.0, ""substrate_height"": 1000.0, ""topclad_height"": 800.0, ""substrate_material"": ""Al2O3"", ""topclad_material"": ""SiO2"", ""core_eq_o"": ""(1+2.8032/(1-0.015287/x**2)+0.36335/(1-0.036095/x**2)-33508000/(1+367200000/x**2))**0.5"", ""core_eq_e"": ""(1+0.017061/(1-0.043855/x**2)+3.1976/(1-0.022642/x**2)-57269000/(1-74226000/x**2))**0.5"", ""core_chi2"": ""AlN"", ""h_core"": 300.0, ""w_core"": 500.0}",screened,0,TM00,A,,TE33,0.7101025597438763,2,217.5056235736846,,2.0664184701423047,2.0664184701423047,,0.4877846215606419,8067.372582973358,0.0039681663430914,,,,,,,,,,,,0.4877846215606419,0.0039681663430914,TE33,,,,TE33,,,,,,,,,
873267229ce9,ridge,"{""sidewall_angle"": 5.0, ""substrate_height"": 1000.0, ""topclad_height"": 800.0, ""substrate_material"": ""Al2O3"", ""topclad_material"": ""SiO2"", ""core_eq_o"": ""(1+2.8032/(1-0.015287/x**2)+0.36335/(1-0.036095/x**2)-33508000/(1+367200000/x**2))**0.5"", ""core_eq_e"": ""(1+0.017061/(1-0.043855/x**2)+3.1976/(1-0.022642/x**2)-57269000/(1-74226000/x**2))**0.5"", ""core_chi2"": ""AlN"", ""h_core"": 300.0, ""w_core"": 500.0}",screened,1,TM10,S,,TM62,0.387731712158771,2,219.64682055638272,,1.9520745757881084,1.9520745757881084,,0.3234600750647425,14151.29822530106,0.0030890065820207,,,,,,,,,,,,0.3234600750647425,0.0030890065820207,TM62,,,,TM62,,,,,,,,,
873267229ce9,ridge,"{""sidewall_angle"": 5.0, ""substrate_height"": 1000.0, ""topclad_height"": 800.0, ""substrate_material"": ""Al2O3"", ""topclad_material"": ""SiO2"", ""core_eq_o"": ""(1+2.8032/(1-0.015287/x**2)+0.36335/(1-0.036095/x**2)-33508000/(1+367200000/x**2))**0.5"", ""core_eq_e"": ""(1+0.017061/(1-0.043855/x**2)+3.1976/(1-0.022642/x**2)-57269000/(1-74226000/x**2))**0.5"", ""core_chi2"": ""AlN"", ""h_core"": 300.0, ""w_core"": 500.0}",screened,1,TM10,S,,TM23,0.1527422757940993,44,239.6679591116153,,1.9033819527647136,1.9033819527647136,,0.3193144991711832,12987.919501450648,0.0036773420906682,,,,,,,,,,,,0.3193144991711832,0.0036773420906682,TM23,,,,TM23,,,,,,,,,
873267229ce9,ridge,"{""sidewall_angle"": 5.0, ""substrate_height"": 1000.0, ""topclad_height"": 800.0, ""substrate_material"": ""Al2O3"", ""topclad_material"": ""SiO2"", ""core_eq_o"": ""(1+2.8032/(1-0.015287/x**2)+0.36335/(1-0.036095/x**2)-33508000/(1+367200000/x**2))**0.5"", ""core_eq_e"": ""(1+0.017061/(1-0.043855/x**2)+3.1976/(1-0.022642/x**2)-57269000/(1-74226000/x**2))**0.5"", ""core_chi2"": ""AlN"", ""h_core"": 300.0, ""w_core"": 500.0}",screened,1,TM10,S,,TE33,0.8446013458051574,34,224.9857766686372,,1.93863580638399,1.93863580638399,,0.2825771206500143,15762.322617589189,0.0031239167947735,,,,,,,,,,,,0.2825771206500143,0.0031239167947735,TE33,,,,TE33,,,,,,,,,
873267229ce9,ridge,"{""sidewall_angle"": 5.0, ""substrate_height"": 1000.0, ""topclad_height"": 800.0, ""substrate_material"": ""Al2O3"", ""topclad_material"": ""SiO2"", ""core_eq_o"": ""(1+2.8032/(1-0.015287/x**2)+0.36335/(1-0.036095/x**2)-33508000/(1+367200000/x**2))**0.5"", ""core_eq_e"": ""(1+0.017061/(1-0.043855/x**2)+3.1976/(1-0.022642/x**2)-57269000/(1-74226000/x**2))**0.5"", ""core_chi2"": ""AlN"", ""h_core"": 300.0, ""w_core"": 500.0}",screened,1,TM10,S,,TM61,0.1620434394752003,41,230.5120271350132,,1.9248157829390689,1.9248157829390689,,0.2507528887360792,17288.42323919835,0.0028979473566939,,,,,,,,,,,,0.2507528887360792,0.0028979473566939,TM61,,,,TM61,,,,,,,,,
873267229ce9,ridge,"{""sidewall_angle"": 5.0, ""substrate_height"": 1000.0, ""topclad_height"": 800.0, ""substrate_material"": ""Al2O3"", ""topclad_material"": ""SiO2"", ""core_eq_o"": ""(1+2.8032/(1-0.015287/x**2)+0.36335/(1-0.036095/x**2)-33508000/(1+367200000/x**2))**0.5"", ""core_eq_e"": ""(1+0.017061/(1-0.043855/x**2)+3.1976/(1-0.022642/x**2)-57269000/(1-74226000/x**2))**0.5"", ""core_chi2"": ""AlN"", ""h_core"": 300.0, ""w_core"": 500.0}",screened,0,TM00,A,,TE30,0.9503909568636876,51,269.80432962448737,,1.9933301282683704,1.9933301282683704,,0.2117496553944961,13455.4364592267,0.0034845119175579,,,,,,,,,,,,0.2117496553944961,0.0034845119175579,TE30,,,,TE30,,,,,,,,,
873267229ce9,ridge,"{""sidewall_angle"": 5.0, ""substrate_height"": 1000.0, ""topclad_height"": 800.0, ""substrate_material"": ""Al2O3"", ""topclad_material"": ""SiO2"", ""core_eq_o"": ""(1+2.8032/(1-0.015287/x**2)+0.36335/(1-0.036095/x**2)-33508000/(1+367200000/x**2))**0.5"", ""core_eq_e"": ""(1+0.017061/(1-0.043855/x**2)+3.1976/(1-0.022642/x**2)-57269000/(1-74226000/x**2))**0.5"", ""core_chi2"": ""AlN"", ""h_core"": 300.0, ""w_core"": 500.0}",screened,1,TM10,S,,TE51,0.85999283478168,40,229.7176672016571,,1.9267250911839104,1.9267250911839104,,0.1750945220137967,24856.23871105321,0.0024368510730361,,,,,,,,,,,,0.1750945220137967,0.0024368510730361,TE51,,,,TE51,,,,,,,,,
873267229ce9,ridge,"{""sidewall_angle"": 5.0, ""substrate_height"": 1000.0, ""topclad_height"": 800.0, ""substrate_material"": ""Al2O3"", ""topclad_material"": ""SiO2"", ""core_eq_o"": ""(1+2.8032/(1-0.015287/x**2)+0.36335/(1-0.036095/x**2)-33508000/(1+367200000/x**2))**0.5"", ""core_eq_e"": ""(1+0.017061/(1-0.043855/x**2)+3.1976/(1-0.022642/x**2)-57269000/(1-74226000/x**2))**0.5"", ""core_chi2"": ""AlN"", ""h_core"": 300.0, ""w_core"": 500.0}",screened,0,TM00,A,,TM03,0.0056974839508228,39,237.9938680316572,,2.0345193882369705,2.0345193882369705,,0.1114170817058334,30909.16062685948,0.0022443753372324,,,,,,,,,,,,0.1114170817058334,0.0022443753372324,TM03,,,,TM03,,,,,,,,,
873267229ce9,ridge,"{""sidewall_angle"": 5.0, ""substrate_height"": 1000.0, ""topclad_height"": 800.0, ""substrate_material"": ""Al2O3"", ""topclad_material"": ""SiO2"", ""core_eq_o"": ""(1+2.8032/(1-0.015287/x**2)+0.36335/(1-0.036095/x**2)-33508000/(1+367200000/x**2))**0.5"", ""core_eq_e"": ""(1+0.017061/(1-0.043855/x**2)+3.1976/(1-0.022642/x**2)-57269000/(1-74226000/x**2))**0.5"", ""core_chi2"": ""AlN"", ""h_core"": 300.0, ""w_core"": 500.0}",screened,0,TM00,A,,TE12,0.9724704479720632,47,255.9343178505569,,2.0102402129664085,2.0102402129664085,,0.1060088092124571,29121.46046486617,0.0023269480506339,,,,,,,,,,,,0.1060088092124571,0.0023269480506339,TE12,,,,TE12,,,,,,,,,
873267229ce9,ridge,"{""sidewall_angle"": 5.0, ""substrate_height"": 1000.0, ""topclad_height"": 800.0, ""substrate_material"": ""Al2O3"", ""topclad_material"": ""SiO2"", ""core_eq_o"": ""(1+2.8032/(1-0.015287/x**2)+0.36335/(1-0.036095/x**2)-33508000/(1+367200000/x**2))**0.5"", ""core_eq_e"": ""(1+0.017061/(1-0.043855/x**2)+3.1976/(1-0.022642/x**2)-57269000/(1-74226000/x**2))**0.5"", ""core_chi2"": ""AlN"", ""h_core"": 300.0, ""w_core"": 500.0}",screened,1,TM10,S,,TE52,0.6893601798806117,1,219.47027846202744,,1.952518952637492,1.952518952637492,,0.073053432037747,62715.977616804405,0.0014734497401805,,,,,,,,,,,,0.073053432037747,0.0014734497401805,TE52,,,,TE52,,,,,,,,,
873267229ce9,ridge,"{""sidewall_angle"": 5.0, ""substrate_height"": 1000.0, ""topclad_height"": 800.0, ""substrate_material"": ""Al2O3"", ""topclad_material"": ""SiO2"", ""core_eq_o"": ""(1+2.8032/(1-0.015287/x**2)+0.36335/(1-0.036095/x**2)-33508000/(1+367200000/x**2))**0.5"", ""core_eq_e"": ""(1+0.017061/(1-0.043855/x**2)+3.1976/(1-0.022642/x**2)-57269000/(1-74226000/x**2))**0.5"", ""core_chi2"": ""AlN"", ""h_core"": 300.0, ""w_core"": 500.0}",screened,1,TM10,S,,TE32,0.938213952125016,49,247.29619002234784,,1.8858409471466755,1.8858409471466755,,0.0542453192868537,73831.84470521787,0.001546193974374,,,,,,,,,,,,0.0542453192868537,0.001546193974374,TE32,,,,TE32,,,,,,,,,
873267229ce9,ridge,"{""sidewall_angle"": 5.0, ""substrate_height"": 1000.0, ""topclad_height"": 800.0, ""substrate_material"": ""Al2O3"", ""topclad_material"": ""SiO2"", ""core_eq_o"": ""(1+2.8032/(1-0.015287/x**2)+0.36335/(1-0.036095/x**2)-33508000/(1+367200000/x**2))**0.5"", ""core_eq_e"": ""(1+0.017061/(1-0.043855/x**2)+3.1976/(1-0.022642/x**2)-57269000/(1-74226000/x**2))**0.5"", ""core_chi2"": ""AlN"", ""h_core"": 300.0, ""w_core"": 500.0}",screened,1,TM10,S,,TE14,0.933933694259934,0,220.0722673093881,,1.9510036771541512,1.9510036771541512,,0.0189935567250551,240461.0983661036,0.0007797173002878,,,,,,,,,,,,0.0189935567250551,0.0007797173002878,TE14,,,,TE14,,,,,,,,,
873267229ce9,ridge,"{""sidewall_angle"": 5.0, ""substrate_height"": 1000.0, ""topclad_height"": 800.0, ""substrate_material"": ""Al2O3"", ""topclad_material"": ""SiO2"", ""core_eq_o"": ""(1+2.8032/(1-0.015287/x**2)+0.36335/(1-0.036095/x**2)-33508000/(1+367200000/x**2))**0.5"", ""core_eq_e"": ""(1+0.017061/(1-0.043855/x**2)+3.1976/(1-0.022642/x**2)-57269000/(1-74226000/x**2))**0.5"", ""core_chi2"": ""AlN"", ""h_core"": 300.0, ""w_core"": 500.0}",screened,0,TM00,A,,TE13,0.6952848080040073,32,227.9923775538132,,2.049310597805313,2.049310597805313,,0.0163883367558108,224056.28545128115,0.0007816611792369,,,,,,,,,,,,0.0163883367558108,0.0007816611792369,TE13,,,,TE13,,,,,,,,,
873267229ce9,ridge,"{""sidewall_angle"": 5.0, ""substrate_height"": 1000.0, ""topclad_height"": 800.0, ""substrate_material"": ""Al2O3"", ""topclad_material"": ""SiO2"", ""core_eq_o"": ""(1+2.8032/(1-0.015287/x**2)+0.36335/(1-0.036095/x**2)-33508000/(1+367200000/x**2))**0.5"", ""core_eq_e"": ""(1+0.017061/(1-0.043855/x**2)+3.1976/(1-0.022642/x**2)-57269000/(1-74226000/x**2))**0.5"", ""core_chi2"": ""AlN"", ""h_core"": 300.0, ""w_core"": 500.0}",screened,0,TM00,A,,TM33,0.3211148577796809,3,217.33932544837648,,2.0666897654452216,2.0666897654452216,,0.0159662690499571,246745.97938322343,0.0007138077608843,,,,,,,,,,,,0.0159662690499571,0.0007138077608843,TM33,,,,TM33,,,,,,,,,
873267229ce9,ridge,"{""sidewall_angle"": 5.0, ""substrate_height"": 1000.0, ""topclad_height"": 800.0, ""substrate_material"": ""Al2O3"", ""topclad_material"": ""SiO2"", ""core_eq_o"": ""(1+2.8032/(1-0.015287/x**2)+0.36335/(1-0.036095/x**2)-33508000/(1+367200000/x**2))**0.5"", ""core_eq_e"": ""(1+0.017061/(1-0.043855/x**2)+3.1976/(1-0.022642/x**2)-57269000/(1-74226000/x**2))**0.5"", ""core_chi2"": ""AlN"", ""h_core"": 300.0, ""w_core"": 500.0}",screened,0,TM00,A,,TE23,0.7792812784594096,36,228.2123940128425,,2.048951667530011,2.048951667530011,,0.0159331796728008,230133.5701049732,0.0007715645467971,,,,,,,,,,,,0.0159331796728008,0.0007715645467971,TE23,,,,TE23,,,,,,,,,
873267229ce9,ridge,"{""sidewall_angle"": 5.0, ""substrate_height"": 1000.0, ""topclad_height"": 800.0, ""substrate_material"": ""Al2O3"", ""topclad_material"": ""SiO2"", ""core_eq_o"": ""(1+2.8032/(1-0.015287/x**2)+0.36335/(1-0.036095/x**2)-33508000/(1+367200000/x**2))**0.5"", ""core_eq_e"": ""(1+0.017061/(1-0.043855/x**2)+3.1976/(1-0.022642/x**2)-57269000/(1-74226000/x**2))**0.5"", ""core_chi2"": ""AlN"", ""h_core"": 300.0, ""w_core"": 500.0}",screened,0,TM00,A,,TM41,0.2600589937199867,43,248.2175655675328,,2.020251866649788,2.020251866649788,,0.0151278398583942,213745.7714119715,0.0008164727591873,,,,,,,,,,,,0.0151278398583942,0.0008164727591873,TM41,,,,TM41,,,,,,,,,
873267229ce9,ridge,"{""sidewall_angle"": 5.0, ""substrate_height"": 1000.0, ""topclad_height"": 800.0, ""substrate_material"": ""Al2O3"", ""topclad_material"": ""SiO2"", ""core_eq_o"": ""(1+2.8032/(1-0.015287/x**2)+0.36335/(1-0.036095/x**2)-33508000/(1+367200000/x**2))**0.5"", ""core_eq_e"": ""(1+0.017061/(1-0.043855/x**2)+3.1976/(1-0.022642/x**2)-57269000/(1-74226000/x**2))**0.5"", ""core_chi2"": ""AlN"", ""h_core"": 300.0, ""w_core"": 500.0}",screened,0,TM00,A,,TM61,0.0551489661019615,30,222.40813279818343,,2.058420618557097,2.058420618557097,,0.015021004563874,253485.63193260416,0.0006983350836246,,,,,,,,,,,,0.015021004563874,0.0006983350836246,TM61,,,,TM61,,,,,,,,,
873267229ce9,ridge,"{""sidewall_angle"": 5.0, ""substrate_height"": 1000.0, ""topclad_height"": 800.0, ""substrate_material"": ""Al2O3"", ""topclad_material"": ""SiO2"", ""core_eq_o"": ""(1+2.8032/(1-0.015287/x**2)+0.36335/(1-0.036095/x**2)-33508000/(1+367200000/x**2))**0.5"", ""core_eq_e"": ""(1+0.017061/(1-0.043855/x**2)+3.1976/(1-0.022642/x**2)-57269000/(1-74226000/x**2))**0.5"", ""core_chi2"": ""AlN"", ""h_core"": 300.0, ""w_core"": 500.0}",screened,0,TM00,A,,TM42,0.3877652400291935,38,231.264675259876,,2.044213505247066,2.044213505247066,,0.0109454269728692,328492.8753755353,0.0006402762695085,,,,,,,,,,,,0.0109454269728692,0.0006402762695085,TM42,,,,TM42,,,,,,,,,
873267229ce9,ridge,"{""sidewall_angle"": 5.0, ""substrate_height"": 1000.0, ""topclad_height"": 800.0, ""substrate_material"": ""Al2O3"", ""topclad_material"": ""SiO2"", ""core_eq_o"": ""(1+2.8032/(1-0.015287/x**2)+0.36335/(1-0.036095/x**2)-33508000/(1+367200000/x**2))**0.5"", ""core_eq_e"": ""(1+0.017061/(1-0.043855/x**2)+3.1976/(1-0.022642/x**2)-57269000/(1-74226000/x**2))**0.5"", ""core_chi2"": ""AlN"", ""h_core"": 300.0, ""w_core"": 500.0}",screened,0,TM00,A,,TM62,0.1203579456440855,4,215.04269019644576,,2.070436448429214,2.070436448429214,,0.0090660791892561,441470.2410053687,0.0005247777547703,,,,,,,,,,,,0.0090660791892561,0.0005247777547703,TM62,,,,TM62,,,,,,,,,
873267229ce9,ridge,"{""sidewall_angle"": 5.0, ""substrate_height"": 1000.0, ""topclad_height"": 800.0, ""substrate_material"": ""Al2O3"", ""topclad_material"": ""SiO2"", ""core_eq_o"": ""(1+2.8032/(1-0.015287/x**2)+0.36335/(1-0.036095/x**2)-33508000/(1+367200000/x**2))**0.5"", ""core_eq_e"": ""(1+0.017061/(1-0.043855/x**2)+3.1976/(1-0.022642/x**2)-57269000/(1-74226000/x**2))**0.5"", ""core_chi2"": ""AlN"", ""h_core"": 300.0, ""w_core"": 500.0}",screened,1,TM10,S,,TM43,0.140672816712934,35,223.68713885470052,,1.941904627807883,1.941904627807883,,0.0090529354844221,495223.0829096686,0.0005512385959262,,,,,,,,,,,,0.0090529354844221,0.0005512385959262,TM43,,,,TM43,,,,,,,,,
873267229ce9,ridge,"{""sidewall_angle"": 5.0, ""substrate_height"": 1000.0, ""topclad_height"": 800.0, ""substrate_material"": ""Al2O3"", ""topclad_material"": ""SiO2"", ""core_eq_o"": ""(1+2.8032/(1-0.015287/x**2)+0.36335/(1-0.036095/x**2)-33508000/(1+367200000/x**2))**0.5"", ""core_eq_e"": ""(1+0.017061/(1-0.043855/x**2)+3.1976/(1-0.022642/x**2)-57269000/(1-74226000/x**2))**0.5"", ""core_chi2"": ""AlN"", ""h_core"": 300.0, ""w_core"": 500.0}",screened,0,TM00,A,,TE51,0.9666410958727004,0,220.7452299799888,,2.061133443629222,2.061133443629222,,0.0041005201720305,938892.9658568676,0.0003636519385779,,,,,,,,,,,,0.0041005201720305,0.0003636519385779,TE51,,,,TE51,,,,,,,,,
873267229ce9,ridge,"{""sidewall_angle"": 5.0, ""substrate_height"": 1000.0, ""topclad_height"": 800.0, ""substrate_material"": ""Al2O3"", ""topclad_material"": ""SiO2"", ""core_eq_o"": ""(1+2.8032/(1-0.015287/x**2)+0.36335/(1-0.036095/x**2)-33508000/(1+367200000/x**2))**0.5"", ""core_eq_e"": ""(1+0.017061/(1-0.043855/x**2)+3.1976/(1-0.022642/x**2)-57269000/(1-74226000/x**2))**0.5"", ""core_chi2"": ""AlN"", ""h_core"": 300.0, ""w_core"": 500.0}",screened,3,TE00,S,,TM22,0.1271901800241998,45,264.67778717383925,,1.9376166014865288,1.9376166014865288,,0.0035317031231186,912711.0405606464,0.0193378114276257,,,,,,,,,,,,0.0035317031231186,0.0193378114276257,TM22,,,,TM22,,,,,,,,,
873267229ce9,ridge,"{""sidewall_angle"": 5.0, ""substrate_height"": 1000.0, ""topclad_height"": 800.0, ""substrate_material"": ""Al2O3"", ""topclad_material"": ""SiO2"", ""core_eq_o"": ""(1+2.8032/(1-0.015287/x**2)+0.36335/(1-0.036095/x**2)-33508000/(1+367200000/x**2))**0.5"", ""core_eq_e"": ""(1+0.017061/(1-0.043855/x**2)+3.1976/(1-0.022642/x**2)-57269000/(1-74226000/x**2))**0.5"", ""core_chi2"": ""AlN"", ""h_core"": 300.0, ""w_core"": 500.0}",screened,3,TE00,S,,TM41,0.0576690583859696,43,256.4614130866005,,1.9485715446599032,1.9485715446599032,,0.0021050391078035,1603624.6567111388,0.0140040513582489,,,,,,,,,,,,0.0021050391078035,0.0140040513582489,TM41,,,,TM41,,,,,,,,,
873267229ce9,ridge,"{""sidewall_angle"": 5.0, ""substrate_height"": 1000.0, ""topclad_height"": 800.0, ""substrate_material"": ""Al2O3"", ""topclad_material"": ""SiO2"", ""core_eq_o"": ""(1+2.8032/(1-0.015287/x**2)+0.36335/(1-0.036095/x**2)-33508000/(1+367200000/x**2))**0.5"", ""core_eq_e"": ""(1+0.017061/(1-0.043855/x**2)+3.1976/(1-0.022642/x**2)-57269000/(1-74226000/x**2))**0.5"", ""core_chi2"": ""AlN"", ""h_core"": 300.0, ""w_core"": 500.0}",screened,0,TM00,A,,TE31,0.7170595465982208,44,248.8077526291084,,2.0194861626007024,2.0194861626007024,,0.0016960934635616,1899572.0965394948,0.0002738305518097,,,,,,,,,,,,0.0016960934635616,0.0002738305518097,TE31,,,,TE31,,,,,,,,,
873267229ce9,ridge,"{""sidewall_angle"": 5.0, ""substrate_height"": 1000.0, ""topclad_height"": 800.0, ""substrate_material"": ""Al2O3"", ""topclad_material"": ""SiO2"", ""core_eq_o"": ""(1+2.8032/(1-0.015287/x**2)+0.36335/(1-0.036095/x**2)-33508000/(1+367200000/x**2))**0.5"", ""core_eq_e"": ""(1+0.017061/(1-0.043855/x**2)+3.1976/(1-0.022642/x**2)-57269000/(1-74226000/x**2))**0.5"", ""core_chi2"": ""AlN"", ""h_core"": 300.0, ""w_core"": 500.0}",screened,0,TM00,A,,TE50,0.9682489204640856,33,227.1991829360396,,2.050604599007684,2.050604599007684,,0.0013501414813752,2733489.637862595,0.0002193575901719,,,,,,,,,,,,0.0013501414813752,0.0002193575901719,TE50,,,,TE50,,,,,,,,,
873267229ce9,ridge,"{""sidewall_angle"": 5.0, ""substrate_height"": 1000.0, ""topclad_height"": 800.0, ""substrate_material"": ""Al2O3"", ""topclad_material"": ""SiO2"", ""core_eq_o"": ""(1+2.8032/(1-0.015287/x**2)+0.36335/(1-0.036095/x**2)-33508000/(1+367200000/x**2))**0.5"", ""core_eq_e"": ""(1+0.017061/(1-0.043855/x**2)+3.1976/(1-0.022642/x**2)-57269000/(1-74226000/x**2))**0.5"", ""core_chi2"": ""AlN"", ""h_core"": 300.0, ""w_core"": 500.0}",screened,3,TE00,S,,TM60,0.0927278591975043,35,234.6880583160791,,1.979599582238171,1.979599582238171,,0.001141966497055,3366577.504480127,0.0090327635259816,,,,,,,,,,,,0.001141966497055,0.0090327635259816,TM60,,,,TM60,,,,,,,,,
873267229ce9,ridge,"{""sidewall_angle"": 5.0, ""substrate_height"": 1000.0, ""topclad_height"": 800.0, ""substrate_material"": ""Al2O3"", ""topclad_material"": ""SiO2"", ""core_eq_o"": ""(1+2.8032/(1-0.015287/x**2)+0.36335/(1-0.036095/x**2)-33508000/(1+367200000/x**2))**0.5"", ""core_eq_e"": ""(1+0.017061/(1-0.043855/x**2)+3.1976/(1-0.022642/x**2)-57269000/(1-74226000/x**2))**0.5"", ""core_chi2"": ""AlN"", ""h_core"": 300.0, ""w_core"": 500.0}",screened,3,TE00,S,,TM61,0.0745135752429644,30,226.22289866090028,,1.9926160475658032,1.9926160475658032,,0.0010873091322929,3731289.895076948,0.0085046429549048,,,,,,,,,,,,0.0010873091322929,0.0085046429549048,TM61,,,,TM61,,,,,,,,,
873267229ce9,ridge,"{""sidewall_angle"": 5.0, ""substrate_height"": 1000.0, ""topclad_height"": 800.0, ""substrate_material"": ""Al2O3"", ""topclad_material"": ""SiO2"", ""core_eq_o"": ""(1+2.8032/(1-0.015287/x**2)+0.36335/(1-0.036095/x**2)-33508000/(1+367200000/x**2))**0.5"", ""core_eq_e"": ""(1+0.017061/(1-0.043855/x**2)+3.1976/(1-0.022642/x**2)-57269000/(1-74226000/x**2))**0.5"", ""core_chi2"": ""AlN"", ""h_core"": 300.0, ""w_core"": 500.0}",screened,3,TE00,S,,TM42,0.277388059006365,37,236.42517532941417,,1.97703250383404,1.97703250383404,,0.0004932223540421,7710533.074970925,0.0060763883463874,,,,,,,,,,,,0.0004932223540421,0.0060763883463874,TM42,,,,TM42,,,,,,,,,
873267229ce9,ridge,"{""sidewall_angle"": 5.0, ""substrate_height"": 1000.0, ""topclad_height"": 800.0, ""substrate_material"": ""Al2O3"", ""topclad_material"": ""SiO2"", ""core_eq_o"": ""(1+2.8032/(1-0.015287/x**2)+0.36335/(1-0.036095/x**2)-33508000/(1+367200000/x**2))**0.5"", ""core_eq_e"": ""(1+0.017061/(1-0.043855/x**2)+3.1976/(1-0.022642/x**2)-57269000/(1-74226000/x**2))**0.5"", ""core_chi2"": ""AlN"", ""h_core"": 300.0, ""w_core"": 500.0}",screened,3,TE00,S,,TM62,0.2717108599263681,4,217.40482656664025,,2.006830440719845,2.006830440719845,,0.0002487598187157,17286433.08088175,0.0038449720268331,,,,,,,,,,,,0.0002487598187157,0.0038449720268331,TM62,,,,TM62,,,,,,,,,
873267229ce9,ridge,"{""sidewall_angle"": 5.0, ""substrate_height"": 1000.0, ""topclad_height"": 800.0, ""substrate_material"": ""Al2O3"", ""topclad_material"": ""SiO2"", ""core_eq_o"": ""(1+2.8032/(1-0.015287/x**2)+0.36335/(1-0.036095/x**2)-33508000/(1+367200000/x**2))**0.5"", ""core_eq_e"": ""(1+0.017061/(1-0.043855/x**2)+3.1976/(1-0.022642/x**2)-57269000/(1-74226000/x**2))**0.5"", ""core_chi2"": ""AlN"", ""h_core"": 300.0, ""w_core"": 500.0}",screened,1,TM10,S,,TE13,0.6001322528882966,47,242.49076424091191,,1.896773829647236,1.896773829647236,,0.0001978636002496,20689646.2772626,9.137201079243372e-05,,,,,,,,,,,,0.0001978636002496,9.137201079243372e-05,TE13,,,,TE13,,,,,,,,,
873267229ce9,ridge,"{""sidewall_angle"": 5.0, ""substrate_height"": 1000.0, ""topclad_height"": 800.0, ""substrate_material"": ""Al2O3"", ""topclad_material"": ""SiO2"", ""core_eq_o"": ""(1+2.8032/(1-0.015287/x**2)+0.36335/(1-0.036095/x**2)-33508000/(1+367200000/x**2))**0.5"", ""core_eq_e"": ""(1+0.017061/(1-0.043855/x**2)+3.1976/(1-0.022642/x**2)-57269000/(1-74226000/x**2))**0.5"", ""core_chi2"": ""AlN"", ""h_core"": 300.0, ""w_core"": 500.0}",screened,3,TE00,S,,TM03,0.0072275870440077,39,245.3768038558584,,1.96384170628888,1.96384170628888,,0.0001615657380822,22295658.708692312,0.0039268078748856,,,,,,,,,,,,0.0001615657380822,0.0039268078748856,TM03,,,,TM03,,,,,,,,,
873267229ce9,ridge,"{""sidewall_angle"": 5.0, ""substrate_height"": 1000.0, ""topclad_height"": 800.0, ""substrate_material"": ""Al2O3"", ""topclad_material"": ""SiO2"", ""core_eq_o"": ""(1+2.8032/(1-0.015287/x**2)+0.36335/(1-0.036095/x**2)-33508000/(1+367200000/x**2))**0.5"", ""core_eq_e"": ""(1+0.017061/(1-0.043855/x**2)+3.1976/(1-0.022642/x**2)-57269000/(1-74226000/x**2))**0.5"", ""core_chi2"": ""AlN"", ""h_core"": 300.0, ""w_core"": 500.0}",screened,3,TE00,S,,TE32,0.8920392270492734,38,237.470976765872,,1.9754870384094707,1.9754870384094707,,0.0001211449243538,31189410.778061844,0.0030293737689224,,,,,,,,,,,,0.0001211449243538,0.0030293737689224,TE32,,,,TE32,,,,,,,,,
873267229ce9,ridge,"{""sidewall_angle"": 5.0, ""substrate_height"": 1000.0, ""topclad_height"": 800.0, ""substrate_material"": ""Al2O3"", ""topclad_material"": ""SiO2"", ""core_eq_o"": ""(1+2.8032/(1-0.015287/x**2)+0.36335/(1-0.036095/x**2)-33508000/(1+367200000/x**2))**0.5"", ""core_eq_e"": ""(1+0.017061/(1-0.043855/x**2)+3.1976/(1-0.022642/x**2)-57269000/(1-74226000/x**2))**0.5"", ""core_chi2"": ""AlN"", ""h_core"": 300.0, ""w_core"": 500.0}",screened,3,TE00,S,,TE31,0.9068710906457164,44,259.3997036680892,,1.9445237545070675,1.9445237545070675,,0.0001000343822943,33191587.11079496,0.0030882240081225,,,,,,,,,,,,0.0001000343822943,0.0030882240081225,TE31,,,,TE31,,,,,,,,,
873267229ce9,ridge,"{""sidewall_angle"": 5.0, ""substrate_height"": 1000.0, ""topclad_height"": 800.0, ""substrate_material"": ""Al2O3"", ""topclad_material"": ""SiO2"", ""core_eq_o"": ""(1+2.8032/(1-0.015287/x**2)+0.36335/(1-0.036095/x**2)-33508000/(1+367200000/x**2))**0.5"", ""core_eq_e"": ""(1+0.017061/(1-0.043855/x**2)+3.1976/(1-0.022642/x**2)-57269000/(1-74226000/x**2))**0.5"", ""core_chi2"": ""AlN"", ""h_core"": 300.0, ""w_core"": 500.0}",screened,3,TE00,S,,TM43,0.1354381086984903,3,220.4702956267533,,2.001889022464673,2.001889022464673,,6.971590494271059e-05,60423237.59421712,0.0021007900799663,,,,,,,,,,,,6.971590494271059e-05,0.0021007900799663,TM43,,,,TM43,,,,,,,,,
873267229ce9,ridge,"{""sidewall_angle"": 5.0, ""substrate_height"": 1000.0, ""topclad_height"": 800.0, ""substrate_material"": ""Al2O3"", ""topclad_material"": ""SiO2"", ""core_eq_o"": ""(1+2.8032/(1-0.015287/x**2)+0.36335/(1-0.036095/x**2)-33508000/(1+367200000/x**2))**0.5"", ""core_eq_e"": ""(1+0.017061/(1-0.043855/x**2)+3.1976/(1-0.022642/x**2)-57269000/(1-74226000/x**2))**0.5"", ""core_chi2"": ""AlN"", ""h_core"": 300.0, ""w_core"": 500.0}",screened,3,TE00,S,,TE13,0.8741688876086999,36,234.2004589218707,,1.9803201473268384,1.9803201473268384,,5.0937235544246085e-05,75707508.07937226,0.0019574989914398,,,,,,,,,,,,5.0937235544246085e-05,0.0019574989914398,TE13,,,,TE13,,,,,,,,,
873267229ce9,ridge,"{""sidewall_angle"": 5.0, ""substrate_height"": 1000.0, ""topclad_height"": 800.0, ""substrate_material"": ""Al2O3"", ""topclad_material"": ""SiO2"", ""core_eq_o"": ""(1+2.8032/(1-0.015287/x**2)+0.36335/(1-0.036095/x**2)-33508000/(1+367200000/x**2))**0.5"", ""core_eq_e"": ""(1+0.017061/(1-0.043855/x**2)+3.1976/(1-0.022642/x**2)-57269000/(1-74226000/x**2))**0.5"", ""core_chi2"": ""AlN"", ""h_core"": 300.0, ""w_core"": 500.0}",screened,3,TE00,S,,TE14,0.9446388979116808,6,216.8740011699483,,2.007686110848653,2.007686110848653,,4.146902670146702e-05,104071006.34865426,0.0016196630471719,,,,,,,,,,,,4.146902670146702e-05,0.0016196630471719,TE14,,,,TE14,,,,,,,,,
873267229ce9,ridge,"{""sidewall_angle"": 5.0, ""substrate_height"": 1000.0, ""topclad_height"": 800.0, ""substrate_material"": ""Al2O3"", ""topclad_material"": ""SiO2"", ""core_eq_o"": ""(1+2.8032/(1-0.015287/x**2)+0.36335/(1-0.036095/x**2)-33508000/(1+367200000/x**2))**0.5"", ""core_eq_e"": ""(1+0.017061/(1-0.043855/x**2)+3.1976/(1-0.022642/x**2)-57269000/(1-74226000/x**2))**0.5"", ""core_chi2"": ""AlN"", ""h_core"": 300.0, ""w_core"": 500.0}",screened,3,TE00,S,,TM23,0.1482361198562325,32,233.15846414609985,,1.9818599873408185,1.9818599873408185,,2.3807464687114503e-05,163050297.19800854,0.0013404045125573,,,,,,,,,,,,2.3807464687114503e-05,0.0013404045125573,TM23,,,,TM23,,,,,,,,,
873267229ce9,ridge,"{""sidewall_angle"": 5.0, ""substrate_height"": 1000.0, ""topclad_height"": 800.0, ""substrate_material"": ""Al2O3"", ""topclad_material"": ""SiO2"", ""core_eq_o"": ""(1+2.8032/(1-0.015287/x**2)+0.36335/(1-0.036095/x**2)-33508000/(1+367200000/x**2))**0.5"", ""core_eq_e"": ""(1+0.017061/(1-0.043855/x**2)+3.1976/(1-0.022642/x**2)-57269000/(1-74226000/x**2))**0.5"", ""core_chi2"": ""AlN"", ""h_core"": 300.0, ""w_core"": 500.0}",screened,3,TE00,S,,TE12,0.9879976847755226,47,270.3292726424796,,1.930270804527096,1.930270804527096,,1.8501679268510724e-05,168928917.1841059,0.0014569863048742,,,,,,,,,,,,1.8501679268510724e-05,0.0014569863048742,TE12,,,,TE12,,,,,,,,,
873267229ce9,ridge,"{""sidewall_angle"": 5.0, ""substrate_height"": 1000.0, ""topclad_height"": 800.0, ""substrate_material"": ""Al2O3"", ""topclad_material"": ""SiO2"", ""core_eq_o"": ""(1+2.8032/(1-0.015287/x**2)+0.36335/(1-0.036095/x**2)-33508000/(1+367200000/x**2))**0.5"", ""core_eq_e"": ""(1+0.017061/(1-0.043855/x**2)+3.1976/(1-0.022642/x**2)-57269000/(1-74226000/x**2))**0.5"", ""core_chi2"": ""AlN"", ""h_core"": 300.0, ""w_core"": 500.0}",screened,3,TE00,S,,TE51,0.949855450414026,0,224.9368644694757,,1.99468908523334,1.99468908523334,,7.196909311548661e-06,568411801.4931031,0.0006927536218275,,,,,,,,,,,,7.196909311548661e-06,0.0006927536218275,TE51,,,,TE51,,,,,,,,,
873267229ce9,ridge,"{""sidewall_angle"": 5.0, ""substrate_height"": 1000.0, ""topclad_height"": 800.0, ""substrate_material"": ""Al2O3"", ""topclad_material"": ""SiO2"", ""core_eq_o"": ""(1+2.8032/(1-0.015287/x**2)+0.36335/(1-0.036095/x**2)-33508000/(1+367200000/x**2))**0.5"", ""core_eq_e"": ""(1+0.017061/(1-0.043855/x**2)+3.1976/(1-0.022642/x**2)-57269000/(1-74226000/x**2))**0.5"", ""core_chi2"": ""AlN"", ""h_core"": 300.0, ""w_core"": 500.0}",screened,0,TM00,A,,TE32,0.7499434007262792,37,230.7110107014876,,2.045011117857581,2.045011117857581,,4.733426011637158e-06,762354147.3673991,1.3234181349822482e-05,,,,,,,,,,,,4.733426011637158e-06,1.3234181349822482e-05,TE32,,,,TE32,,,,,,,,,
873267229ce9,ridge,"{""sidewall_angle"": 5.0, ""substrate_height"": 1000.0, ""topclad_height"": 800.0, ""substrate_material"": ""Al2O3"", ""topclad_material"": ""SiO2"", ""core_eq_o"": ""(1+2.8032/(1-0.015287/x**2)+0.36335/(1-0.036095/x**2)-33508000/(1+367200000/x**2))**0.5"", ""core_eq_e"": ""(1+0.017061/(1-0.043855/x**2)+3.1976/(1-0.022642/x**2)-57269000/(1-74226000/x**2))**0.5"", ""core_chi2"": ""AlN"", ""h_core"": 300.0, ""w_core"": 500.0}",screened,3,TE00,S,,TE50,0.9256632481939494,33,232.7080711854105,,1.982525569471373,1.982525569471373,,4.526904918589985e-06,859954287.9816355,0.0005676911083531,,,,,,,,,,,,4.526904918589985e-06,0.0005676911083531,TE50,,,,TE50,,,,,,,,,
873267229ce9,ridge,"{""sidewall_angle"": 5.0, ""substrate_height"": 1000.0, ""topclad_height"": 800.0, ""substrate_material"": ""Al2O3"", ""topclad_material"": ""SiO2"", ""core_eq_o"": ""(1+2.8032/(1-0.015287/x**2)+0.36335/(1-0.036095/x**2)-33508000/(1+367200000/x**2))**0.5"", ""core_eq_e"": ""(1+0.017061/(1-0.043855/x**2)+3.1976/(1-0.022642/x**2)-57269000/(1-74226000/x**2))**0.5"", ""core_chi2"": ""AlN"", ""h_core"": 300.0, ""w_core"": 500.0}",screened,3,TE00,S,,TM04,0.1396940526284375,1,221.59982768658892,,2.0000682602156266,2.0000682602156266,,3.433920855371691e-06,1217565832.1665108,0.0004958545796501,,,,,,,,,,,,3.433920855371691e-06,0.0004958545796501,TM04,,,,TM04,,,,,,,,,
873267229ce9,ridge,"{""sidewall_angle"": 5.0, ""substrate_height"": 1000.0, ""topclad_height"": 800.0, ""substrate_material"": ""Al2O3"", ""topclad_material"": ""SiO2"", ""core_eq_o"": ""(1+2.8032/(1-0.015287/x**2)+0.36335/(1-0.036095/x**2)-33508000/(1+367200000/x**2))**0.5"", ""core_eq_e"": ""(1+0.017061/(1-0.043855/x**2)+3.1976/(1-0.022642/x**2)-57269000/(1-74226000/x**2))**0.5"", ""core_chi2"": ""AlN"", ""h_core"": 300.0, ""w_core"": 500.0}",screened,3,TE00,S,,TE52,0.8656730635089603,5,216.7802786604977,,2.007837187930181,2.007837187930181,,1.2662604596254505e-06,3410420708.938511,0.0002751139495542,,,,,,,,,,,,1.2662604596254505e-06,0.0002751139495542,TE52,,,,TE52,,,,,,,,,
873267229ce9,ridge,"{""sidewall_angle"": 5.0, ""substrate_height"": 1000.0, ""topclad_height"": 800.0, ""substrate_material"": ""Al2O3"", ""topclad_material"": ""SiO2"", ""core_eq_o"": ""(1+2.8032/(1-0.015287/x**2)+0.36335/(1-0.036095/x**2)-33508000/(1+367200000/x**2))**0.5"", ""core_eq_e"": ""(1+0.017061/(1-0.043855/x**2)+3.1976/(1-0.022642/x**2)-57269000/(1-74226000/x**2))**0.5"", ""core_chi2"": ""AlN"", ""h_core"": 300.0, ""w_core"": 500.0}",screened,3,TE00,S,,TM24,0.156216728134405,7,216.43792125169625,,2.0083890549092542,2.0083890549092542,,2.4610640589535534e-07,17588259307.260426,0.0001252844633464,,,,,,,,,,,,2.4610640589535534e-07,0.0001252844633464,TM24,,,,TM24,,,,,,,,,
873267229ce9,ridge,"{""sidewall_angle"": 5.0, ""substrate_height"": 1000.0, ""topclad_height"": 800.0, ""substrate_material"": ""Al2O3"", ""topclad_material"": ""SiO2"", ""core_eq_o"": ""(1+2.8032/(1-0.015287/x**2)+0.36335/(1-0.036095/x**2)-33508000/(1+367200000/x**2))**0.5"", ""core_eq_e"": ""(1+0.017061/(1-0.043855/x**2)+3.1976/(1-0.022642/x**2)-57269000/(1-74226000/x**2))**0.5"", ""core_chi2"": ""AlN"", ""h_core"": 300.0, ""w_core"": 500.0}",screened,3,TE00,S,,TE33,0.8444968537485052,2,221.0656178418356,,2.0009293859445743,2.0009293859445743,,7.454851118481883e-08,56283274684.9986,6.923629938184328e-05,,,,,,,,,,,,7.454851118481883e-08,6.923629938184328e-05,TE33,,,,TE33,,,,,,,,,
9c232fee5f27,ridge,"{""sidewall_angle"": 5.0, ""substrate_height"": 1000.0, ""topclad_height"": 800.0, ""substrate_material"": ""Al2O3"", ""topclad_material"": ""SiO2"", ""core_eq_o"": ""(1+2.8032/(1-0.015287/x**2)+0.36335/(1-0.036095/x**2)-33508000/(1+367200000/x**2))**0.5"", ""core_eq_e"": ""(1+0.017061/(1-0.043855/x**2)+3.1976/(1-0.022642/x**2)-57269000/(1-74226000/x**2))**0.5"", ""core_chi2"": ""AlN"", ""h_core"": 350.0, ""w_core"": 500.0}",refined,1,TM10,S,0.0114684419325006,TM60,0.0732881294196092,46,239.1592639919226,239.1834007468321,1.9252870652396448,1.9255290717514413,-0.000242006511796,15.770944313290055,255.14252149792483,0.0249049488280386,4.112655076348511e-27,0.1380589790158266,0.0910974280767647,1898.854719739972,1275.348662054418,44051.78084236057,0.0,0.45099775,0.1422908903708777,0.0031930953852512,False,13.071147397971629,0.0228858833583824,TM60,runs\wide_window\exports\9c232fee5f27_x00.npz,0.9998135744326268,0.9999753099889048,TM60,0.002277858386488677,15.892545968645654,1.0038479023943723,1.0638178539892857e-05,-0.0008213056587278808,0.00014446637094158433,-0.0030265967356447733,0.8986644744873047,0.9191493988037109
9c232fee5f27,ridge,"{""sidewall_angle"": 5.0, ""substrate_height"": 1000.0, ""topclad_height"": 800.0, ""substrate_material"": ""Al2O3"", ""topclad_material"": ""SiO2"", ""core_eq_o"": ""(1+2.8032/(1-0.015287/x**2)+0.36335/(1-0.036095/x**2)-33508000/(1+367200000/x**2))**0.5"", ""core_eq_e"": ""(1+0.017061/(1-0.043855/x**2)+3.1976/(1-0.022642/x**2)-57269000/(1-74226000/x**2))**0.5"", ""core_chi2"": ""AlN"", ""h_core"": 350.0, ""w_core"": 500.0}",refined,0,TM00,A,0.0018339627060866,TM22,0.1304254656688773,51,263.2739398416634,263.2962462048514,2.026374753033441,2.0264990173897544,-0.0001242643563128,5.264171528131731,541.0337004736323,0.0171733436845071,1.6442984951694335e-05,0.1399905345474766,0.1212856543346905,390.0191891874639,1250.9562864183265,7116.224622205632,0.0,1.75099125,0.629309241840526,0.0208477049180899,False,5.460017662475658,0.017406352252257,TM22,runs\wide_window\exports\9c232fee5f27_x01.npz,0.9999755934023712,0.999589227540328,TM22,0.0014487170772450922,5.120400015616027,0.9862498004437515,0.00014574409514311854,0.005261753121184907,0.00037930315790700024,0.008488446435063537,0.9328925013542175,0.9276711940765381
9c232fee5f27,ridge,"{""sidewall_angle"": 5.0, ""substrate_height"": 1000.0, ""topclad_height"": 800.0, ""substrate_material"": ""Al2O3"", ""topclad_material"": ""SiO2"", ""core_eq_o"": ""(1+2.8032/(1-0.015287/x**2)+0.36335/(1-0.036095/x**2)-33508000/(1+367200000/x**2))**0.5"", ""core_eq_e"": ""(1+0.017061/(1-0.043855/x**2)+3.1976/(1-0.022642/x**2)-57269000/(1-74226000/x**2))**0.5"", ""core_chi2"": ""AlN"", ""h_core"": 350.0, ""w_core"": 500.0}",refined,0,TM00,A,0.0011223648590091,TM04,0.0057830318496588,33,227.845184215966,227.85921653363883,2.0703956249087585,2.070567804033039,-0.0001721791242803,4.763152470803273,748.4894680830001,0.0139550833989336,0.0079360096219117,0.1235792536007435,0.1375089666504479,434.0957724420992,1145.1891737729145,1181.1961587883798,0.0,4.3209784,1.5281013081347858,0.1112240688813652,False,4.599115297307759,0.0137512936480947,TM04,runs\wide_window\exports\9c232fee5f27_x02.npz,0.9999891845090092,0.9999954520793974,TM04,0.0011926082632488664,4.130107605630638,0.9311795145230592,0.002477813143069581,0.022807989576747498,0.010084308521426633,0.04601249590019329,0.9568639993667603,0.8926101922988892
9c232fee5f27,ridge,"{""sidewall_angle"": 5.0, ""substrate_height"": 1000.0, ""topclad_height"": 800.0, ""substrate_material"": ""Al2O3"", ""topclad_material"": ""SiO2"", ""core_eq_o"": ""(1+2.8032/(1-0.015287/x**2)+0.36335/(1-0.036095/x**2)-33508000/(1+367200000/x**2))**0.5"", ""core_eq_e"": ""(1+0.017061/(1-0.043855/x**2)+3.1976/(1-0.022642/x**2)-57269000/(1-74226000/x**2))**0.5"", ""core_chi2"": ""AlN"", ""h_core"": 350.0, ""w_core"": 500.0}",refined,1,TM10,S,0.0116895694180991,TM04,0.0087767450130424,47,240.43031722447373,240.45493594480672,1.922476138523076,1.9226667005998608,-0.0001905620767854,4.754374748680006,841.1205307311131,0.0151908548028665,3.200492475094677e-28,0.1388757844599125,0.1531992333853903,1891.8698982624503,1279.2438969997154,1346.4587813820658,0.0,2.6909865500000003,0.9019286752780532,0.0386756659277118,False,4.358932135861934,0.0146068550899308,TM04,runs\wide_window\exports\9c232fee5f27_x03.npz,0.9998854992785268,0.9999189150818968,TM04,0.0012573224367292218,4.310609788649098,0.9521877928038889,0.000539306709368745,0.010650528667696654,0.006565746881490906,0.03716167852841432,0.896858274936676,0.7707908749580383
9c232fee5f27,ridge,"{""sidewall_angle"": 5.0, ""substrate_height"": 1000.0, ""topclad_height"": 800.0, ""substrate_material"": ""Al2O3"", ""topclad_material"": ""SiO2"", ""core_eq_o"": ""(1+2.8032/(1-0.015287/x**2)+0.36335/(1-0.036095/x**2)-33508000/(1+367200000/x**2))**0.5"", ""core_eq_e"": ""(1+0.017061/(1-0.043855/x**2)+3.1976/(1-0.022642/x**2)-57269000/(1-74226000/x**2))**0.5"", ""core_chi2"": ""AlN"", ""h_core"": 350.0, ""w_core"": 500.0}",refined,1,TM10,S,0.0079719035918069,TM80,0.0419192046762045,4,215.7435371801001,215.73265274771288,1.9802080552811447,1.9798929537596155,0.0003151015215301,3.246546124208499,1400.2175005389756,0.0099938679669544,5.4275547032599566e-31,0.1244716372185861,0.0786150451485138,2001.7058560449525,1195.3680064792725,75093.9912879023,0.0,0.31099845,0.0919679513832845,0.0002745962502439,False,3.2590353429255794,0.0100163398635664,TM80,runs\wide_window\exports\9c232fee5f27_x04.npz,0.9999972856378824,0.9895901574305762,TM80,0.0009323077739485181,3.2544907805088323,1.001222733996271,6.237837331587116e-07,-0.00043833505310771905,1.997540718320708e-06,-0.0007843989431633428,0.928378701210022,0.9218975901603699
9c232fee5f27,ridge,"{""sidewall_angle"": 5.0, ""substrate_height"": 1000.0, ""topclad_height"": 800.0, ""substrate_material"": ""Al2O3"", ""topclad_material"": ""SiO2"", ""core_eq_o"": ""(1+2.8032/(1-0.015287/x**2)+0.36335/(1-0.036095/x**2)-33508000/(1+367200000/x**2))**0.5"", ""core_eq_e"": ""(1+0.017061/(1-0.043855/x**2)+3.1976/(1-0.022642/x**2)-57269000/(1-74226000/x**2))**0.5"", ""core_chi2"": ""AlN"", ""h_core"": 350.0, ""w_core"": 500.0}",refined,1,TM10,S,0.0131821235705647,TM42,0.0800944658874756,54,248.60433918792427,248.6221609591779,1.904737158155272,1.904882142495876,-0.0001449843406042,2.4768114910710337,1552.7711093397004,0.0104573900986961,1.3877895892900095e-26,0.1443545549896725,0.1286582638108381,1845.1849192351024,1303.102645782655,19493.10271562246,0.0,0.7409963,0.2598735124316609,0.0016726958777454,False,2.794949771485318,0.0110390261111986,TM42,runs\wide_window\exports\9c232fee5f27_x05.npz,0.9999271443784096,0.9999831795052097,TM42,0.0009383522395767269,2.3571486293345245,0.9755442731348966,0.0001637791894392476,0.00813172828513884,0.0006600032844992562,0.01632399857996452,0.8847224712371826,0.9051008224487305
9c232fee5f27,ridge,"{""sidewall_angle"": 5.0, ""substrate_height"": 1000.0, ""topclad_height"": 800.0, ""substrate_material"": ""Al2O3"", ""topclad_material"": ""SiO2"", ""core_eq_o"": ""(1+2.8032/(1-0.015287/x**2)+0.36335/(1-0.036095/x**2)-33508000/(1+367200000/x**2))**0.5"", ""core_eq_e"": ""(1+0.017061/(1-0.043855/x**2)+3.1976/(1-0.022642/x**2)-57269000/(1-74226000/x**2))**0.5"", ""core_chi2"": ""AlN"", ""h_core"": 350.0, ""w_core"": 500.0}",refined,1,TM10,S,0.0097824884510745,TM24,0.139453611477944,34,228.8098609314384,228.8162777034936,1.948768997047284,1.9488493839806391,-8.038693335543634e-05,2.04466980705422,2073.4060721640367,0.0087304844031702,4.456456495560983e-28,0.1317287631924642,0.1381567978424848,1951.650661257247,1241.8799357399164,10788.488558179482,0.0,1.03099485,0.3762589068173463,0.0028946546867402,False,2.016952881353957,0.0086849917683919,TM24,runs\wide_window\exports\9c232fee5f27_x06.npz,0.9999926944157054,0.999971714741186,TM24,0.0007846882885384753,1.7969721624098474,0.9374733510248647,0.0008914746110085353,0.020880589045064596,0.0035462661492404847,0.0416460599300707,0.9126071333885193,0.8850095868110657
9c232fee5f27,ridge,"{""sidewall_angle"": 5.0, ""substrate_height"": 1000.0, ""topclad_height"": 800.0, ""substrate_material"": ""Al2O3"", ""topclad_material"": ""SiO2"", ""core_eq_o"": ""(1+2.8032/(1-0.015287/x**2)+0.36335/(1-0.036095/x**2)-33508000/(1+367200000/x**2))**0.5"", ""core_eq_e"": ""(1+0.017061/(1-0.043855/x**2)+3.1976/(1-0.022642/x**2)-57269000/(1-74226000/x**2))**0.5"", ""core_chi2"": ""AlN"", ""h_core"": 350.0, ""w_core"": 500.0}",refined,0,TM00,A,0.0018638933008725,TE12,0.7447135644381689,55,264.5390778919597,264.5703106315901,2.024996306522344,2.025137213407576,-0.0001409068852322,1.450732756394918,1948.435398520411,0.0090109219833849,0.0005407309430646,0.1406248213277849,0.1191751447789721,388.33984741221934,1254.307726752986,8408.870274118954,0.0,1.59099205,0.5654019143355946,0.0046376926793433,False,1.3599868779683786,0.0086567082579205,TE12?,runs\wide_window\exports\9c232fee5f27_x07.npz,0.9999530739493576,0.9959646319487436,TE12,0.0007641775093549768,1.471996223463478,1.0073018270811809,2.8454295495111457e-10,1.4004905814203974e-05,7.764525105224278e-05,-0.007315831986995125,0.9319385886192322,0.9368019104003906
9c232fee5f27,ridge,"{""sidewall_angle"": 5.0, ""substrate_height"": 1000.0, ""topclad_height"": 800.0, ""substrate_material"": ""Al2O3"", ""topclad_material"": ""SiO2"", ""core_eq_o"": ""(1+2.8032/(1-0.015287/x**2)+0.36335/(1-0.036095/x**2)-33508000/(1+367200000/x**2))**0.5"", ""core_eq_e"": ""(1+0.017061/(1-0.043855/x**2)+3.1976/(1-0.022642/x**2)-57269000/(1-74226000/x**2))**0.5"", ""core_chi2"": ""AlN"", ""h_core"": 350.0, ""w_core"": 500.0}",refined,1,TM10,S,0.0183497239077657,TM41,0.0629032019121639,65,273.0606864510528,273.07517254641294,1.8546106934337896,1.8546866680736007,-7.597463981179331e-05,1.2690090936398777,2721.428103323092,0.0085440241588274,3.6224410547376833e-22,0.1635726388590156,0.1195272846769253,1690.7612220476967,1360.4359458830995,21636.61921657816,0.0,0.71099645,0.24416501778358,0.0007565395158033,False,1.1761724507622775,0.0082617495678337,TM41,runs\wide_window\exports\9c232fee5f27_x08.npz,0.9999738887639804,0.9999994436748632,TM41,0.0007377382375296548,1.1664899925162204,0.9587559730272018,0.00017500548124112277,0.011743387713650933,0.0011044033261843591,0.02950063925914737,0.8423842787742615,0.896434485912323
9c232fee5f27,ridge,"{""sidewall_angle"": 5.0, ""substrate_height"": 1000.0, ""topclad_height"": 800.0, ""substrate_material"": ""Al2O3"", ""topclad_material"": ""SiO2"", ""core_eq_o"": ""(1+2.8032/(1-0.015287/x**2)+0.36335/(1-0.036095/x**2)-33508000/(1+367200000/x**2))**0.5"", ""core_eq_e"": ""(1+0.017061/(1-0.043855/x**2)+3.1976/(1-0.022642/x**2)-57269000/(1-74226000/x**2))**0.5"", ""core_chi2"": ""AlN"", ""h_core"": 350.0, ""w_core"": 500.0}",refined,0,TM00,A,0.0011307744318539,TM60,0.0222248679304431,34,228.34421728755447,228.3538839156931,2.069684597137962,2.06980976815252,-0.0001251710145582,1.0130008218471716,3507.740228203853,0.0062165328406056,0.0015538099749139,0.1237971377358875,0.0832966458560615,433.6200857449418,1146.8311101367528,33837.7546041705,0.0,0.6709966500000001,0.2010597363045756,0.0004095057601436,False,0.946149100796844,0.0060255584105694,TM60,runs\wide_window\exports\9c232fee5f27_x09.npz,0.9999935923998968,0.999991099489898,TM60,0.0005511953554945272,0.9998917849631948,0.9935086636409075,4.294384108656678e-06,0.0020589490602067276,1.9901466801605448e-05,0.004432387298885878,0.9565619826316833,0.9418652653694153
9c232fee5f27,ridge,"{""sidewall_angle"": 5.0, ""substrate_height"": 1000.0, ""topclad_height"": 800.0, ""substrate_material"": ""Al2O3"", ""topclad_material"": ""SiO2"", ""core_eq_o"": ""(1+2.8032/(1-0.015287/x**2)+0.36335/(1-0.036095/x**2)-33508000/(1+367200000/x**2))**0.5"", ""core_eq_e"": ""(1+0.017061/(1-0.043855/x**2)+3.1976/(1-0.022642/x**2)-57269000/(1-74226000/x**2))**0.5"", ""core_chi2"": ""AlN"", ""h_core"": 350.0, ""w_core"": 500.0}",refined,1,TM10,S,0.0100738495791916,TM61,0.1766535713220105,35,230.69410354206423,230.695926885892,1.944409864233512,1.9444326165718453,-2.2752338333376088e-05,0.849874757639145,4940.371145451485,0.0055348986944551,1.9688615003868018e-29,0.132840609614572,0.1123489281409904,1942.695813619827,1248.202873618584,37085.61600469358,0.0,0.5009975000000001,0.1624612659513445,0.0002243130788967,False,0.882148526616862,0.005630247724582,TM61,runs\wide_window\exports\9c232fee5f27_x10.npz,0.9999975035840576,0.9995268661820382,TM61,0.0005100641460384324,0.8332162391703514,0.9901505898162766,3.289405189501572e-05,0.006221298999540218,1.118707114175586e-05,0.0036281111841830168,0.910167396068573,0.9165686964988708
9c232fee5f27,ridge,"{""sidewall_angle"": 5.0, ""substrate_height"": 1000.0, ""topclad_height"": 800.0, ""substrate_material"": ""Al2O3"", ""topclad_material"": ""SiO2"", ""core_eq_o"": ""(1+2.8032/(1-0.015287/x**2)+0.36335/(1-0.036095/x**2)-33508000/(1+367200000/x**2))**0.5"", ""core_eq_e"": ""(1+0.017061/(1-0.043855/x**2)+3.1976/(1-0.022642/x**2)-57269000/(1-74226000/x**2))**0.5"", ""core_chi2"": ""AlN"", ""h_core"": 350.0, ""w_core"": 500.0}",refined,0,TM00,A,0.0018427935682848,TM40,0.4458674735485451,52,263.648631606655,263.67828977161804,2.0259653911688065,2.026116421652424,-0.0001510304836176,0.6040087641429086,4704.714779966507,0.0057692711414818,0.0013266067635858,0.1401780218276052,0.1321320678681571,389.522287698477,1251.9520374253364,15827.732789033184,0.0,1.09099455,0.3635923069304087,0.0007984957547215,False,0.8034198569135413,0.0066168520657091,TM40,runs\wide_window\exports\9c232fee5f27_x11.npz,0.9999696844162572,0.9985049465871596,TM40,0.0004914255459830402,0.611294977280593,1.0060137036619556,3.977533775917279e-05,-0.008114942016370866,2.6668198138275506e-06,0.0021012383544150664,0.932610809803009,0.9500026106834412
9c232fee5f27,ridge,"{""sidewall_angle"": 5.0, ""substrate_height"": 1000.0, ""topclad_height"": 800.0, ""substrate_material"": ""Al2O3"", ""topclad_material"": ""SiO2"", ""core_eq_o"": ""(1+2.8032/(1-0.015287/x**2)+0.36335/(1-0.036095/x**2)-33508000/(1+367200000/x**2))**0.5"", ""core_eq_e"": ""(1+0.017061/(1-0.043855/x**2)+3.1976/(1-0.022642/x**2)-57269000/(1-74226000/x**2))**0.5"", ""core_chi2"": ""AlN"", ""h_core"": 350.0, ""w_core"": 500.0}",screened,1,TM10,S,,TE50,0.9189204237993724,43,237.7765619776983,,1.9286321918127425,1.9286321918127425,,0.557666256367034,7262.653696180386,0.0047447967826837,,,,,,,,,,,,0.557666256367034,0.0047447967826837,TE50,,,,TE50,,,,,,,,,
9c232fee5f27,ridge,"{""sidewall_angle"": 5.0, ""substrate_height"": 1000.0, ""topclad_height"": 800.0, ""substrate_material"": ""Al2O3"", ""topclad_material"": ""SiO2"", ""core_eq_o"": ""(1+2.8032/(1-0.015287/x**2)+0.36335/(1-0.036095/x**2)-33508000/(1+367200000/x**2))**0.5"", ""core_eq_e"": ""(1+0.017061/(1-0.043855/x**2)+3.1976/(1-0.022642/x**2)-57269000/(1-74226000/x**2))**0.5"", ""core_chi2"": ""AlN"", ""h_core"": 350.0, ""w_core"": 500.0}",screened,1,TM10,S,,TE51?,0.894761257650941,33,229.47236854274084,,1.9472793818612528,1.9472793818612528,,0.2859796160720373,14773.22635835442,0.0032176966609868,,,,,,,,,,,,0.2859796160720373,0.0032176966609868,TE51?,,,,TE51?,,,,,,,,,
9c232fee5f27,ridge,"{""sidewall_angle"": 5.0, ""substrate_height"": 1000.0, ""topclad_height"": 800.0, ""substrate_material"": ""Al2O3"", ""topclad_material"": ""SiO2"", ""core_eq_o"": ""(1+2.8032/(1-0.015287/x**2)+0.36335/(1-0.036095/x**2)-33508000/(1+367200000/x**2))**0.5"", ""core_eq_e"": ""(1+0.017061/(1-0.043855/x**2)+3.1976/(1-0.022642/x**2)-57269000/(1-74226000/x**2))**0.5"", ""core_chi2"": ""AlN"", ""h_core"": 350.0, ""w_core"": 500.0}",screened,1,TM10,S,,TE15,0.8791645036706144,5,215.53241245749768,,1.9807885838040724,1.9807885838040724,,0.2830050782369241,16077.637875215176,0.0030353839013349,,,,,,,,,,,,0.2830050782369241,0.0030353839013349,TE15,,,,TE15,,,,,,,,,
9c232fee5f27,ridge,"{""sidewall_angle"": 5.0, ""substrate_height"": 1000.0, ""topclad_height"": 800.0, ""substrate_material"": ""Al2O3"", ""topclad_material"": ""SiO2"", ""core_eq_o"": ""(1+2.8032/(1-0.015287/x**2)+0.36335/(1-0.036095/x**2)-33508000/(1+367200000/x**2))**0.5"", ""core_eq_e"": ""(1+0.017061/(1-0.043855/x**2)+3.1976/(1-0.022642/x**2)-57269000/(1-74226000/x**2))**0.5"", ""core_chi2"": ""AlN"", ""h_core"": 350.0, ""w_core"": 500.0}",screened,1,TM10,S,,TM62,0.1346572934933985,30,222.22757014138824,,1.964694602625322,1.964694602625322,,0.2084066007180651,21045.7071356089,0.0025871956077422,,,,,,,,,,,,0.2084066007180651,0.0025871956077422,TM62,,,,TM62,,,,,,,,,
9c232fee5f27,ridge,"{""sidewall_angle"": 5.0, ""substrate_height"": 1000.0, ""topclad_height"": 800.0, ""substrate_material"": ""Al2O3"", ""topclad_material"": ""SiO2"", ""core_eq_o"": ""(1+2.8032/(1-0.015287/x**2)+0.36335/(1-0.036095/x**2)-33508000/(1+367200000/x**2))**0.5"", ""core_eq_e"": ""(1+0.017061/(1-0.043855/x**2)+3.1976/(1-0.022642/x**2)-57269000/(1-74226000/x**2))**0.5"", ""core_chi2"": ""AlN"", ""h_core"": 350.0, ""w_core"": 500.0}",screened,1,TM10,S,,TE33,0.8719769773058782,37,232.31364559433928,,1.9408405741411152,1.9408405741411152,,0.1652633827119452,25191.86717890812,0.0025170032028507,,,,,,,,,,,,0.1652633827119452,0.0025170032028507,TE33,,,,TE33,,,,,,,,,
9c232fee5f27,ridge,"{""sidewall_angle"": 5.0, ""substrate_height"": 1000.0, ""topclad_height"": 800.0, ""substrate_material"": ""Al2O3"", ""topclad_material"": ""SiO2"", ""core_eq_o"": ""(1+2.8032/(1-0.015287/x**2)+0.36335/(1-0.036095/x**2)-33508000/(1+367200000/x**2))**0.5"", ""core_eq_e"": ""(1+0.017061/(1-0.043855/x**2)+3.1976/(1-0.022642/x**2)-57269000/(1-74226000/x**2))**0.5"", ""core_chi2"": ""AlN"", ""h_core"": 350.0, ""w_core"": 500.0}",screened,1,TM10,S,,TE13,0.9815385778039148,57,260.3008919526242,,1.880275624495953,1.880275624495953,,0.1403049001573016,25993.65344930065,0.002768456629907,,,,,,,,,,,,0.1403049001573016,0.002768456629907,TE13,,,,TE13,,,,,,,,,
9c232fee5f27,ridge,"{""sidewall_angle"": 5.0, ""substrate_height"": 1000.0, ""topclad_height"": 800.0, ""substrate_material"": ""Al2O3"", ""topclad_material"": ""SiO2"", ""core_eq_o"": ""(1+2.8032/(1-0.015287/x**2)+0.36335/(1-0.036095/x**2)-33508000/(1+367200000/x**2))**0.5"", ""core_eq_e"": ""(1+0.017061/(1-0.043855/x**2)+3.1976/(1-0.022642/x**2)-57269000/(1-74226000/x**2))**0.5"", ""core_chi2"": ""AlN"", ""h_core"": 350.0, ""w_core"": 500.0}",screened,1,TM10,S,,TM23,0.2184499930537268,56,255.76282495862628,,1.8898082724566,1.8898082724566,,0.1186392056274963,31361.708687020568,0.0025003292694546,,,,,,,,,,,,0.1186392056274963,0.0025003292694546,TM23,,,,TM23,,,,,,,,,
9c232fee5f27,ridge,"{""sidewall_angle"": 5.0, ""substrate_height"": 1000.0, ""topclad_height"": 800.0, ""substrate_material"": ""Al2O3"", ""topclad_material"": ""SiO2"", ""core_eq_o"": ""(1+2.8032/(1-0.015287/x**2)+0.36335/(1-0.036095/x**2)-33508000/(1+367200000/x**2))**0.5"", ""core_eq_e"": ""(1+0.017061/(1-0.043855/x**2)+3.1976/(1-0.022642/x**2)-57269000/(1-74226000/x**2))**0.5"", ""core_chi2"": ""AlN"", ""h_core"": 350.0, ""w_core"": 500.0}",screened,0,TM00,A,,TM42,0.1456764330832448,38,234.53269366434984,,2.0613849375341458,2.0613849375341458,,0.1068436929805399,31909.724544514043,0.0020764892589885,,,,,,,,,,,,0.1068436929805399,0.0020764892589885,TM42,,,,TM42,,,,,,,,,
9c232fee5f27,ridge,"{""sidewall_angle"": 5.0, ""substrate_height"": 1000.0, ""topclad_height"": 800.0, ""substrate_material"": ""Al2O3"", ""topclad_material"": ""SiO2"", ""core_eq_o"": ""(1+2.8032/(1-0.015287/x**2)+0.36335/(1-0.036095/x**2)-33508000/(1+367200000/x**2))**0.5"", ""core_eq_e"": ""(1+0.017061/(1-0.043855/x**2)+3.1976/(1-0.022642/x**2)-57269000/(1-74226000/x**2))**0.5"", ""core_chi2"": ""AlN"", ""h_core"": 350.0, ""w_core"": 500.0}",screened,1,TM10,S,,TE14?,0.8419317802448044,32,229.7447209719613,,1.9466246945369488,1.9466246945369488,,0.1008271096097133,41844.746299561935,0.0019336544691123,,,,,,,,,,,,0.1008271096097133,0.0019336544691123,TE14?,,,,TE14?,,,,,,,,,
9c232fee5f27,ridge,"{""sidewall_angle"": 5.0, ""substrate_height"": 1000.0, ""topclad_height"": 800.0, ""substrate_material"": ""Al2O3"", ""topclad_material"": ""SiO2"", ""core_eq_o"": ""(1+2.8032/(1-0.015287/x**2)+0.36335/(1-0.036095/x**2)-33508000/(1+367200000/x**2))**0.5"", ""core_eq_e"": ""(1+0.017061/(1-0.043855/x**2)+3.1976/(1-0.022642/x**2)-57269000/(1-74226000/x**2))**0.5"", ""core_chi2"": ""AlN"", ""h_core"": 350.0, ""w_core"": 500.0}",screened,1,TM10,S,,TE32,0.8465689039066692,55,251.54940338353128,,1.898687477400256,1.898687477400256,,0.0800328994042201,47389.31509995969,0.0018951851007722,,,,,,,,,,,,0.0800328994042201,0.0018951851007722,TE32,,,,TE32,,,,,,,,,
9c232fee5f27,ridge,"{""sidewall_angle"": 5.0, ""substrate_height"": 1000.0, ""topclad_height"": 800.0, ""substrate_material"": ""Al2O3"", ""topclad_material"": ""SiO2"", ""core_eq_o"": ""(1+2.8032/(1-0.015287/x**2)+0.36335/(1-0.036095/x**2)-33508000/(1+367200000/x**2))**0.5"", ""core_eq_e"": ""(1+0.017061/(1-0.043855/x**2)+3.1976/(1-0.022642/x**2)-57269000/(1-74226000/x**2))**0.5"", ""core_chi2"": ""AlN"", ""h_core"": 350.0, ""w_core"": 500.0}",screened,0,TM00,A,,TM41?,0.092373176539533,31,222.68901723143736,,2.0783500918490883,2.0783500918490883,,0.072957985810203,50574.25292401426,0.0016419977627452,,,,,,,,,,,,0.072957985810203,0.0016419977627452,TM41?,,,,TM41?,,,,,,,,,
9c232fee5f27,ridge,"{""sidewall_angle"": 5.0, ""substrate_height"": 1000.0, ""topclad_height"": 800.0, ""substrate_material"": ""Al2O3"", ""topclad_material"": ""SiO2"", ""core_eq_o"": ""(1+2.8032/(1-0.015287/x**2)+0.36335/(1-0.036095/x**2)-33508000/(1+367200000/x**2))**0.5"", ""core_eq_e"": ""(1+0.017061/(1-0.043855/x**2)+3.1976/(1-0.022642/x**2)-57269000/(1-74226000/x**2))**0.5"", ""core_chi2"": ""AlN"", ""h_core"": 350.0, ""w_core"": 500.0}",screened,0,TM00,A,,TM41,0.1994883741196127,49,249.7264686561828,,2.042061296228688,2.042061296228688,,0.0569656737331868,54300.9355163612,0.0016355935678979,,,,,,,,,,,,0.0569656737331868,0.0016355935678979,TM41,,,,TM41,,,,,,,,,
9c232fee5f27,ridge,"{""sidewall_angle"": 5.0, ""substrate_height"": 1000.0, ""topclad_height"": 800.0, ""substrate_material"": ""Al2O3"", ""topclad_material"": ""SiO2"", ""core_eq_o"": ""(1+2.8032/(1-0.015287/x**2)+0.36335/(1-0.036095/x**2)-33508000/(1+367200000/x**2))**0.5"", ""core_eq_e"": ""(1+0.017061/(1-0.043855/x**2)+3.1976/(1-0.022642/x**2)-57269000/(1-74226000/x**2))**0.5"", ""core_chi2"": ""AlN"", ""h_core"": 350.0, ""w_core"": 500.0}",screened,0,TM00,A,,TM24,0.2599244791889092,2,220.8118935726415,,2.0811748452139245,2.0811748452139245,,0.0521802172686413,71627.45374273264,0.0013653687861999,,,,,,,,,,,,0.0521802172686413,0.0013653687861999,TM24,,,,TM24,,,,,,,,,
9c232fee5f27,ridge,"{""sidewall_angle"": 5.0, ""substrate_height"": 1000.0, ""topclad_height"": 800.0, ""substrate_material"": ""Al2O3"", ""topclad_material"": ""SiO2"", ""core_eq_o"": ""(1+2.8032/(1-0.015287/x**2)+0.36335/(1-0.036095/x**2)-33508000/(1+367200000/x**2))**0.5"", ""core_eq_e"": ""(1+0.017061/(1-0.043855/x**2)+3.1976/(1-0.022642/x**2)-57269000/(1-74226000/x**2))**0.5"", ""core_chi2"": ""AlN"", ""h_core"": 350.0, ""w_core"": 500.0}",screened,1,TM10,S,,TE34,0.9141641334186714,2,218.37604762418968,,1.973952985150124,1.973952985150124,,0.0342625849566003,130712.00668960989,0.0010561834753202,,,,,,,,,,,,0.0342625849566003,0.0010561834753202,TE34,,,,TE34,,,,,,,,,
9c232fee5f27,ridge,"{""sidewall_angle"": 5.0, ""substrate_height"": 1000.0, ""topclad_height"": 800.0, ""substrate_material"": ""Al2O3"", ""topclad_material"": ""SiO2"", ""core_eq_o"": ""(1+2.8032/(1-0.015287/x**2)+0.36335/(1-0.036095/x**2)-33508000/(1+367200000/x**2))**0.5"", ""core_eq_e"": ""(1+0.017061/(1-0.043855/x**2)+3.1976/(1-0.022642/x**2)-57269000/(1-74226000/x**2))**0.5"", ""core_chi2"": ""AlN"", ""h_core"": 350.0, ""w_core"": 500.0}",screened,0,TM00,A,,TE32?,0.8621333520015164,56,264.97093626495666,,2.024687189383999,2.024687189383999,,0.0322474551375098,87415.87141927252,0.0013385765093248,,,,,,,,,,,,0.0322474551375098,0.0013385765093248,TE32?,,,,TE32?,,,,,,,,,
9c232fee5f27,ridge,"{""sidewall_angle"": 5.0, ""substrate_height"": 1000.0, ""topclad_height"": 800.0, ""substrate_material"": ""Al2O3"", ""topclad_material"": ""SiO2"", ""core_eq_o"": ""(1+2.8032/(1-0.015287/x**2)+0.36335/(1-0.036095/x**2)-33508000/(1+367200000/x**2))**0.5"", ""core_eq_e"": ""(1+0.017061/(1-0.043855/x**2)+3.1976/(1-0.022642/x**2)-57269000/(1-74226000/x**2))**0.5"", ""core_chi2"": ""AlN"", ""h_core"": 350.0, ""w_core"": 500.0}",screened,1,TM10,S,,TM05,0.0219319489480627,1,220.2055177983597,,1.969555260713996,1.969555260713996,,0.0171252111063541,258916.17619563977,0.0008008945629775,,,,,,,,,,,,0.0171252111063541,0.0008008945629775,TM05,,,,TM05,,,,,,,,,
9c232fee5f27,ridge,"{""sidewall_angle"": 5.0, ""substrate_height"": 1000.0, ""topclad_height"": 800.0, ""substrate_material"": ""Al2O3"", ""topclad_material"": ""SiO2"", ""core_eq_o"": ""(1+2.8032/(1-0.015287/x**2)+0.36335/(1-0.036095/x**2)-33508000/(1+367200000/x**2))**0.5"", ""core_eq_e"": ""(1+0.017061/(1-0.043855/x**2)+3.1976/(1-0.022642/x**2)-57269000/(1-74226000/x**2))**0.5"", ""core_chi2"": ""AlN"", ""h_core"": 350.0, ""w_core"": 500.0}",screened,0,TM00,A,,TM03,0.0053808355287621,50,251.2563377160548,,2.040264054927574,2.040264054927574,,0.0152507213221524,200896.53834166023,0.0008836428335222,,,,,,,,,,,,0.0152507213221524,0.0008836428335222,TM03,,,,TM03,,,,,,,,,
9c232fee5f27,ridge,"{""sidewall_angle"": 5.0, ""substrate_height"": 1000.0, ""topclad_height"": 800.0, ""substrate_material"": ""Al2O3"", ""topclad_material"": ""SiO2"", ""core_eq_o"": ""(1+2.8032/(1-0.015287/x**2)+0.36335/(1-0.036095/x**2)-33508000/(1+367200000/x**2))**0.5"", ""core_eq_e"": ""(1+0.017061/(1-0.043855/x**2)+3.1976/(1-0.022642/x**2)-57269000/(1-74226000/x**2))**0.5"", ""core_chi2"": ""AlN"", ""h_core"": 350.0, ""w_core"": 500.0}",screened,1,TM10,S,,TE52,0.8919703965294771,0,221.43305486698367,,1.9666044775642293,1.9666044775642293,,0.0122493616241901,359589.16234836227,0.0006315713168312,,,,,,,,,,,,0.0122493616241901,0.0006315713168312,TE52,,,,TE52,,,,,,,,,
9c232fee5f27,ridge,"{""sidewall_angle"": 5.0, ""substrate_height"": 1000.0, ""topclad_height"": 800.0, ""substrate_material"": ""Al2O3"", ""topclad_material"": ""SiO2"", ""core_eq_o"": ""(1+2.8032/(1-0.015287/x**2)+0.36335/(1-0.036095/x**2)-33508000/(1+367200000/x**2))**0.5"", ""core_eq_e"": ""(1+0.017061/(1-0.043855/x**2)+3.1976/(1-0.022642/x**2)-57269000/(1-74226000/x**2))**0.5"", ""core_chi2"": ""AlN"", ""h_core"": 350.0, ""w_core"": 500.0}",screened,0,TM00,A,,TE33,0.8194920135028425,1,221.8343399889795,,2.079636236427348,2.079636236427348,,0.0120678731749408,307542.8300842783,0.000655661548365,,,,,,,,,,,,0.0120678731749408,0.000655661548365,TE33,,,,TE33,,,,,,,,,
9c232fee5f27,ridge,"{""sidewall_angle"": 5.0, ""substrate_height"": 1000.0, ""topclad_height"": 800.0, ""substrate_material"": ""Al2O3"", ""topclad_material"": ""SiO2"", ""core_eq_o"": ""(1+2.8032/(1-0.015287/x**2)+0.36335/(1-0.036095/x**2)-33508000/(1+367200000/x**2))**0.5"", ""core_eq_e"": ""(1+0.017061/(1-0.043855/x**2)+3.1976/(1-0.022642/x**2)-57269000/(1-74226000/x**2))**0.5"", ""core_chi2"": ""AlN"", ""h_core"": 350.0, ""w_core"": 500.0}",screened,1,TM10,S,,TM25,0.1287262568870126,6,215.31743032214777,,1.9813053630351896,1.9813053630351896,,0.0097913536859214,465265.3004352017,0.0005676435735691,,,,,,,,,,,,0.0097913536859214,0.0005676435735691,TM25,,,,TM25,,,,,,,,,
9c232fee5f27,ridge,"{""sidewall_angle"": 5.0, ""substrate_height"": 1000.0, ""topclad_height"": 800.0, ""substrate_material"": ""Al2O3"", ""topclad_material"": ""SiO2"", ""core_eq_o"": ""(1+2.8032/(1-0.015287/x**2)+0.36335/(1-0.036095/x**2)-33508000/(1+367200000/x**2))**0.5"", ""core_eq_e"": ""(1+0.017061/(1-0.043855/x**2)+3.1976/(1-0.022642/x**2)-57269000/(1-74226000/x**2))**0.5"", ""core_chi2"": ""AlN"", ""h_core"": 350.0, ""w_core"": 500.0}",screened,0,TM00,A,,TM62,0.0716976287672082,5,216.62024799779468,,2.0874825622821462,2.0874825622821462,,0.0093668147293184,410863.3733831038,0.0005579573853677,,,,,,,,,,,,0.0093668147293184,0.0005579573853677,TM62,,,,TM62,,,,,,,,,
9c232fee5f27,ridge,"{""sidewall_angle"": 5.0, ""substrate_height"": 1000.0, ""topclad_height"": 800.0, ""substrate_material"": ""Al2O3"", ""topclad_material"": ""SiO2"", ""core_eq_o"": ""(1+2.8032/(1-0.015287/x**2)+0.36335/(1-0.036095/x**2)-33508000/(1+367200000/x**2))**0.5"", ""core_eq_e"": ""(1+0.017061/(1-0.043855/x**2)+3.1976/(1-0.022642/x**2)-57269000/(1-74226000/x**2))**0.5"", ""core_chi2"": ""AlN"", ""h_core"": 350.0, ""w_core"": 500.0}",screened,0,TM00,A,,TE13,0.9503416264093206,39,236.8410469306616,,2.0583479910790743,2.0583479910790743,,0.0091552368397109,366788.8257904096,0.000620735174267,,,,,,,,,,,,0.0091552368397109,0.000620735174267,TE13,,,,TE13,,,,,,,,,
9c232fee5f27,ridge,"{""sidewall_angle"": 5.0, ""substrate_height"": 1000.0, ""topclad_height"": 800.0, ""substrate_material"": ""Al2O3"", ""topclad_material"": ""SiO2"", ""core_eq_o"": ""(1+2.8032/(1-0.015287/x**2)+0.36335/(1-0.036095/x**2)-33508000/(1+367200000/x**2))**0.5"", ""core_eq_e"": ""(1+0.017061/(1-0.043855/x**2)+3.1976/(1-0.022642/x**2)-57269000/(1-74226000/x**2))**0.5"", ""core_chi2"": ""AlN"", ""h_core"": 350.0, ""w_core"": 500.0}",screened,0,TM00,A,,TE50,0.9670250867571076,30,225.6118150291142,,2.073951775907016,2.073951775907016,,0.0091059050365779,397295.15323523816,0.0005858671857129,,,,,,,,,,,,0.0091059050365779,0.0005858671857129,TE50,,,,TE50,,,,,,,,,
9c232fee5f27,ridge,"{""sidewall_angle"": 5.0, ""substrate_height"": 1000.0, ""topclad_height"": 800.0, ""substrate_material"": ""Al2O3"", ""topclad_material"": ""SiO2"", ""core_eq_o"": ""(1+2.8032/(1-0.015287/x**2)+0.36335/(1-0.036095/x**2)-33508000/(1+367200000/x**2))**0.5"", ""core_eq_e"": ""(1+0.017061/(1-0.043855/x**2)+3.1976/(1-0.022642/x**2)-57269000/(1-74226000/x**2))**0.5"", ""core_chi2"": ""AlN"", ""h_core"": 350.0, ""w_core"": 500.0}",screened,1,TM10,S,,TM44,0.2053353169081798,3,217.8501918942848,,1.975217049809899,1.975217049809899,,0.0068774040494844,653087.1117282601,0.0004712635605562,,,,,,,,,,,,0.0068774040494844,0.0004712635605562,TM44,,,,TM44,,,,,,,,,
9c232fee5f27,ridge,"{""sidewall_angle"": 5.0, ""substrate_height"": 1000.0, ""topclad_height"": 800.0, ""substrate_material"": ""Al2O3"", ""topclad_material"": ""SiO2"", ""core_eq_o"": ""(1+2.8032/(1-0.015287/x**2)+0.36335/(1-0.036095/x**2)-33508000/(1+367200000/x**2))**0.5"", ""core_eq_e"": ""(1+0.017061/(1-0.043855/x**2)+3.1976/(1-0.022642/x**2)-57269000/(1-74226000/x**2))**0.5"", ""core_chi2"": ""AlN"", ""h_core"": 350.0, ""w_core"": 500.0}",screened,0,TM00,A,,TM23,0.0715751038247337,41,238.00094965537,,2.05682198441474,2.05682198441474,,0.0062796427195899,530729.9448208142,0.0005288284440326,,,,,,,,,,,,0.0062796427195899,0.0005288284440326,TM23,,,,TM23,,,,,,,,,
9c232fee5f27,ridge,"{""sidewall_angle"": 5.0, ""substrate_height"": 1000.0, ""topclad_height"": 800.0, ""substrate_material"": ""Al2O3"", ""topclad_material"": ""SiO2"", ""core_eq_o"": ""(1+2.8032/(1-0.015287/x**2)+0.36335/(1-0.036095/x**2)-33508000/(1+367200000/x**2))**0.5"", ""core_eq_e"": ""(1+0.017061/(1-0.043855/x**2)+3.1976/(1-0.022642/x**2)-57269000/(1-74226000/x**2))**0.5"", ""core_chi2"": ""AlN"", ""h_core"": 350.0, ""w_core"": 500.0}",screened,0,TM00,A,,TE51,0.915709067119554,3,220.4719585407188,,2.0816863898959967,2.0816863898959967,,0.0050797123335827,737503.8244879856,0.0004213912958388,,,,,,,,,,,,0.0050797123335827,0.0004213912958388,TE51,,,,TE51,,,,,,,,,
9c232fee5f27,ridge,"{""sidewall_angle"": 5.0, ""substrate_height"": 1000.0, ""topclad_height"": 800.0, ""substrate_material"": ""Al2O3"", ""topclad_material"": ""SiO2"", ""core_eq_o"": ""(1+2.8032/(1-0.015287/x**2)+0.36335/(1-0.036095/x**2)-33508000/(1+367200000/x**2))**0.5"", ""core_eq_e"": ""(1+0.017061/(1-0.043855/x**2)+3.1976/(1-0.022642/x**2)-57269000/(1-74226000/x**2))**0.5"", ""core_chi2"": ""AlN"", ""h_core"": 350.0, ""w_core"": 500.0}",screened,3,TE00,S,,TM41,0.0672126576081078,43,259.17362351156686,,1.9607735328059224,1.9607735328059224,,0.0027854476850894,1164654.4986929593,0.0168774550099632,,,,,,,,,,,,0.0027854476850894,0.0168774550099632,TM41,,,,TM41,,,,,,,,,
9c232fee5f27,ridge,"{""sidewall_angle"": 5.0, ""substrate_height"": 1000.0, ""topclad_height"": 800.0, ""substrate_material"": ""Al2O3"", ""topclad_material"": ""SiO2"", ""core_eq_o"": ""(1+2.8032/(1-0.015287/x**2)+0.36335/(1-0.036095/x**2)-33508000/(1+367200000/x**2))**0.5"", ""core_eq_e"": ""(1+0.017061/(1-0.043855/x**2)+3.1976/(1-0.022642/x**2)-57269000/(1-74226000/x**2))**0.5"", ""core_chi2"": ""AlN"", ""h_core"": 350.0, ""w_core"": 500.0}",screened,0,TM00,A,,TE31,0.8598812605993718,43,248.69796460287264,,2.0432695499357907,2.0432695499357907,,0.0018674473980711,1667194.2199443448,0.0002950327204267,,,,,,,,,,,,0.0018674473980711,0.0002950327204267,TE31,,,,TE31,,,,,,,,,
9c232fee5f27,ridge,"{""sidewall_angle"": 5.0, ""substrate_height"": 1000.0, ""topclad_height"": 800.0, ""substrate_material"": ""Al2O3"", ""topclad_material"": ""SiO2"", ""core_eq_o"": ""(1+2.8032/(1-0.015287/x**2)+0.36335/(1-0.036095/x**2)-33508000/(1+367200000/x**2))**0.5"", ""core_eq_e"": ""(1+0.017061/(1-0.043855/x**2)+3.1976/(1-0.022642/x**2)-57269000/(1-74226000/x**2))**0.5"", ""core_chi2"": ""AlN"", ""h_core"": 350.0, ""w_core"": 500.0}",screened,0,TM00,A,,TM61?,0.1681026648388438,0,222.4244217999997,,2.078748263185202,2.078748263185202,,0.0015858696722508,2330869.137871287,0.0002375807786609,,,,,,,,,,,,0.0015858696722508,0.0002375807786609,TM61?,,,,TM61?,,,,,,,,,
9c232fee5f27,ridge,"{""sidewall_angle"": 5.0, ""substrate_height"": 1000.0, ""topclad_height"": 800.0, ""substrate_material"": ""Al2O3"", ""topclad_material"": ""SiO2"", ""core_eq_o"": ""(1+2.8032/(1-0.015287/x**2)+0.36335/(1-0.036095/x**2)-33508000/(1+367200000/x**2))**0.5"", ""core_eq_e"": ""(1+0.017061/(1-0.043855/x**2)+3.1976/(1-0.022642/x**2)-57269000/(1-74226000/x**2))**0.5"", ""core_chi2"": ""AlN"", ""h_core"": 350.0, ""w_core"": 500.0}",screened,3,TE00,S,,TM61,0.3858388987120395,0,227.0317157018964,,2.0053416512658537,2.0053416512658537,,0.0007069428732476,5590279.451251046,0.0072678669333713,,,,,,,,,,,,0.0007069428732476,0.0072678669333713,TM61,,,,TM61,,,,,,,,,
9c232fee5f27,ridge,"{""sidewall_angle"": 5.0, ""substrate_height"": 1000.0, ""topclad_height"": 800.0, ""substrate_material"": ""Al2O3"", ""topclad_material"": ""SiO2"", ""core_eq_o"": ""(1+2.8032/(1-0.015287/x**2)+0.36335/(1-0.036095/x**2)-33508000/(1+367200000/x**2))**0.5"", ""core_eq_e"": ""(1+0.017061/(1-0.043855/x**2)+3.1976/(1-0.022642/x**2)-57269000/(1-74226000/x**2))**0.5"", ""core_chi2"": ""AlN"", ""h_core"": 350.0, ""w_core"": 500.0}",screened,3,TE00,S,,TM60,0.0320094023234602,33,233.67938250933,,1.9955416267971464,1.9955416267971464,,0.0006337205705058,5973585.061094589,0.0070487723066133,,,,,,,,,,,,0.0006337205705058,0.0070487723066133,TM60,,,,TM60,,,,,,,,,
9c232fee5f27,ridge,"{""sidewall_angle"": 5.0, ""substrate_height"": 1000.0, ""topclad_height"": 800.0, ""substrate_material"": ""Al2O3"", ""topclad_material"": ""SiO2"", ""core_eq_o"": ""(1+2.8032/(1-0.015287/x**2)+0.36335/(1-0.036095/x**2)-33508000/(1+367200000/x**2))**0.5"", ""core_eq_e"": ""(1+0.017061/(1-0.043855/x**2)+3.1976/(1-0.022642/x**2)-57269000/(1-74226000/x**2))**0.5"", ""core_chi2"": ""AlN"", ""h_core"": 350.0, ""w_core"": 500.0}",screened,0,TM00,A,,TE32,0.9383971058513288,36,233.5547007823329,,2.062671617549493,2.062671617549493,,0.000603557874038,5685512.258309334,0.0001555647019722,,,,,,,,,,,,0.000603557874038,0.0001555647019722,TE32,,,,TE32,,,,,,,,,
9c232fee5f27,ridge,"{""sidewall_angle"": 5.0, ""substrate_height"": 1000.0, ""topclad_height"": 800.0, ""substrate_material"": ""Al2O3"", ""topclad_material"": ""SiO2"", ""core_eq_o"": ""(1+2.8032/(1-0.015287/x**2)+0.36335/(1-0.036095/x**2)-33508000/(1+367200000/x**2))**0.5"", ""core_eq_e"": ""(1+0.017061/(1-0.043855/x**2)+3.1976/(1-0.022642/x**2)-57269000/(1-74226000/x**2))**0.5"", ""core_chi2"": ""AlN"", ""h_core"": 350.0, ""w_core"": 500.0}",screened,3,TE00,S,,TM42,0.1372318663962294,36,241.0259091846164,,1.98513575838742,1.98513575838742,,0.0005865795306715,6162132.3754420765,0.0071198613022888,,,,,,,,,,,,0.0005865795306715,0.0071198613022888,TM42,,,,TM42,,,,,,,,,
9c232fee5f27,ridge,"{""sidewall_angle"": 5.0, ""substrate_height"": 1000.0, ""topclad_height"": 800.0, ""substrate_material"": ""Al2O3"", ""topclad_material"": ""SiO2"", ""core_eq_o"": ""(1+2.8032/(1-0.015287/x**2)+0.36335/(1-0.036095/x**2)-33508000/(1+367200000/x**2))**0.5"", ""core_eq_e"": ""(1+0.017061/(1-0.043855/x**2)+3.1976/(1-0.022642/x**2)-57269000/(1-74226000/x**2))**0.5"", ""core_chi2"": ""AlN"", ""h_core"": 350.0, ""w_core"": 500.0}",screened,3,TE00,S,,TM61?,0.2717256886222547,1,226.61531762329,,2.0059853262888256,2.0059853262888256,,0.0003806405975878,10410680.981428582,0.005301610856166,,,,,,,,,,,,0.0003806405975878,0.005301610856166,TM61?,,,,TM61?,,,,,,,,,
9c232fee5f27,ridge,"{""sidewall_angle"": 5.0, ""substrate_height"": 1000.0, ""topclad_height"": 800.0, ""substrate_material"": ""Al2O3"", ""topclad_material"": ""SiO2"", ""core_eq_o"": ""(1+2.8032/(1-0.015287/x**2)+0.36335/(1-0.036095/x**2)-33508000/(1+367200000/x**2))**0.5"", ""core_eq_e"": ""(1+0.017061/(1-0.043855/x**2)+3.1976/(1-0.022642/x**2)-57269000/(1-74226000/x**2))**0.5"", ""core_chi2"": ""AlN"", ""h_core"": 350.0, ""w_core"": 500.0}",screened,3,TE00,S,,TE31,0.9518062920120778,49,261.8302307584487,,1.957393541711654,1.957393541711654,,0.0003619085192948,8828424.096761305,0.0061480314082764,,,,,,,,,,,,0.0003619085192948,0.0061480314082764,TE31,,,,TE31,,,,,,,,,
9c232fee5f27,ridge,"{""sidewall_angle"": 5.0, ""substrate_height"": 1000.0, ""topclad_height"": 800.0, ""substrate_material"": ""Al2O3"", ""topclad_material"": ""SiO2"", ""core_eq_o"": ""(1+2.8032/(1-0.015287/x**2)+0.36335/(1-0.036095/x**2)-33508000/(1+367200000/x**2))**0.5"", ""core_eq_e"": ""(1+0.017061/(1-0.043855/x**2)+3.1976/(1-0.022642/x**2)-57269000/(1-74226000/x**2))**0.5"", ""core_chi2"": ""AlN"", ""h_core"": 350.0, ""w_core"": 500.0}",screened,3,TE00,S,,TE43,0.5906004101202397,31,227.3366605176581,,2.0048702625362336,2.0048702625362336,,0.0002352062887124,16769083.22405056,0.0042451702219884,,,,,,,,,,,,0.0002352062887124,0.0042451702219884,TE43,,,,TE43,,,,,,,,,
9c232fee5f27,ridge,"{""sidewall_angle"": 5.0, ""substrate_height"": 1000.0, ""topclad_height"": 800.0, ""substrate_material"": ""Al2O3"", ""topclad_material"": ""SiO2"", ""core_eq_o"": ""(1+2.8032/(1-0.015287/x**2)+0.36335/(1-0.036095/x**2)-33508000/(1+367200000/x**2))**0.5"", ""core_eq_e"": ""(1+0.017061/(1-0.043855/x**2)+3.1976/(1-0.022642/x**2)-57269000/(1-74226000/x**2))**0.5"", ""core_chi2"": ""AlN"", ""h_core"": 350.0, ""w_core"": 500.0}",screened,3,TE00,S,,TM03,0.0090350197142715,50,262.7427319131819,,1.9562529222326244,1.9562529222326244,,0.0001887292067738,16841488.618177522,0.0047378414018251,,,,,,,,,,,,0.0001887292067738,0.0047378414018251,TM03,,,,TM03,,,,,,,,,
9c232fee5f27,ridge,"{""sidewall_angle"": 5.0, ""substrate_height"": 1000.0, ""topclad_height"": 800.0, ""substrate_material"": ""Al2O3"", ""topclad_material"": ""SiO2"", ""core_eq_o"": ""(1+2.8032/(1-0.015287/x**2)+0.36335/(1-0.036095/x**2)-33508000/(1+367200000/x**2))**0.5"", ""core_eq_e"": ""(1+0.017061/(1-0.043855/x**2)+3.1976/(1-0.022642/x**2)-57269000/(1-74226000/x**2))**0.5"", ""core_chi2"": ""AlN"", ""h_core"": 350.0, ""w_core"": 500.0}",screened,3,TE00,S,,TM62,0.0890126850133318,5,219.67591208439552,,2.0167123739125987,2.0167123739125987,,0.0001877553135618,22103804.05659416,0.0035197948092608,,,,,,,,,,,,0.0001877553135618,0.0035197948092608,TM62,,,,TM62,,,,,,,,,
9c232fee5f27,ridge,"{""sidewall_angle"": 5.0, ""substrate_height"": 1000.0, ""topclad_height"": 800.0, ""substrate_material"": ""Al2O3"", ""topclad_material"": ""SiO2"", ""core_eq_o"": ""(1+2.8032/(1-0.015287/x**2)+0.36335/(1-0.036095/x**2)-33508000/(1+367200000/x**2))**0.5"", ""core_eq_e"": ""(1+0.017061/(1-0.043855/x**2)+3.1976/(1-0.022642/x**2)-57269000/(1-74226000/x**2))**0.5"", ""core_chi2"": ""AlN"", ""h_core"": 350.0, ""w_core"": 500.0}",screened,0,TM00,A,,TE14,0.9519934989771964,4,220.2523841766505,,2.0820168121464584,2.0820168121464584,,0.000181459236354,20676785.027255483,8.045312340985953e-05,,,,,,,,,,,,0.000181459236354,8.045312340985953e-05,TE14,,,,TE14,,,,,,,,,
9c232fee5f27,ridge,"{""sidewall_angle"": 5.0, ""substrate_height"": 1000.0, ""topclad_height"": 800.0, ""substrate_material"": ""Al2O3"", ""topclad_material"": ""SiO2"", ""core_eq_o"": ""(1+2.8032/(1-0.015287/x**2)+0.36335/(1-0.036095/x**2)-33508000/(1+367200000/x**2))**0.5"", ""core_eq_e"": ""(1+0.017061/(1-0.043855/x**2)+3.1976/(1-0.022642/x**2)-57269000/(1-74226000/x**2))**0.5"", ""core_chi2"": ""AlN"", ""h_core"": 350.0, ""w_core"": 500.0}",screened,4,TE10,A,,TM63,0.382112899278199,8,217.735785164142,,1.8930335991741367,1.8930335991741367,,0.0001625641535858,31419310.242153805,0.0002973217581331,,,,,,,,,,,,0.0001625641535858,0.0002973217581331,TM63,,,,TM63,,,,,,,,,
9c232fee5f27,ridge,"{""sidewall_angle"": 5.0, ""substrate_height"": 1000.0, ""topclad_height"": 800.0, ""substrate_material"": ""Al2O3"", ""topclad_material"": ""SiO2"", ""core_eq_o"": ""(1+2.8032/(1-0.015287/x**2)+0.36335/(1-0.036095/x**2)-33508000/(1+367200000/x**2))**0.5"", ""core_eq_e"": ""(1+0.017061/(1-0.043855/x**2)+3.1976/(1-0.022642/x**2)-57269000/(1-74226000/x**2))**0.5"", ""core_chi2"": ""AlN"", ""h_core"": 350.0, ""w_core"": 500.0}",screened,3,TE00,S,,TM23,0.168724200285409,39,245.64998201065063,,1.9786476448454096,1.9786476448454096,,0.0001527223646287,23009889.00326883,0.0037805469645943,,,,,,,,,,,,0.0001527223646287,0.0037805469645943,TM23,,,,TM23,,,,,,,,,
9c232fee5f27,ridge,"{""sidewall_angle"": 5.0, ""substrate_height"": 1000.0, ""topclad_height"": 800.0, ""substrate_material"": ""Al2O3"", ""topclad_material"": ""SiO2"", ""core_eq_o"": ""(1+2.8032/(1-0.015287/x**2)+0.36335/(1-0.036095/x**2)-33508000/(1+367200000/x**2))**0.5"", ""core_eq_e"": ""(1+0.017061/(1-0.043855/x**2)+3.1976/(1-0.022642/x**2)-57269000/(1-74226000/x**2))**0.5"", ""core_chi2"": ""AlN"", ""h_core"": 350.0, ""w_core"": 500.0}",screened,3,TE00,S,,TM04,0.0102277595200251,34,233.78480238547647,,1.9953923065254813,1.9953923065254813,,0.0001422874935101,26587154.76229594,0.0035101384203332,,,,,,,,,,,,0.0001422874935101,0.0035101384203332,TM04,,,,TM04,,,,,,,,,
9c232fee5f27,ridge,"{""sidewall_angle"": 5.0, ""substrate_height"": 1000.0, ""topclad_height"": 800.0, ""substrate_material"": ""Al2O3"", ""topclad_material"": ""SiO2"", ""core_eq_o"": ""(1+2.8032/(1-0.015287/x**2)+0.36335/(1-0.036095/x**2)-33508000/(1+367200000/x**2))**0.5"", ""core_eq_e"": ""(1+0.017061/(1-0.043855/x**2)+3.1976/(1-0.022642/x**2)-57269000/(1-74226000/x**2))**0.5"", ""core_chi2"": ""AlN"", ""h_core"": 350.0, ""w_core"": 500.0}",screened,3,TE00,S,,TE32,0.868519309089925,38,241.73569522597649,,1.984130393475277,1.984130393475277,,0.0001202876474464,29918705.26683865,0.003229008858205,,,,,,,,,,,,0.0001202876474464,0.003229008858205,TE32,,,,TE32,,,,,,,,,
9c232fee5f27,ridge,"{""sidewall_angle"": 5.0, ""substrate_height"": 1000.0, ""topclad_height"": 800.0, ""substrate_material"": ""Al2O3"", ""topclad_material"": ""SiO2"", ""core_eq_o"": ""(1+2.8032/(1-0.015287/x**2)+0.36335/(1-0.036095/x**2)-33508000/(1+367200000/x**2))**0.5"", ""core_eq_e"": ""(1+0.017061/(1-0.043855/x**2)+3.1976/(1-0.022642/x**2)-57269000/(1-74226000/x**2))**0.5"", ""core_chi2"": ""AlN"", ""h_core"": 350.0, ""w_core"": 500.0}",screened,3,TE00,S,,TM05,0.0185461772911091,7,217.6556778601964,,2.019835285322329,2.019835285322329,,4.0841696955104825e-05,103030161.24497704,0.0017406577363317,,,,,,,,,,,,4.0841696955104825e-05,0.0017406577363317,TM05,,,,TM05,,,,,,,,,
9c232fee5f27,ridge,"{""sidewall_angle"": 5.0, ""substrate_height"": 1000.0, ""topclad_height"": 800.0, ""substrate_material"": ""Al2O3"", ""topclad_material"": ""SiO2"", ""core_eq_o"": ""(1+2.8032/(1-0.015287/x**2)+0.36335/(1-0.036095/x**2)-33508000/(1+367200000/x**2))**0.5"", ""core_eq_e"": ""(1+0.017061/(1-0.043855/x**2)+3.1976/(1-0.022642/x**2)-57269000/(1-74226000/x**2))**0.5"", ""core_chi2"": ""AlN"", ""h_core"": 350.0, ""w_core"": 500.0}",screened,1,TM10,S,,TM43?,0.3806927104421278,38,231.433639767497,,1.9428071880944264,1.9428071880944264,,3.659848086369721e-05,114274910.30558082,3.712008814576638e-05,,,,,,,,,,,,3.659848086369721e-05,3.712008814576638e-05,TM43?,,,,TM43?,,,,,,,,,
9c232fee5f27,ridge,"{""sidewall_angle"": 5.0, ""substrate_height"": 1000.0, ""topclad_height"": 800.0, ""substrate_material"": ""Al2O3"", ""topclad_material"": ""SiO2"", ""core_eq_o"": ""(1+2.8032/(1-0.015287/x**2)+0.36335/(1-0.036095/x**2)-33508000/(1+367200000/x**2))**0.5"", ""core_eq_e"": ""(1+0.017061/(1-0.043855/x**2)+3.1976/(1-0.022642/x**2)-57269000/(1-74226000/x**2))**0.5"", ""core_chi2"": ""AlN"", ""h_core"": 350.0, ""w_core"": 500.0}",screened,3,TE00,S,,TE34,0.8322719520010331,8,216.0782406255921,,2.022273713836742,2.022273713836742,,3.6351986457333575e-05,117026979.45592524,0.001558608222102,,,,,,,,,,,,3.6351986457333575e-05,0.001558608222102,TE34,,,,TE34,,,,,,,,,
9c232fee5f27,ridge,"{""sidewall_angle"": 5.0, ""substrate_height"": 1000.0, ""topclad_height"": 800.0, ""substrate_material"": ""Al2O3"", ""topclad_material"": ""SiO2"", ""core_eq_o"": ""(1+2.8032/(1-0.015287/x**2)+0.36335/(1-0.036095/x**2)-33508000/(1+367200000/x**2))**0.5"", ""core_eq_e"": ""(1+0.017061/(1-0.043855/x**2)+3.1976/(1-0.022642/x**2)-57269000/(1-74226000/x**2))**0.5"", ""core_chi2"": ""AlN"", ""h_core"": 350.0, ""w_core"": 500.0}",screened,3,TE00,S,,TE34,0.5585957742738009,9,215.8789208131854,,2.022581825692731,2.022581825692731,,1.912833538719741e-05,222710179.56630173,0.0011226138247053,,,,,,,,,,,,1.912833538719741e-05,0.0011226138247053,TE34,,,,TE34,,,,,,,,,
9c232fee5f27,ridge,"{""sidewall_angle"": 5.0, ""substrate_height"": 1000.0, ""topclad_height"": 800.0, ""substrate_material"": ""Al2O3"", ""topclad_material"": ""SiO2"", ""core_eq_o"": ""(1+2.8032/(1-0.015287/x**2)+0.36335/(1-0.036095/x**2)-33508000/(1+367200000/x**2))**0.5"", ""core_eq_e"": ""(1+0.017061/(1-0.043855/x**2)+3.1976/(1-0.022642/x**2)-57269000/(1-74226000/x**2))**0.5"", ""core_chi2"": ""AlN"", ""h_core"": 350.0, ""w_core"": 500.0}",screened,3,TE00,S,,TE50,0.9618761954877516,30,231.55854712629653,,1.99854564963542,1.99854564963542,,1.3284794293352736e-05,288893213.80408174,0.0010132802709864,,,,,,,,,,,,1.3284794293352736e-05,0.0010132802709864,TE50,,,,TE50,,,,,,,,,
9c232fee5f27,ridge,"{""sidewall_angle"": 5.0, ""substrate_height"": 1000.0, ""topclad_height"": 800.0, ""substrate_material"": ""Al2O3"", ""topclad_material"": ""SiO2"", ""core_eq_o"": ""(1+2.8032/(1-0.015287/x**2)+0.36335/(1-0.036095/x**2)-33508000/(1+367200000/x**2))**0.5"", ""core_eq_e"": ""(1+0.017061/(1-0.043855/x**2)+3.1976/(1-0.022642/x**2)-57269000/(1-74226000/x**2))**0.5"", ""core_chi2"": ""AlN"", ""h_core"": 350.0, ""w_core"": 500.0}",screened,3,TE00,S,,TE54?,0.9349752006800598,3,225.09840837101845,,2.0083301896490737,2.0083301896490737,,7.755835799341782e-06,516032696.0917537,0.0007588585586296,,,,,,,,,,,,7.755835799341782e-06,0.0007588585586296,TE54?,,,,TE54?,,,,,,,,,
9c232fee5f27,ridge,"{""sidewall_angle"": 5.0, ""substrate_height"": 1000.0, ""topclad_height"": 800.0, ""substrate_material"": ""Al2O3"", ""topclad_material"": ""SiO2"", ""core_eq_o"": ""(1+2.8032/(1-0.015287/x**2)+0.36335/(1-0.036095/x**2)-33508000/(1+367200000/x**2))**0.5"", ""core_eq_e"": ""(1+0.017061/(1-0.043855/x**2)+3.1976/(1-0.022642/x**2)-57269000/(1-74226000/x**2))**0.5"", ""core_chi2"": ""AlN"", ""h_core"": 350.0, ""w_core"": 500.0}",screened,3,TE00,S,,TM24,0.3380098105377204,4,224.9259419476752,,2.008596791093007,2.008596791093007,,6.136902291471556e-06,652904145.3341187,0.0006798528341919,,,,,,,,,,,,6.136902291471556e-06,0.0006798528341919,TM24,,,,TM24,,,,,,,,,
9c232fee5f27,ridge,"{""sidewall_angle"": 5.0, ""substrate_height"": 1000.0, ""topclad_height"": 800.0, ""substrate_material"": ""Al2O3"", ""topclad_material"": ""SiO2"", ""core_eq_o"": ""(1+2.8032/(1-0.015287/x**2)+0.36335/(1-0.036095/x**2)-33508000/(1+367200000/x**2))**0.5"", ""core_eq_e"": ""(1+0.017061/(1-0.043855/x**2)+3.1976/(1-0.022642/x**2)-57269000/(1-74226000/x**2))**0.5"", ""core_chi2"": ""AlN"", ""h_core"": 350.0, ""w_core"": 500.0}",screened,3,TE00,S,,TE13,0.9491718432029204,41,246.49559301112308,,1.97753000609676,1.97753000609676,,4.025545273147086e-06,868447850.5422623,0.0006140130110283,,,,,,,,,,,,4.025545273147086e-06,0.0006140130110283,TE13,,,,TE13,,,,,,,,,
9c232fee5f27,ridge,"{""sidewall_angle"": 5.0, ""substrate_height"": 1000.0, ""topclad_height"": 800.0, ""substrate_material"": ""Al2O3"", ""topclad_material"": ""SiO2"", ""core_eq_o"": ""(1+2.8032/(1-0.015287/x**2)+0.36335/(1-0.036095/x**2)-33508000/(1+367200000/x**2))**0.5"", ""core_eq_e"": ""(1+0.017061/(1-0.043855/x**2)+3.1976/(1-0.022642/x**2)-57269000/(1-74226000/x**2))**0.5"", ""core_chi2"": ""AlN"", ""h_core"": 350.0, ""w_core"": 500.0}",screened,3,TE00,S,,TE52,0.9373982523013096,6,218.63724215178465,,2.0183179670387026,2.0183179670387026,,1.569300376765096e-06,2663378594.12794,0.0003231043007145,,,,,,,,,,,,1.569300376765096e-06,0.0003231043007145,TE52,,,,TE52,,,,,,,,,
9c232fee5f27,ridge,"{""sidewall_angle"": 5.0, ""substrate_height"": 1000.0, ""topclad_height"": 800.0, ""substrate_material"": ""Al2O3"", ""topclad_material"": ""SiO2"", ""core_eq_o"": ""(1+2.8032/(1-0.015287/x**2)+0.36335/(1-0.036095/x**2)-33508000/(1+367200000/x**2))**0.5"", ""core_eq_e"": ""(1+0.017061/(1-0.043855/x**2)+3.1976/(1-0.022642/x**2)-57269000/(1-74226000/x**2))**0.5"", ""core_chi2"": ""AlN"", ""h_core"": 350.0, ""w_core"": 500.0}",screened,3,TE00,S,,TE52?,0.8518533147507596,2,225.26781699458405,,2.008068315002509,2.008068315002509,,8.660688522769635e-07,4616043075.957551,0.0002541691198278,,,,,,,,,,,,8.660688522769635e-07,0.0002541691198278,TE52?,,,,TE52?,,,,,,,,,
9c232fee5f27,ridge,"{""sidewall_angle"": 5.0, ""substrate_height"": 1000.0, ""topclad_height"": 800.0, ""substrate_material"": ""Al2O3"", ""topclad_material"": ""SiO2"", ""core_eq_o"": ""(1+2.8032/(1-0.015287/x**2)+0.36335/(1-0.036095/x**2)-33508000/(1+367200000/x**2))**0.5"", ""core_eq_e"": ""(1+0.017061/(1-0.043855/x**2)+3.1976/(1-0.022642/x**2)-57269000/(1-74226000/x**2))**0.5"", ""core_chi2"": ""AlN"", ""h_core"": 350.0, ""w_core"": 500.0}",screened,0,TM00,A,,TE52,0.952921936112852,6,215.16989674623943,,2.089665095414062,2.089665095414062,,6.344534916047872e-07,6128626344.438626,4.608191027244112e-06,,,,,,,,,,,,6.344534916047872e-07,4.608191027244112e-06,TE52,,,,TE52,,,,,,,,,
