E_eV,wavelength_nm,n_x0.00,n_x0.06,n_x0.09,n_x0.14,n_x0.17,n_x0.23,n_x0.32,n_x0.41,k_x0.00,k_x0.06,k_x0.09,k_x0.14,k_x0.17,k_x0.23,k_x0.32,k_x0.41
0.6,2066.4,2.2723,nan,nan,nan,nan,nan,nan,nan,0,0,0,0,0,0,0,0
0.62,1999.7,3.0614,nan,nan,nan,nan,nan,nan,nan,0,0,0,0,0,0,0,0
0.64,1937.3,2.1012,nan,nan,nan,nan,nan,nan,nan,0,0,0,0,0,0,0,0
0.66,1878.5,2.1012,nan,nan,nan,nan,nan,nan,nan,0,0,0,0,0,0,0,0
0.68,1823.3,2.0649,nan,nan,nan,nan,nan,nan,nan,0,0,0,0,0,0,0,0
0.7,1771.2,2.0282,nan,nan,nan,nan,nan,nan,nan,0,0,0,0,0,0,0,0
0.72,1722,2.0231,nan,nan,2.0959,nan,nan,nan,nan,0,0,0,0,0,0,0,0
0.74,1675.5,2.0231,nan,nan,2.0976,nan,nan,nan,nan,0,0,0,0,0,0,0,0
0.76,1631.4,2.0231,nan,nan,2.0983,nan,nan,nan,nan,0,0,0,0,0,0,0,0
0.78,1589.5,2.025,2.056,nan,2.0983,nan,2.1492,2.1821,nan,0,0,0,0,0,0,0,0
0.8,1549.8,2.026,2.0549,nan,2.0983,nan,2.1503,2.1825,nan,0,0,0,0,0,0,0,0
0.82,1512,2.026,2.0564,nan,2.0983,nan,2.1503,2.1832,nan,0,0,0,0,0,0,0,0
0.84,1476,2.026,2.0578,nan,2.0983,2.1169,2.1503,2.1839,2.2197,0,0,0,0,0,0,0,0
0.86,1441.7,2.026,2.0578,nan,2.0994,2.1185,2.1503,2.1845,2.2197,0,0,0,0,0,0,0,0
0.88,1408.9,2.026,2.0578,nan,2.1012,2.1185,2.1503,2.185,2.2199,0,0,0,0,0,0,0,0
0.9,1377.6,2.026,2.0578,2.0809,2.1003,2.1185,2.1506,2.1854,2.2204,0,0,0,0,0,0,0,0
0.92,1347.7,2.026,2.0578,2.0809,2.0983,2.1187,2.1515,2.1868,2.2209,0,0,0,0,0,0,0,0
0.94,1319,2.026,2.0578,2.0809,2.0987,2.1193,2.1524,2.1881,2.2215,0,0,0,0,0,0,0,0
0.96,1291.5,2.026,2.0578,2.081,2.099,2.12,2.1533,2.1895,2.222,0,0,0,0,0,0,0,0
0.98,1265.1,2.0258,2.0578,2.0814,2.0994,2.1207,2.1542,2.1906,2.2225,0,0,0,0,0,0,0,0
1,1239.8,2.0231,2.0578,2.0818,2.0997,2.1214,2.1551,2.1879,2.2225,0,0,0,0,0,0,0,0
1.02,1215.5,2.0258,2.0583,2.0822,2.1001,2.1221,2.156,2.1879,2.2225,0,0,0,0,0,0,0,0
1.04,1192.2,2.0286,2.0589,2.0827,2.1004,2.1227,2.1561,2.1891,2.2251,0,0,0,0,0,0,0,0
1.06,1169.7,2.0289,2.0594,2.0831,2.1007,2.1234,2.1585,2.1905,2.2278,0,0,0,0,0,0,0,0
1.08,1148,2.0311,2.06,2.0835,2.1011,2.1241,2.159,2.1919,2.2283,0,0,0,0,0,0,0,0
1.1,1127.1,2.0318,2.0605,2.0839,2.1032,2.1243,2.159,2.1932,2.2283,0,0,0,0,0,0,0,0
1.12,1107,2.0318,2.0611,2.0843,2.104,2.1243,2.159,2.1936,2.2283,0,0,0,0,0,0,0,0
1.14,1087.6,2.0318,2.0616,2.0847,2.104,2.1243,2.159,2.1941,2.2283,0,0,0,0,0,0,0,0
1.16,1068.8,2.0318,2.0622,2.0852,2.1046,2.1243,2.1594,2.1948,2.2299,0,0,0,0,0,0,0,0
1.18,1050.7,2.0318,2.0627,2.0856,2.1056,2.1257,2.1602,2.1954,2.2312,0,0,0,0,0,0,0,0
1.2,1033.2,2.0318,2.0632,2.086,2.1067,2.1272,2.161,2.1961,2.2317,0,0,0,0,0,0,0,0
1.22,1016.3,2.444,2.0636,2.0864,2.1077,2.1272,2.1617,2.1965,2.2328,0,0,0,0,0,0,0,0
1.24,999.87,2.8243,2.0645,2.0876,2.1087,2.128,2.1625,2.197,2.2339,0,0,0,0,0,0,0,0
1.26,984,2.0318,2.0665,2.0896,2.1097,2.1301,2.1633,2.1983,2.235,0,0,0,0,0,0,0,0
1.28,968.63,2.0323,2.0665,2.0896,2.1108,2.1301,2.1641,2.1997,2.2361,0,0,0,0,0,0,0,0
1.3,953.72,2.0347,2.0665,2.09,2.1118,2.1301,2.1647,2.2011,2.2374,0,0,0,0,0,0,0,0
1.32,939.27,2.0349,2.0665,2.0925,2.1127,2.1301,2.1647,2.2023,2.2397,0,0,0,0,0,0,0,0
1.34,925.26,2.0376,2.0665,2.0932,2.1127,2.1309,2.1647,2.2023,2.237,0,0,0,0,0,0,0,0
1.36,911.65,2.0376,2.0665,2.0938,2.1127,2.1317,2.1647,2.2023,2.2387,0,0,0,0,0,0,0,0
1.38,898.44,2.0376,2.0665,2.0944,2.1127,2.1325,2.1673,2.204,2.2403,0,0,0,0,0,0,0,0
1.4,885.6,2.0376,2.0665,2.095,2.1127,2.1332,2.1676,2.2059,2.2419,0,0,0,0,0,0,0,0
1.42,873.13,2.0376,2.0687,2.0957,2.1127,2.134,2.1676,2.2077,2.2436,0,0,0,0,0,0,0,0
1.44,861,2.0376,2.0699,2.0963,2.1148,2.1348,2.1685,2.206,2.2452,0,0,0,0,0,0,0,0
1.46,849.21,2.0376,2.0707,2.0969,2.1175,2.1356,2.1697,2.2052,2.2457,0,0,0,0,0,0,0,0
1.48,837.73,2.0358,2.0714,2.0976,2.1185,2.1358,2.1709,2.2061,2.2457,0,0,0,0,0,0,0,0
1.5,826.56,2.0363,2.0722,2.0982,2.1185,2.1374,2.172,2.2074,2.2457,0,0,0,0,0,0,0,0
1.52,815.69,2.039,2.0729,2.0988,2.1185,2.1387,2.1732,2.2088,2.2471,0,0,0,0,0,0,0,0
1.54,805.09,2.0405,2.0736,2.0994,2.1185,2.1392,2.1744,2.2102,2.2498,0,0,0,0,0,0,0,0
1.56,794.77,2.0415,2.0744,2.1001,2.1196,2.1402,2.1755,2.211,2.2514,0,0,0,0,0,0,0,0
1.58,784.71,2.0434,2.0751,2.1007,2.1214,2.1412,2.1763,2.2114,2.2514,0,0,0,0,0,0,0,0
1.6,774.9,2.0434,2.0759,2.1012,2.1214,2.1423,2.1771,2.2128,2.2514,0,0,0,0,0,0,0,0
1.62,765.33,2.0434,2.0766,2.1012,2.1214,2.1433,2.1792,2.2142,2.2514,0,0,0,0,0,0,0,0
1.64,756,2.0434,2.0774,2.1012,2.1214,2.1443,2.1792,2.2155,2.2518,0,0,0,0,0,0,0,0
1.66,746.89,2.0434,2.078,2.1012,2.1215,2.1453,2.1794,2.2168,2.254,0,0,0,0,0,0,0,0
1.68,738,2.0434,2.078,2.1022,2.1225,2.1463,2.1821,2.2168,2.2561,0,0,0,0,0,0,0,0
1.7,729.32,2.0434,2.078,2.1032,2.1235,2.1474,2.183,2.2186,2.2583,0,0,0,0,0,0,0,0
1.72,720.84,2.046,2.078,2.1042,2.1245,2.1474,2.1839,2.2204,2.2605,0,0,0,0,0,0,0,0
1.74,712.55,2.0487,2.078,2.1051,2.1256,2.1474,2.1848,2.2223,2.2627,0,0,0,0,0,0,0,0
1.76,704.46,2.0491,2.0803,2.1061,2.1266,2.1474,2.1857,2.2248,2.263,0,0,0,0,0,0,0,0
1.78,696.54,2.0491,2.0809,2.1071,2.1276,2.1486,2.1866,2.2254,2.2643,0,0,0,0,0,0,0,0
1.8,688.8,2.0491,2.0809,2.1081,2.1286,2.1502,2.1876,2.2267,2.2659,0,0,0,0,0,0,0,0
1.82,681.23,2.0491,2.0827,2.109,2.1296,2.1517,2.1897,2.2286,2.2676,0,0,0,0,0,0,0,0
1.84,673.83,2.0491,2.0838,2.11,2.1301,2.1533,2.1908,2.2304,2.2692,0,0,0,0,0,0,0,0
1.86,666.58,2.0506,2.0838,2.111,2.1315,2.1548,2.1922,2.2312,2.2708,0,0,0,0,0,0,0,0
1.88,659.49,2.0533,2.0842,2.1119,2.1342,2.1564,2.1936,2.2312,2.273,0,0,0,0,0,0,0,0
1.9,652.55,2.0549,2.0852,2.1129,2.1361,2.158,2.1948,2.2321,2.2746,0,0,0,0,0,0,0,0
1.92,645.75,2.0549,2.0861,2.1139,2.1368,2.159,2.1965,2.2341,2.2755,0,0,0,0,0,0,0,0
1.94,639.09,2.0549,2.087,2.1149,2.1375,2.159,2.1969,2.2361,2.2775,0,0,0,0,0,0,0,0
1.96,632.57,2.0549,2.0879,2.1156,2.1382,2.1596,2.1983,2.2382,2.2781,0,0,0,0,0,0,0,0
1.98,626.18,2.0366,2.0888,2.1161,2.1388,2.1618,2.1997,2.2399,2.2803,0,0,0,0,0,0,0,0
2,619.92,1.9512,2.0897,2.1185,2.1395,2.1618,2.201,2.24,2.2806,0,0,0,0,0,0,0,0
2.02,613.78,2.0578,2.0906,2.1185,2.1402,2.162,2.2024,2.2414,2.2832,0,0,0,0,0,0,0,0
2.04,607.77,2.0578,2.0915,2.1196,2.1409,2.1647,2.2037,2.2428,2.2832,0,0,0,0,0,0,0,0
2.06,601.87,2.0578,2.0924,2.1206,2.1416,2.1647,2.2051,2.2441,2.2859,0,0,0,0,0,0,0,0
2.08,596.08,2.0603,2.0933,2.1217,2.1416,2.1647,2.2052,2.2455,2.2861,0,0,0,0,0,0,0,0
2.1,590.4,2.0607,2.0942,2.1227,2.144,2.1647,2.2075,2.2457,2.2885,0,0,0,0,0,0,0,0
2.12,584.83,2.0607,2.0951,2.1238,2.1467,2.1662,2.2081,2.2478,2.2912,0,0,0,0,0,0,0,0
2.14,579.37,2.0607,2.0954,2.1248,2.1474,2.168,2.2101,2.2506,2.2939,0,0,0,0,0,0,0,0
2.16,574,2.0625,2.0972,2.1259,2.1474,2.1698,2.211,2.2533,2.2966,0,0,0,0,0,0,0,0
2.18,568.73,2.0653,2.0983,2.1269,2.1491,2.1716,2.2121,2.256,2.2977,0,0,0,0,0,0,0,0
2.2,563.56,2.0665,2.0998,2.128,2.1518,2.1734,2.2139,2.2572,2.2977,0,0,0,0,0,0,0,0
2.22,558.49,2.0665,2.1012,2.129,2.1532,2.1753,2.2157,2.2579,2.2988,0,0,0,0,0,0,0,0
2.24,553.5,2.0665,2.1012,2.1301,2.1532,2.1775,2.2175,2.2593,2.3009,0,0,0,0,0,0,0,0
2.26,548.6,2.0675,2.1012,2.1311,2.1542,2.1792,2.2194,2.2606,2.3031,0,0,0,0,0,0,0,0
2.28,543.79,2.0694,2.102,2.1322,2.1569,2.18,2.2212,2.262,2.3053,0,0,0,0,0,0,0,0
2.3,539.06,2.07,2.104,2.1329,2.159,2.1814,2.2225,2.263,2.3075,0,0,0,0,0,0,0,0
2.32,534.41,2.0723,2.1045,2.1334,2.159,2.1795,2.223,2.2635,2.3097,0,0,0,0,0,0,0,0
2.34,529.85,2.0723,2.1069,2.1358,2.1593,2.1815,2.2254,2.2663,2.3125,0,0,0,0,0,0,0,0
2.36,525.36,2.0723,2.1069,2.1359,2.1618,2.1834,2.2254,2.27,2.3152,0,0,0,0,0,0,0,0
2.38,520.94,2.0723,2.1069,2.1374,2.1618,2.1854,2.2254,2.2736,2.3179,0,0,0,0,0,0,0,0
2.4,516.6,2.075,2.1097,2.1389,2.1618,2.1873,2.2282,2.2772,2.3179,0,0,0,0,0,0,0,0
2.42,512.33,2.0777,2.1098,2.1403,2.1634,2.1893,2.2283,2.2749,2.3205,0,0,0,0,0,0,0,0
2.44,508.13,2.078,2.1122,2.1418,2.1651,2.1912,2.2302,2.2746,2.3232,0,0,0,0,0,0,0,0
2.46,504,2.9237,2.1136,2.1433,2.1668,2.1932,2.2324,2.2768,2.3259,0,0,0,0,0,0,0,0
2.48,499.94,2.3431,2.1147,2.1447,2.1685,2.1936,2.2346,2.2795,2.3266,0,0,0,0,0,0,0,0
2.5,495.94,2.0516,2.1158,2.1462,2.1702,2.1955,2.2368,2.2822,2.3285,0,0,0,0,0,0,0,0
2.52,492,2.0809,2.1169,2.1477,2.172,2.1965,2.2389,2.2849,2.3312,0,0,0,0,0,0,0,0
2.54,488.13,2.0825,2.118,2.1491,2.1737,2.1975,2.2414,2.2861,2.3339,0,0,0,0,0,0,0,0
2.56,484.31,2.0838,2.119,2.1506,2.1754,2.1992,2.2428,2.2875,2.3366,0,0,0,0,0,0,0,0
2.58,480.56,2.0838,2.1201,2.1521,2.1763,2.2009,2.2428,2.2902,2.3394,0,0,0,0,0,0,0,0
2.6,476.86,2.0838,2.1212,2.1535,2.1773,2.2026,2.2438,2.2929,2.3421,0,0,0,0,0,0,0,0
2.62,473.22,2.0847,2.1223,2.155,2.1792,2.2043,2.2465,2.2957,2.3431,0,0,0,0,0,0,0,0
2.64,469.64,2.0874,2.1234,2.1561,2.1796,2.206,2.2478,2.2977,2.3421,0,0,0,0,0,0,0,0
2.66,466.11,2.0896,2.1245,2.1566,2.1813,2.2077,2.2463,2.2982,2.3462,0,0,0,0,0,0,0,0
2.68,462.63,2.0896,2.1256,2.159,2.183,2.2094,2.2496,2.3009,2.3503,0,0,0,0,0,0,0,0
2.7,459.2,2.0898,2.1267,2.1591,2.1847,2.2112,2.2528,2.3037,2.3543,0,0,0,0,0,0,0,0
2.72,455.82,2.0925,2.1278,2.1608,2.1864,2.2139,2.2561,2.3064,2.3584,0,0,0,0,0,0,0,0
2.74,452.5,2.0952,2.1288,2.1624,2.1881,2.2139,2.2594,2.3091,2.3584,0,0,0,0,0,0,0,0
2.76,449.22,2.0954,2.1299,2.1641,2.1898,2.2165,2.2626,2.3092,2.361,0,0,0,0,0,0,0,0
2.78,445.99,2.0954,2.1325,2.1658,2.1915,2.2192,2.2606,2.3117,2.3637,0,0,0,0,0,0,0,0
2.8,442.8,2.0976,2.1329,2.1675,2.1932,2.2197,2.2624,2.3144,2.3664,0,0,0,0,0,0,0,0
2.82,439.66,2.0983,2.135,2.1691,2.1957,2.2217,2.2651,2.3171,2.3691,0,0,0,0,0,0,0,0
2.84,436.56,2.0983,2.1358,2.1708,2.1985,2.2245,2.2659,2.3198,2.3719,0,0,0,0,0,0,0,0
2.86,433.51,2.1,2.1376,2.1725,2.1994,2.2254,2.2694,2.3208,2.3746,0,0,0,0,0,0,0,0
2.88,430.5,2.1012,2.1387,2.1742,2.201,2.227,2.2717,2.324,2.3773,0,0,0,0,0,0,0,0
2.9,427.53,2.1026,2.1401,2.1758,2.2023,2.2297,2.2731,2.3266,2.3772,0,0,0,0,0,0,0,0
2.92,424.6,2.1053,2.1416,2.1775,2.2036,2.2312,2.2746,2.3266,2.377,0,0,0,0,0,0,0,0
2.94,421.71,2.1069,2.1427,2.1792,2.2063,2.2323,2.2756,2.328,2.3797,0,0,0,0,0,0,0,0
2.96,418.87,2.1069,2.1445,2.1809,2.2081,2.235,2.2784,2.3317,2.3827,0,0,0,0,0,0,0,0
2.98,416.05,2.1077,2.1453,2.1821,2.2088,2.2377,2.2811,2.3353,2.3863,0,0,0,0,0,0,0,0
3,413.28,2.1098,2.1474,2.1827,2.2116,2.2405,2.2838,2.3382,2.3898,0,0,0,0,0,0,0,0
3.02,410.54,2.1102,2.1477,2.185,2.2143,2.2428,2.2865,2.3388,2.3934,0,0,0,0,0,0,0,0
3.04,407.84,2.1127,2.1496,2.1852,2.2168,2.2428,2.289,2.3434,2.3969,0,0,0,0,0,0,0,0
3.06,405.18,2.1128,2.1515,2.1873,2.2168,2.2429,2.2892,2.3479,2.4005,0,0,0,0,0,0,0,0
3.08,402.55,2.1155,2.1533,2.1893,2.2196,2.2461,2.2946,2.3524,2.4041,0,0,0,0,0,0,0,0
3.1,399.95,2.1182,2.1552,2.1914,2.2197,2.2494,2.2948,2.35,2.4076,0,0,0,0,0,0,0,0
3.12,397.39,2.1185,2.1571,2.1935,2.2197,2.2527,2.2997,2.3522,2.4112,0,0,0,0,0,0,0,0
3.14,394.85,2.1208,2.159,2.1956,2.2219,2.2559,2.3006,2.3564,2.4147,0,0,0,0,0,0,0,0
3.16,392.36,2.1214,2.1609,2.1977,2.2247,2.2592,2.3006,2.361,2.4183,0,0,0,0,0,0,0,0
3.18,389.89,2.1233,2.1628,2.1998,2.2274,2.2601,2.3033,2.3655,2.4219,0,0,0,0,0,0,0,0
3.2,387.45,2.1243,2.1646,2.2019,2.2301,2.2601,2.3071,2.3671,2.4254,0,0,0,0,0,0,0,0
3.22,385.04,2.1259,2.1665,2.204,2.2328,2.2617,2.3109,2.3654,2.429,0,0,0,0,0,0,0,0
3.24,382.67,2.1272,2.1684,2.2061,2.2356,2.263,2.3148,2.3671,2.4306,0,0,0,0,0,0,0,0
3.26,380.32,2.1285,2.1703,2.2082,2.2383,2.2648,2.3186,2.3725,2.4332,0,0,0,0,0,0,0,0
3.28,378,2.1301,2.1722,2.2103,2.241,2.2686,2.3197,2.378,2.4387,0,0,0,0,0,0,0,0
3.3,375.71,2.131,2.1734,2.2124,2.2428,2.2724,2.3198,2.3815,2.4441,0,0,0,0,0,0,0,0
3.32,373.45,2.1337,2.1734,2.2139,2.2436,2.2762,2.3237,2.3831,2.4495,0,0,0,0,0,0,0,0
3.34,371.21,2.1358,2.174,2.2145,2.2463,2.2801,2.3249,2.3885,2.4544,0,0,0,0,0,0,0,0
3.36,369,2.1363,2.1768,2.2168,2.249,2.2832,2.3295,2.394,2.4566,0,0,0,0,0,0,0,0
3.38,366.82,2.1387,2.1792,2.2168,2.2517,2.2832,2.3295,2.3986,2.4572,0,0,0,0,0,0,0,0
3.4,364.66,2.1388,2.1793,2.2169,2.2545,2.2834,2.3296,2.3961,2.4627,0,0,0,0,0,0,0,0
3.42,362.53,2.1416,2.182,2.2196,2.2572,2.2861,2.3335,2.3988,2.4681,0,0,0,0,0,0,0,0
3.44,360.42,2.1416,2.1848,2.2223,2.2599,2.2861,2.3373,2.4033,2.4709,0,0,0,0,0,0,0,0
3.46,358.34,2.1441,2.185,2.225,2.2626,2.2895,2.3411,2.4078,2.4736,0,0,0,0,0,0,0,0
3.48,356.28,2.0534,2.1873,2.2278,2.2653,2.2931,2.3449,2.4124,2.4787,0,0,0,0,0,0,0,0
3.5,354.24,2.1185,2.19,2.2305,2.2659,2.2967,2.3487,2.4133,2.4819,0,0,0,0,0.00099761,0.0066898,0.014432,0.019952
3.52,352.23,2.1494,2.1928,2.2332,2.2659,2.3004,2.3517,2.418,2.4867,0,0,0,0,0.0012868,0.0071321,0.014683,0.019952
3.54,350.24,2.1521,2.1936,2.2359,2.2696,2.304,2.3563,2.4243,2.4921,0,0,0,0,0.0015759,0.0075743,0.014933,0.019952
3.56,348.27,2.1532,2.1951,2.2387,2.2717,2.3076,2.3584,2.4307,2.4975,0,0,0,0,0.0018651,0.0079808,0.015184,0.020255
3.58,346.32,2.1547,2.1974,2.2414,2.2747,2.3107,2.3614,2.432,2.503,0,0,0,0,0.0021542,0.0079808,0.015434,0.02396
3.6,344.4,2.1574,2.1997,2.2441,2.2788,2.3121,2.3642,2.4306,2.5058,0,0,0,0,0.0024434,0.0079808,0.015685,0.0249
3.62,342.5,2.159,2.2021,2.2468,2.2815,2.3145,2.3642,2.4337,2.5069,0,0,0,0,0.0027325,0.0079808,0.015936,0.02584
3.64,340.62,2.16,2.2044,2.2495,2.2832,2.3179,2.3662,2.441,2.5117,0,0,0,0,0.0030217,0.0079808,0.01933,0.02678
3.66,338.75,2.1627,2.2067,2.2514,2.2841,2.3196,2.3716,2.4483,2.5198,0,0,0.0031365,0,0.0033108,0.0079808,0.0089745,0.027719
3.68,336.91,2.1647,2.2091,2.2521,2.2868,2.3237,2.377,2.4538,2.528,0,0,0.0039904,0,0.0036,0.0079808,0,0.027933
3.7,335.09,2.1652,2.2114,2.2548,2.29,2.3247,2.3825,2.4547,2.5352,0,0,0.0039042,0,0.0038891,0.0079808,3.9904e-05,0.028824
3.72,333.29,2.168,2.2137,2.2576,2.2948,2.3295,2.3873,2.4602,2.5379,0,0,0.0037829,0,0.0041783,0.0079808,0.016201,0.030077
3.74,331.51,2.1707,2.2161,2.2605,2.2951,2.3298,2.3876,2.4656,2.5408,0,0,0.0036617,0,0.0044674,0.0079808,0.021732,0.03133
3.76,329.75,2.1734,2.2184,2.2635,2.3006,2.3352,2.393,2.4711,2.5462,0,0,0.0035404,0,0.0047566,0.0079808,0.021931,0.032583
3.78,328,2.1761,2.2207,2.2664,2.3006,2.3353,2.3958,2.4711,2.5517,0,0,0.0034191,0,0.0050457,0.0097287,0.023943,0.033836
3.8,326.27,2.1763,2.2231,2.2694,2.3031,2.3393,2.3985,2.477,2.5571,0,0,0.0032979,0,0.0053349,0.013488,0.023943,0.035089
3.82,324.57,2.1787,2.2254,2.2723,2.3058,2.3437,2.4036,2.4834,2.5649,0,0,0.0031766,0,0.005624,0.014677,0.023943,0.035914
3.84,322.88,2.1814,2.2277,2.2753,2.3093,2.348,2.4046,2.4897,2.5665,0,0,0.0030554,0,0.0059132,0.010918,0.023943,0.036967
3.86,321.2,2.1821,2.2283,2.2782,2.3129,2.3524,2.4092,2.4913,2.5733,0,0,0.0029341,0.00082203,0.0062023,0.0082157,0.023943,0.039904
3.88,319.55,2.184,2.2302,2.2812,2.3166,2.3568,2.4153,2.4913,2.5824,0,0,0.0028129,0.0039904,0.0064915,0.0092897,0.024238,0.040495
3.9,317.91,2.1867,2.2312,2.2841,2.3202,2.3584,2.4215,2.4982,2.5914,0,0,0.0026916,0.0039904,0.0067806,0.010364,0.026117,0.043895
3.92,316.29,2.1894,2.2343,2.2871,2.3238,2.3615,2.4276,2.509,2.5938,0,0,0.0025703,0.0041181,0.0070698,0.011438,0.027997,0.043895
3.94,314.68,2.1921,2.2384,2.29,2.3275,2.3661,2.432,2.5145,2.5939,0,0,0.0024491,0.0078771,0.007359,0.012512,0.029876,0.043895
3.96,313.09,2.1948,2.2411,2.293,2.3307,2.37,2.4335,2.5145,2.5994,0,0,0.0023278,0.00067039,0.0076481,0.013586,0.031756,0.04755
3.98,311.52,2.1965,2.2428,2.2948,2.3334,2.3739,2.4356,2.5181,2.6085,0,0,0.0022066,0,0.0079373,0.01466,0.0285,0.047885
4,309.96,2.1974,2.2436,2.2957,2.3361,2.3778,2.441,2.5276,2.6175,0,0,0.0020853,0,0.0015962,0.015734,0.031125,0.051077
4.02,308.42,2.2001,2.2464,2.2977,2.3392,2.3817,2.4458,2.5347,2.625,0,0.00049348,0.0019641,0,0.00088827,0.015962,0.032664,0.042253
4.04,306.89,2.2028,2.2491,2.2982,2.3433,2.3856,2.449,2.5352,2.6282,0,0.00112,0.0018428,0,0.002016,0.018691,0.033603,0.030036
4.06,305.38,2.2056,2.2518,2.3011,2.3474,2.3895,2.4545,2.5388,2.634,0,0.0017465,0.0017215,0,0.0031437,0.019952,0.034543,0.017819
4.08,303.88,2.2083,2.2545,2.3051,2.3515,2.3935,2.4599,2.5484,2.6422,0,0.002373,0.0016003,0.00045331,0.0042713,0.019952,0.035483,0.0056026
4.1,302.4,2.211,2.2573,2.309,2.3555,2.3988,2.4654,2.5578,2.6503,0,0.0029995,0.001479,0.0012051,0.005399,0.019952,0.035914,0.032562
4.12,300.93,2.2137,2.2604,2.313,2.3596,2.3988,2.4708,2.5578,2.6558,0,0.003626,0.0013578,0.0019569,0.0065267,0.019952,0.036816,0.063847
4.14,299.48,2.2165,2.2636,2.3169,2.3637,2.3988,2.4763,2.5694,2.6587,0,0.0039904,0.0012365,0.0027087,0.0076544,0.020214,0.038695,0.065105
4.16,298.04,2.2192,2.2668,2.3209,2.3642,2.4042,2.4793,2.5817,2.6678,0,0.0039904,0.0011153,0.0034605,0.0087821,0.020841,0.040575,0.068112
4.18,296.61,2.2197,2.27,2.3249,2.3687,2.4101,2.4843,2.5816,2.6778,0,0.0028811,0.000994,0.0042123,0.0099098,0.021467,0.042454,0.071119
4.2,295.2,2.2217,2.2731,2.3288,2.372,2.4161,2.4897,2.5809,2.6878,0,0,0.00087274,0.0049641,0.011038,0.022094,0.044773,0.074126
4.22,293.8,2.2245,2.2763,2.3328,2.3747,2.4221,2.4952,2.5886,2.6908,0,0,0.00075149,0.0057159,0.011971,0.02272,0.047885,0.077133
4.24,292.42,2.2272,2.2795,2.3367,2.3792,2.4281,2.4971,2.5995,2.6972,0,0,0.00063023,0.0064677,0.011556,0.023347,0.0483,0.080223
4.26,291.04,2.2299,2.2827,2.3407,2.3847,2.4322,2.5018,2.604,2.7071,0,0,0.00050897,0.0072195,0.0079808,0.023943,0.052059,0.083982
4.28,289.68,2.2326,2.2858,2.3447,2.3887,2.4363,2.51,2.6097,2.7171,0,0,0.00038771,0.0079713,0.0079808,0.023943,0.055818,0.087741
4.3,288.34,2.2353,2.289,2.3468,2.3914,2.4418,2.5182,2.6206,2.725,0,0,0.00026646,0.0087231,0.0079808,0.027654,0.059577,0.0915
4.32,287,2.2391,2.2922,2.349,2.3952,2.4462,2.5263,2.6272,2.7315,0,0,0.0001452,0.0094749,0.0079808,0.027933,0.059856,0.095259
4.34,285.68,2.2428,2.2954,2.3526,2.4007,2.4498,2.5327,2.6308,2.7388,0,0,2.3943e-05,0.010227,0.0079808,0.027933,0.056608,0.099018
4.36,284.37,2.2435,2.2977,2.3538,2.4061,2.4552,2.5362,2.6417,2.7457,0,0,0,0.010978,0.0079808,0.03095,0.060894,0.10278
4.38,283.07,2.2462,2.2983,2.3583,2.411,2.4607,2.5416,2.6509,2.7555,0,0,0,0.01173,0.010766,0.031923,0.067159,0.10654
4.4,281.78,2.2494,2.3014,2.3627,2.4137,2.4657,2.5466,2.6546,2.7605,0,0,0.00032953,0.012482,0.011971,0.033018,0.073424,0.1103
4.42,280.51,2.2543,2.3064,2.3672,2.4162,2.4684,2.5501,2.6641,2.7643,0,0,0.00081456,0.013234,0.014294,0.034629,0.073496,0.11173
4.44,279.24,2.2545,2.3065,2.3716,2.4163,2.4713,2.561,2.6734,2.7793,0,0,0.0012996,0.013986,0.018053,0.03624,0.073919,0.11591
4.46,277.99,2.2599,2.3119,2.3761,2.4222,2.4789,2.5719,2.6734,2.7943,0,0,0.0017846,0.014737,0.019952,0.037851,0.078297,0.12343
4.48,276.75,2.1053,2.3174,2.3805,2.4281,2.4865,2.5828,2.6865,2.7948,0,0,0.0022696,0.015489,0.020359,0.039462,0.083309,0.13095
4.5,275.52,2.2395,2.3179,2.385,2.434,2.4942,2.5838,2.7001,2.7973,0,0,0.0027547,0.014565,0.021299,0.041073,0.088321,0.13707
4.52,274.3,2.2682,2.3225,2.3895,2.4399,2.5018,2.5861,2.7023,2.8206,0,0,0.0032397,0.013136,0.022239,0.042684,0.09178,0.1385
4.54,273.09,2.2709,2.3258,2.3939,2.4458,2.5094,2.5952,2.7108,2.8287,0,0,0.0037247,0.015962,0.023178,0.044828,0.093336,0.13801
4.56,271.9,2.2756,2.3285,2.3984,2.4517,2.5116,2.6002,2.7217,2.8334,0,0,0.0042098,0.015962,0.024118,0.047885,0.099601,0.14741
4.58,270.71,2.2775,2.3313,2.4028,2.4555,2.5133,2.6012,2.7254,2.8406,0,0,0.0046948,0.015962,0.025058,0.047885,0.10587,0.1568
4.6,269.53,2.2807,2.3349,2.4046,2.4599,2.519,2.6109,2.74,2.8488,0,0,0.0051798,0.015962,0.025998,0.048125,0.11173,0.1662
4.62,268.36,2.2847,2.3392,2.4075,2.4662,2.5266,2.6272,2.7514,2.8555,0,0,0.0056649,0.015946,0.026937,0.051883,0.11175,0.17559
4.64,267.21,2.2874,2.3436,2.4117,2.4733,2.5342,2.6358,2.7502,2.8609,0,0,0.0061499,0.0084278,0.027877,0.055642,0.11927,0.17935
4.66,266.06,2.2912,2.3479,2.4156,2.4804,2.5419,2.6392,2.7586,2.8709,0,0,0.0066349,0.010338,0.027933,0.05233,0.12678,0.1831
4.68,264.92,2.2957,2.3522,2.4214,2.4874,2.5495,2.6464,2.7746,2.8872,0,0,0.0071199,0.012844,0.027933,0.05584,0.1343,0.19017
4.7,263.8,2.2985,2.3565,2.4271,2.4945,2.5557,2.6518,2.7746,2.8981,0,0,0.007605,0.01535,0.027933,0.060351,0.13567,0.20383
4.72,262.68,2.3012,2.3608,2.4328,2.5006,2.5596,2.6567,2.7801,2.896,0,0,0.00809,0.015962,0.029354,0.064862,0.13567,0.21034
4.74,261.57,2.3039,2.3651,2.4385,2.5038,2.5679,2.661,2.8006,2.8986,0,0,0.008575,0.018571,0.031233,0.069373,0.091309,0.2141
4.76,260.47,2.3069,2.3694,2.4442,2.5092,2.5768,2.6737,2.802,2.915,0,0,0.0090601,0.019952,0.033113,0.073883,0.027406,0.22202
4.78,259.38,2.3124,2.3737,2.4499,2.5148,2.5856,2.6864,2.8156,2.9307,0,0,0.0095451,0.019952,0.034992,0.073671,0.088021,0.23236
4.8,258.3,2.3178,2.378,2.4557,2.5229,2.5945,2.6992,2.8292,2.9335,0,0.0019154,0.01003,0.019952,0.036872,0.075658,0.16361,0.2427
4.82,257.23,2.3206,2.3824,2.4614,2.5258,2.6033,2.7021,2.8295,2.9415,0,0.0039904,0.010515,0.019952,0.038751,0.079808,0.1695,0.25303
4.84,256.17,2.3233,2.3867,2.4671,2.5335,2.609,2.7098,2.8395,2.9522,0,0.0039904,0.011,0.021405,0.04063,0.082713,0.18266,0.26083
4.86,255.11,2.3284,2.3919,2.4728,2.5393,2.6145,2.718,2.8504,2.9607,0,0.0039904,0.011485,0.0244,0.04251,0.087789,0.19154,0.26947
4.88,254.07,2.3338,2.3952,2.4762,2.5469,2.6221,2.7197,2.8526,2.9646,0,0.0039904,0.01197,0.02581,0.044884,0.089373,0.19154,0.28827
4.9,253.03,2.3373,2.4019,2.4809,2.5531,2.6303,2.7326,2.8705,2.974,0,0.0039904,0.012455,0.02722,0.047885,0.095387,0.19457,0.30327
4.92,252,2.34,2.4046,2.4877,2.5586,2.6384,2.7503,2.8768,2.9858,0,0.0045172,0.01294,0.028629,0.048412,0.1014,0.20961,0.30485
4.94,250.98,2.3444,2.4079,2.4952,2.5665,2.6449,2.7589,2.8774,2.9976,0,0.0079808,0.013425,0.030039,0.052171,0.10742,0.22346,0.31583
4.96,249.97,2.3498,2.4134,2.5027,2.576,2.6474,2.7646,2.892,3.0029,0,0.0079808,0.01391,0.031449,0.05593,0.11343,0.22375,0.32342
4.98,248.96,2.3552,2.4188,2.5101,2.5856,2.656,2.7714,2.9046,3.0073,0,0.0079808,0.014395,0.032858,0.059689,0.11944,0.24067,0.33469
5,247.97,2.3595,2.4243,2.5176,2.5951,2.6737,2.7746,2.9098,3.0164,0,0.0079808,0.01488,0.034268,0.063448,0.11971,0.25758,0.34597
5.02,246.98,2.3623,2.4287,2.5251,2.6031,2.686,2.782,2.9221,3.0255,0,0.0079808,0.015365,0.035677,0.067207,0.12643,0.25938,0.35725
5.04,246,2.3658,2.4326,2.5326,2.6078,2.6895,2.8024,2.9306,3.0334,0,0.0084278,0.01585,0.035914,0.070966,0.12769,0.27189,0.36227
5.06,245.03,2.3712,2.4391,2.5401,2.6105,2.6943,2.8186,2.9306,3.0389,0,0.0089648,0.015962,0.038811,0.074725,0.13349,0.28693,0.37906
5.08,244.06,2.3767,2.4457,2.5467,2.6153,2.6993,2.8218,2.935,3.0443,0,0.0095018,0.018627,0.039904,0.078484,0.13834,0.2913,0.39974
5.1,243.11,2.3821,2.4522,2.5491,2.6298,2.7147,2.8275,2.9566,3.0501,0,0.010039,0.019952,0.041426,0.079808,0.14502,0.30104,0.40946
5.12,242.16,2.3876,2.4587,2.5497,2.6443,2.7301,2.8354,2.9566,3.0583,0.0022027,0.010576,0.019952,0.043775,0.079808,0.15329,0.31607,0.42313
5.14,241.21,2.393,2.4653,2.5594,2.6589,2.7456,2.8381,2.9566,3.0664,0.0039904,0.011113,0.020862,0.046124,0.083751,0.16156,0.3252,0.4438
5.16,240.28,2.3985,2.4718,2.5691,2.6617,2.7484,2.8571,2.9675,3.0692,0.0039904,0.01165,0.022597,0.048474,0.091269,0.16983,0.33504,0.45839
5.18,239.35,2.4014,2.4783,2.5788,2.6644,2.7511,2.8761,2.9784,3.0719,0.0039904,0.012187,0.024332,0.050823,0.09577,0.1781,0.35196,0.46892
5.2,238.43,2.4041,2.4849,2.5886,2.6742,2.7649,2.8834,2.9798,3.0794,0.0039904,0.012724,0.026067,0.053172,0.098324,0.18484,0.36313,0.48396
5.22,237.52,2.4112,2.4914,2.5983,2.6851,2.7803,2.8888,2.9871,3.0875,0.0039904,0.013261,0.027802,0.055522,0.1048,0.18964,0.37463,0.4969
5.24,236.61,2.4174,2.4979,2.608,2.696,2.7957,2.8942,2.9962,3.0957,0.0039904,0.013798,0.029536,0.057871,0.10856,0.19716,0.40621,0.50524
5.26,235.71,2.4228,2.5019,2.6177,2.705,2.8043,2.91,3.0053,3.0983,0.0039904,0.014335,0.031271,0.060439,0.1129,0.20409,0.40303,0.51826
5.28,234.82,2.4283,2.508,2.6231,2.7132,2.8115,2.9304,3.0087,3.1012,0.0039904,0.014872,0.033006,0.064549,0.12042,0.20891,0.40654,0.54081
5.3,233.93,2.4352,2.5146,2.6273,2.7214,2.8196,2.9424,3.014,3.106,0.0038707,0.015409,0.034741,0.071828,0.12769,0.22394,0.44294,0.56265
5.32,233.05,2.442,2.5214,2.6301,2.7268,2.8292,2.9478,3.0236,3.1108,0.00011173,0.015946,0.036476,0.071828,0.12769,0.23898,0.44294,0.56265
5.34,232.18,2.4475,2.5296,2.636,2.7391,2.8388,2.9545,3.0289,3.1155,0,0.015962,0.038211,0.079122,0.12769,0.25401,0.46117,0.58636
5.36,231.31,2.454,2.5367,2.6497,2.7636,2.8501,2.9616,3.0289,3.1185,0,0.015962,0.039946,0.08664,0.13726,0.25539,0.47997,0.61079
5.38,230.45,2.4613,2.5422,2.6633,2.7812,2.8664,2.9774,3.0315,3.1185,0,0.015962,0.041681,0.090974,0.14778,0.26494,0.48284,0.62408
5.4,229.6,2.4667,2.5469,2.6769,2.7832,2.8828,3.0065,3.0397,3.1192,0,0.018915,0.043416,0.094733,0.15831,0.27326,0.51237,0.64126
5.42,228.75,2.4732,2.5514,2.6905,2.7838,2.8965,3.0102,3.0462,3.1219,0,0.019952,0.043895,0.10121,0.16883,0.27806,0.52002,0.65733
5.44,227.91,2.4834,2.5632,2.703,2.7894,2.8992,3.0181,3.0462,3.1243,0.00498,0.019952,0.046385,0.10624,0.17936,0.29261,0.54117,0.66739
5.46,227.08,2.4884,2.575,2.7083,2.8139,2.9035,3.0235,3.0465,3.1245,0.0079808,0.019952,0.047885,0.11,0.18356,0.31266,0.55693,0.70201
5.48,226.25,2.4886,2.5868,2.7111,2.8382,2.928,3.0291,3.0501,3.1272,0,0.021979,0.050692,0.11579,0.18761,0.33271,0.57893,0.72423
5.5,225.43,2.5022,2.5986,2.7264,2.8436,2.9525,3.0509,3.0538,3.1272,0,0.023943,0.055897,0.12151,0.19154,0.34677,0.60036,0.72227
5.52,224.61,2.5106,2.6104,2.7416,2.8568,2.9563,3.0726,3.0574,3.1297,0.0079808,0.023943,0.061101,0.12527,0.19988,0.35429,0.60099,0.74417
5.54,223.8,2.5164,2.6222,2.7569,2.8704,2.9591,3.0776,3.0578,3.1301,0.0079808,0.025275,0.066306,0.12903,0.21993,0.3618,0.61189,0.77947
5.56,222.99,2.5263,2.6265,2.7721,2.8818,2.964,3.0848,3.0578,3.1278,0.0079808,0.027933,0.071511,0.13279,0.23998,0.37648,0.63957,0.78543
5.58,222.19,2.5351,2.6334,2.7873,2.8968,2.984,3.0929,3.0578,3.1251,0.0079808,0.027933,0.076716,0.13872,0.25626,0.40843,0.65116,0.79931
5.6,221.4,2.5433,2.6416,2.7938,2.9075,3.0085,3.0973,3.0578,3.1224,0.0086193,0.028571,0.08192,0.15188,0.25938,0.43623,0.68236,0.81931
5.62,220.61,2.5515,2.6515,2.7965,2.9121,3.0226,3.1058,3.0578,3.1196,0.012378,0.032432,0.087125,0.16503,0.26019,0.44375,0.68643,0.82683
5.64,219.83,2.5596,2.6639,2.8134,2.9416,3.0307,3.1176,3.0578,3.1169,0.015962,0.037131,0.09233,0.17819,0.26894,0.45127,0.72227,0.83646
5.66,219.05,2.5692,2.6733,2.8406,2.9681,3.0431,3.1294,3.055,3.1156,0.015962,0.04183,0.097535,0.19134,0.30277,0.45879,0.72227,0.88908
5.68,218.28,2.5789,2.6788,2.8679,2.9723,3.0582,3.1371,3.0495,3.1156,0.015962,0.046528,0.10274,0.19524,0.3366,0.52185,0.7593,0.88986
5.7,217.52,2.5881,2.6906,2.8855,2.9847,3.0675,3.1409,3.0473,3.1129,0.015962,0.051227,0.10794,0.199,0.34266,0.53715,0.76217,0.91243
5.72,216.76,2.599,2.7124,2.8882,3.0119,3.0734,3.1463,3.0482,3.1061,0.015962,0.055926,0.11315,0.22004,0.35614,0.53871,0.79457,0.93686
5.74,216,2.6106,2.7342,2.8975,3.0318,3.0857,3.1503,3.0445,3.0993,0.01897,0.060625,0.11835,0.24385,0.37418,0.55074,0.80208,0.95077
5.76,215.25,2.6237,2.756,2.9247,3.0335,3.0979,3.1509,3.0382,3.0925,0.019952,0.065323,0.12249,0.26766,0.3902,0.59911,0.83263,0.96482
5.78,214.51,2.6349,2.7754,2.952,3.0421,3.1102,3.1529,3.0318,3.0863,0.019952,0.070022,0.12625,0.28298,0.40269,0.62615,0.84597,0.97986
5.8,213.77,2.6483,2.7813,2.9771,3.0523,3.1214,3.1511,3.026,3.0829,0.019952,0.074721,0.14332,0.29888,0.43132,0.63743,0.86911,0.99258
5.82,213.03,2.6593,2.7923,2.9799,3.0556,3.1215,3.1493,3.0259,3.0722,0.022035,0.079419,0.16869,0.31976,0.47079,0.64662,0.88587,1.0247
5.84,212.3,2.6757,2.8086,2.9853,3.0856,3.1242,3.1475,3.0232,3.0695,0.023943,0.084118,0.19406,0.34046,0.49082,0.6671,0.88587,1.0495
5.86,211.58,2.6894,2.825,3.0045,3.0867,3.1243,3.1457,3.0048,3.0615,0.025563,0.088817,0.21944,0.35602,0.49244,0.70093,0.90045,1.0495
5.88,210.86,2.7104,2.8364,3.0243,3.0965,3.1225,3.1438,3.0004,3.0558,0.029322,0.094557,0.23821,0.36868,0.51981,0.72643,0.93012,1.0675
5.9,210.14,2.7253,2.8625,3.044,3.1005,3.1206,3.142,3,3.0458,0.031923,0.10439,0.24457,0.39992,0.56895,0.73655,0.95152,1.1037
5.92,209.43,2.7452,2.8915,3.0637,3.1054,3.1186,3.1395,2.981,3.0349,0.033775,0.11943,0.25697,0.45277,0.57555,0.75703,0.96661,1.1121
5.94,208.73,2.767,2.9206,3.0733,3.1061,3.1167,3.1368,2.974,3.024,0.041293,0.13516,0.29582,0.4589,0.57931,0.80676,0.97662,1.1248
5.96,208.03,2.7924,2.9306,3.0769,3.1049,3.1147,3.1323,2.958,3.0202,0.049274,0.15256,0.33466,0.46376,0.587,0.81098,1.0091,1.1426
5.98,207.33,2.818,2.9322,3.0757,3.1038,3.1128,3.1284,2.948,2.9993,0.060551,0.16216,0.37111,0.50323,0.62271,0.81873,1.0067,1.1535
6,206.64,2.8425,2.935,3.0718,3.1026,3.1109,3.1257,2.9494,2.9812,0.071828,0.20351,0.37111,0.5427,0.65842,0.83001,1.0255,1.1572
6.02,205.95,2.8683,2.939,3.0678,3.1014,3.1111,3.1198,2.9368,2.9747,0.090623,0.24486,0.37487,0.55022,0.66218,0.83753,1.0481,1.2023
6.04,205.27,2.8911,2.9448,3.0639,3.1003,3.1116,3.1103,2.918,2.9638,0.11647,0.28621,0.41038,0.56479,0.67299,0.86797,1.046,1.2086
6.06,204.59,2.9055,2.9511,3.06,3.0991,3.1098,3.1007,2.9086,2.9529,0.14608,0.30119,0.44796,0.58642,0.68757,0.89992,1.0785,1.2305
6.08,203.92,2.9164,2.9575,3.056,3.0983,3.1093,3.0912,2.8931,2.9428,0.17922,0.3186,0.48555,0.60284,0.7026,0.91196,1.0854,1.255
6.1,203.25,2.9273,2.963,3.0521,3.0972,3.1076,3.0832,2.8864,2.9285,0.21305,0.34589,0.49765,0.62071,0.71764,0.92231,1.1137,1.2638
6.12,202.59,2.9351,2.9653,3.0482,3.0922,3.1059,3.08,2.8613,2.8993,0.24948,0.36295,0.5014,0.6369,0.72747,0.92838,1.1253,1.2728
6.14,201.93,2.9269,2.9643,3.0442,3.0872,3.1042,3.0743,2.8586,2.8998,0.2847,0.37186,0.51385,0.6472,0.74447,0.94873,1.1277,1.2864
6.16,201.27,2.9186,2.9538,3.0404,3.0822,3.1025,3.0664,2.8312,2.8806,0.31639,0.38457,0.5314,0.66862,0.76702,0.9788,1.1485,1.2972
6.18,200.62,2.9049,2.9433,3.0376,3.0772,3.1008,3.0636,2.8013,2.8561,0.34646,0.40122,0.54894,0.70057,0.78958,0.99743,1.1671,1.3066
6.2,199.97,2.8913,2.9328,3.0349,3.0722,3.0991,3.0529,2.8006,2.8475,0.37151,0.41787,0.56648,0.71995,0.80543,1.0033,1.1675,1.3145
6.22,199.33,2.8777,2.9223,3.0347,3.0672,3.0974,3.0421,2.7806,2.8393,0.38886,0.43451,0.58402,0.72371,0.81006,1.0099,1.1782,1.3262
6.24,198.69,2.8618,2.9118,3.0326,3.0665,3.0957,3.0312,2.7728,2.8265,0.40389,0.45116,0.60156,0.72747,0.81915,1.0254,1.2011,1.3507
6.26,198.06,2.8454,2.9013,3.0302,3.0643,3.0932,3.0246,2.7523,2.8021,0.41697,0.46781,0.61649,0.73581,0.84735,1.0499,1.205,1.3687
6.28,197.43,2.8351,2.8908,3.0278,3.0596,3.0925,3.0211,2.7238,2.767,0.42449,0.48445,0.62326,0.75711,0.87066,1.0702,1.2201,1.3712
6.3,196.8,2.8251,2.8855,3.0254,3.0578,3.0888,3.0148,2.7121,2.7489,0.43148,0.49932,0.62702,0.77841,0.87442,1.075,1.233,1.3837
6.32,196.18,2.8158,2.8827,3.0229,3.0545,3.0867,3.0083,2.6961,2.7374,0.43524,0.50337,0.63164,0.79866,0.87971,1.0863,1.2328,1.3963
6.34,195.56,2.8092,2.88,3.0205,3.0505,3.0837,3.0058,2.6686,2.7253,0.439,0.51083,0.64667,0.80618,0.90352,1.0974,1.2292,1.4087
6.36,194.94,2.805,2.8773,3.0181,3.0478,3.0809,2.9996,2.6453,2.7144,0.44276,0.51459,0.66171,0.8137,0.92733,1.1012,1.2424,1.4124
6.38,194.33,2.8012,2.8746,3.0157,3.0439,3.0786,2.9869,2.6301,2.6931,0.44294,0.51835,0.67674,0.82838,0.95113,1.1205,1.2556,1.4198
6.4,193.73,2.7967,2.8728,3.0133,3.0405,3.0751,2.9742,2.6116,2.6577,0.44629,0.52546,0.69178,0.84342,0.95706,1.1405,1.257,1.4273
6.42,193.12,2.7948,2.872,3.0124,3.0388,3.0743,2.9637,2.5835,2.6289,0.45005,0.53298,0.70682,0.85845,0.97018,1.1606,1.2601,1.4317
6.44,192.52,2.7948,2.8693,3.0138,3.034,3.0716,2.9582,2.5594,2.6159,0.45381,0.54049,0.72185,0.86771,0.98522,1.1681,1.2668,1.4355
6.46,191.93,2.7219,2.8666,3.0111,3.0313,3.0689,2.9523,2.5506,2.6045,0.45757,0.5427,0.72891,0.88054,1.0029,1.1772,1.2743,1.4419
6.48,191.33,2.4026,2.8638,3.009,3.0289,3.0665,2.9448,2.5289,2.5915,0.45647,0.54755,0.73267,0.89315,1.0169,1.186,1.2745,1.4494
6.5,190.74,nan,nan,nan,nan,nan,nan,nan,nan,0.4593,0.55068,0.73643,0.90004,1.0237,1.1913,1.2751,1.4525
6.52,190.16,nan,nan,nan,nan,nan,nan,nan,nan,0.4593,0.55068,0.73643,0.90004,1.0237,1.1913,1.2751,1.4525
6.54,189.58,nan,nan,nan,nan,nan,nan,nan,nan,0.4593,0.55068,0.73643,0.90004,1.0237,1.1913,1.2751,1.4525
6.56,189,nan,nan,nan,nan,nan,nan,nan,nan,0.4593,0.55068,0.73643,0.90004,1.0237,1.1913,1.2751,1.4525
6.58,188.43,nan,nan,nan,nan,nan,nan,nan,nan,0.4593,0.55068,0.73643,0.90004,1.0237,1.1913,1.2751,1.4525
6.6,187.85,nan,nan,nan,nan,nan,nan,nan,nan,0.4593,0.55068,0.73643,0.90004,1.0237,1.1913,1.2751,1.4525
