wavelength_nm,n,k
120.1811,1.126620,8.988387e-01
120.8750,1.124382,9.070246e-01
121.5728,1.122232,9.157113e-01
122.2746,1.120204,9.249138e-01
122.9805,1.118334,9.346459e-01
123.6905,1.116660,9.449193e-01
124.4046,1.115225,9.557435e-01
125.1228,1.114074,9.671254e-01
125.8451,1.113254,9.790690e-01
126.5716,1.112815,9.915747e-01
127.3023,1.112812,1.004639e+00
128.0372,1.113300,1.018255e+00
128.7764,1.114337,1.032410e+00
129.5198,1.115984,1.047087e+00
130.2676,1.118307,1.062261e+00
131.0196,1.121370,1.077904e+00
131.7760,1.125243,1.093977e+00
132.5368,1.129998,1.110434e+00
133.3019,1.135714,1.127220e+00
134.0715,1.142474,1.144264e+00
134.8455,1.150377,1.161474e+00
135.6239,1.159556,1.178717e+00
136.4069,1.170116,1.195592e+00
137.1944,1.181674,1.211890e+00
137.9864,1.194107,1.227671e+00
138.7830,1.207366,1.242935e+00
139.5842,1.221415,1.257659e+00
140.3900,1.236222,1.271806e+00
141.2005,1.251752,1.285337e+00
142.0157,1.267969,1.298207e+00
142.8356,1.284829,1.310367e+00
143.6602,1.302282,1.321772e+00
144.4895,1.320272,1.332378e+00
145.3237,1.338737,1.342147e+00
146.1626,1.357609,1.351045e+00
147.0064,1.376817,1.359048e+00
147.8551,1.396286,1.366138e+00
148.7087,1.415942,1.372307e+00
149.5672,1.435710,1.377554e+00
150.4306,1.455520,1.381887e+00
151.2991,1.475305,1.385319e+00
152.1726,1.494999,1.387867e+00
153.0511,1.514542,1.389555e+00
153.9346,1.533880,1.390406e+00
154.8233,1.552957,1.390447e+00
155.7171,1.571724,1.389707e+00
156.6161,1.590129,1.388218e+00
157.5202,1.608126,1.386012e+00
158.4296,1.625667,1.383125e+00
159.3442,1.642708,1.379597e+00
160.2641,1.659203,1.375472e+00
161.1893,1.675113,1.370797e+00
162.1199,1.690400,1.365625e+00
163.0558,1.705030,1.360012e+00
163.9972,1.718975,1.354019e+00
164.9439,1.732212,1.347708e+00
165.8962,1.744725,1.341145e+00
166.8539,1.756504,1.334399e+00
167.8171,1.767547,1.327535e+00
168.7860,1.777859,1.320623e+00
169.7604,1.787450,1.313728e+00
170.7404,1.796339,1.306913e+00
171.7261,1.804550,1.300240e+00
172.7175,1.812112,1.293764e+00
173.7146,1.819058,1.287539e+00
174.7175,1.825428,1.281611e+00
175.7261,1.831263,1.276025e+00
176.7406,1.836607,1.270817e+00
177.7609,1.841505,1.266020e+00
178.7872,1.846006,1.261661e+00
179.8193,1.850157,1.257763e+00
180.8574,1.854006,1.254343e+00
181.9015,1.857600,1.251414e+00
182.9516,1.860988,1.248986e+00
184.0078,1.864214,1.247063e+00
185.0701,1.867324,1.245647e+00
186.1385,1.870360,1.244736e+00
187.2131,1.873364,1.244326e+00
188.2939,1.876375,1.244408e+00
189.3810,1.879431,1.244974e+00
190.4743,1.882568,1.246013e+00
191.5739,1.885818,1.247510e+00
192.6799,1.889214,1.249450e+00
193.7922,1.892786,1.251818e+00
194.9110,1.896561,1.254597e+00
196.0362,1.900565,1.257767e+00
197.1680,1.904823,1.261311e+00
198.3062,1.909357,1.265207e+00
199.4510,1.914187,1.269437e+00
200.6025,1.919333,1.273979e+00
201.7606,1.924812,1.278812e+00
202.9254,1.930641,1.283916e+00
204.0969,1.936834,1.289269e+00
205.2751,1.943405,1.294850e+00
206.4602,1.950365,1.300637e+00
207.6521,1.957726,1.306609e+00
208.8509,1.965497,1.312746e+00
210.0566,1.973687,1.319026e+00
211.2693,1.982302,1.325428e+00
212.4889,1.991350,1.331933e+00
213.7156,2.000837,1.338520e+00
214.9494,2.010766,1.345169e+00
216.1904,2.021141,1.351863e+00
217.4384,2.031966,1.358582e+00
218.6937,2.043243,1.365308e+00
219.9563,2.054974,1.372025e+00
221.2261,2.067160,1.378715e+00
222.5032,2.079803,1.385364e+00
223.7878,2.092903,1.391956e+00
225.0797,2.106461,1.398478e+00
226.3791,2.120477,1.404916e+00
227.6860,2.134955,1.411258e+00
229.0004,2.149895,1.417494e+00
230.3225,2.165300,1.423612e+00
231.6521,2.181174,1.429604e+00
232.9895,2.197522,1.435461e+00
234.3345,2.214352,1.441175e+00
235.6874,2.231672,1.446737e+00
237.0480,2.249494,1.452139e+00
238.4165,2.267831,1.457374e+00
239.7929,2.286702,1.462432e+00
241.1772,2.306125,1.467303e+00
242.5696,2.326126,1.471974e+00
243.9699,2.346732,1.476430e+00
245.3784,2.367975,1.480652e+00
246.7950,2.389890,1.484615e+00
248.2197,2.412517,1.488289e+00
249.6527,2.435897,1.491637e+00
251.0940,2.460077,1.494613e+00
252.5436,2.485101,1.497160e+00
254.0015,2.511017,1.499210e+00
255.4679,2.537871,1.500684e+00
256.9427,2.565703,1.501485e+00
258.4261,2.594550,1.501503e+00
259.9180,2.624435,1.500612e+00
261.4185,2.655373,1.498670e+00
262.9277,2.687357,1.495520e+00
264.4456,2.720359,1.490989e+00
265.9722,2.754327,1.484896e+00
267.5077,2.789174,1.477053e+00
269.0521,2.824780,1.467268e+00
270.6053,2.860987,1.455358e+00
272.1675,2.897596,1.441153e+00
273.7388,2.934369,1.424505e+00
275.3191,2.971030,1.405302e+00
276.9085,3.007274,1.383475e+00
278.5071,3.042773,1.359008e+00
280.1150,3.077187,1.331944e+00
281.7321,3.110179,1.302392e+00
283.3586,3.141435,1.270523e+00
284.9944,3.170670,1.236569e+00
286.6397,3.197653,1.200813e+00
288.2945,3.222212,1.163576e+00
289.9588,3.244245,1.125200e+00
291.6328,3.263724,1.086031e+00
293.3164,3.280691,1.046400e+00
295.0097,3.295253,1.006605e+00
296.7128,3.307569,9.668944e-01
298.4258,3.317835,9.274599e-01
300.1486,3.326264,8.884257e-01
301.8814,3.333071,8.498490e-01
303.6242,3.338450,8.117238e-01
305.3770,3.342556,7.739903e-01
307.1400,3.345495,7.365496e-01
308.9131,3.347308,6.992824e-01
310.6965,3.347971,6.620710e-01
312.4901,3.347397,6.248219e-01
314.2942,3.345449,5.874871e-01
316.1086,3.341956,5.500804e-01
317.9335,3.336737,5.126870e-01
319.7690,3.329629,4.754635e-01
321.6150,3.320508,4.386288e-01
323.4717,3.309313,4.024466e-01
325.3391,3.296050,3.672030e-01
327.2174,3.280800,3.331823e-01
329.1064,3.263711,3.006450e-01
331.0063,3.244983,2.698104e-01
332.9173,3.224855,2.408464e-01
334.8392,3.203584,2.138651e-01
336.7723,3.181432,1.889240e-01
338.7165,3.158652,1.660319e-01
340.6719,3.135478,1.451569e-01
342.6386,3.112122,1.262350e-01
344.6167,3.088766,1.091792e-01
346.6062,3.065566,9.388697e-02
348.6072,3.042653,8.024756e-02
350.6197,3.020130,6.814673e-02
352.6439,2.998084,5.747094e-02
354.6797,2.976582,4.811024e-02
356.7273,2.955675,3.996010e-02
358.7867,2.935406,3.292262e-02
360.8580,2.915808,2.690708e-02
362.9412,2.896908,2.183015e-02
365.0365,2.878736,1.761575e-02
367.1439,2.861332,1.419318e-02
369.2635,2.844754,1.144850e-02
371.3952,2.829000,9.244534e-03
373.5393,2.814033,7.472892e-03
375.6958,2.799812,6.047299e-03
377.8647,2.786287,4.898981e-03
380.0461,2.773412,3.973052e-03
382.2402,2.761140,3.225668e-03
384.4469,2.749428,2.621769e-03
386.6663,2.738237,2.133294e-03
388.8986,2.727527,1.737762e-03
391.1437,2.717266,1.417145e-03
393.4018,2.707421,1.156976e-03
395.6729,2.697965,9.456300e-04
397.9572,2.688872,7.737570e-04
400.2546,2.680117,6.338340e-04
402.5653,2.671679,5.197970e-04
404.8893,2.663539,4.267550e-04
407.2268,2.655678,3.507600e-04
409.5777,2.648080,2.886200e-04
411.9422,2.640730,2.377540e-04
414.3204,2.633615,1.960710e-04
416.7123,2.626721,1.618760e-04
419.1180,2.620037,1.337920e-04
421.5376,2.613552,1.107030e-04
423.9712,2.607257,9.170000e-05
426.4188,2.601142,7.600000e-05
428.8805,2.595198,6.310000e-05
431.3565,2.589418,5.250000e-05
433.8467,2.583795,4.360000e-05
436.3514,2.578321,3.640000e-05
438.8704,2.572990,3.030000e-05
441.4041,2.567796,2.530000e-05
443.9523,2.562734,2.110000e-05
446.5153,2.557798,1.770000e-05
449.0930,2.552983,1.480000e-05
451.6857,2.548285,1.240000e-05
454.2933,2.543700,1.040000e-05
456.9160,2.539222,8.750000e-06
459.5538,2.534848,7.350000e-06
462.2068,2.530575,6.190000e-06
464.8751,2.526399,5.210000e-06
467.5589,2.522316,4.400000e-06
470.2581,2.518324,3.710000e-06
472.9730,2.514419,3.140000e-06
475.7035,2.510599,2.660000e-06
478.4497,2.506860,2.250000e-06
481.2119,2.503201,1.910000e-06
483.9899,2.499618,1.620000e-06
486.7840,2.496110,1.370000e-06
489.5943,2.492674,1.170000e-06
492.4207,2.489308,9.940000e-07
495.2635,2.486010,8.470000e-07
498.1227,2.482778,7.220000e-07
500.9984,2.479609,6.160000e-07
503.8907,2.476503,5.270000e-07
506.7997,2.473458,4.500000e-07
509.7255,2.470471,3.850000e-07
512.6681,2.467541,3.300000e-07
515.6278,2.464667,2.830000e-07
518.6046,2.461847,2.430000e-07
521.5985,2.459079,2.090000e-07
524.6097,2.456363,1.800000e-07
527.6383,2.453697,1.550000e-07
530.6844,2.451079,1.330000e-07
533.7481,2.448509,1.150000e-07
536.8294,2.445985,9.910000e-08
539.9286,2.443506,8.560000e-08
543.0456,2.441072,7.400000e-08
546.1807,2.438679,6.400000e-08
549.3338,2.436329,5.550000e-08
552.5051,2.434020,4.810000e-08
555.6948,2.431750,4.170000e-08
558.9028,2.429520,3.620000e-08
562.1294,2.427327,3.150000e-08
565.3746,2.425172,2.740000e-08
568.6386,2.423053,2.380000e-08
571.9214,2.420969,2.070000e-08
575.2231,2.418920,1.810000e-08
578.5439,2.416905,1.580000e-08
581.8839,2.414923,1.380000e-08
585.2431,2.412973,1.200000e-08
588.6218,2.411055,1.050000e-08
592.0199,2.409168,9.210000e-09
595.4377,2.407311,8.060000e-09
598.8752,2.405484,7.060000e-09
602.3325,2.403686,6.190000e-09
605.8098,2.401916,5.430000e-09
609.3072,2.400174,4.760000e-09
612.8248,2.398459,4.180000e-09
616.3627,2.396771,3.670000e-09
619.9210,2.395109,3.230000e-09
623.4998,2.393473,2.840000e-09
627.0993,2.391862,2.490000e-09
630.7196,2.390275,2.190000e-09
634.3608,2.388712,1.930000e-09
638.0230,2.387173,1.700000e-09
641.7063,2.385657,1.490000e-09
645.4109,2.384164,1.310000e-09
649.1369,2.382693,1.150000e-09
652.8844,2.381243,1.010000e-09
656.6536,2.379815,8.860000e-10
660.4445,2.378408,7.760000e-10
664.2573,2.377022,6.790000e-10
668.0921,2.375655,5.930000e-10
671.9490,2.374308,5.160000e-10
675.8282,2.372981,4.490000e-10
679.7298,2.371673,3.890000e-10
683.6539,2.370383,3.350000e-10
687.6007,2.369111,2.870000e-10
691.5703,2.367858,2.450000e-10
695.5628,2.366622,2.070000e-10
699.5783,2.365404,1.730000e-10
