fingerprint,family,params,status,pump_id,pump_label,pump_sym_class,pump_te_fraction,sh_label,sh_te_fraction,sh_track,wavelength_sh,wavelength_sh_corrected,n_eff_pump,n_eff_sh,delta_n_residual,eta_pct_per_W_cm2,A_shg_um2,overlap_shape,overlap_linear_emode,A_eff_pump_um2,A_eff_sh_um2,pump_scattering_dB_per_m,pump_absorption_dB_per_m,sh_scattering_dB_per_m,sh_absorption_dB_per_m,L_opt_mm,L_eff_mm,peak_efficiency_pct_per_W,cerenkov_allowed_any,eta_screen_pct_per_W_cm2,overlap_shape_screen,sh_label_screen,export_path,pump_identify_similarity,sh_identify_similarity,sh_label_old,overlap_abs,nce_d33_only_pct_per_W_cm2,share_d33,nce_d31_only_pct_per_W_cm2,share_d31,nce_d15_only_pct_per_W_cm2,share_d15,pump_power_in_core,sh_power_in_core,h,w,pair
cde1f4a6155a,ridge,"{""sidewall_angle"": 5.0, ""substrate_height"": 1000.0, ""topclad_height"": 800.0, ""substrate_material"": ""Al2O3"", ""topclad_material"": ""SiO2"", ""core_eq_o"": ""(1+2.8032/(1-0.015287/x**2)+0.36335/(1-0.036095/x**2)-33508000/(1+367200000/x**2))**0.5"", ""core_eq_e"": ""(1+0.017061/(1-0.043855/x**2)+3.1976/(1-0.022642/x**2)-57269000/(1-74226000/x**2))**0.5"", ""core_chi2"": ""AlN"", ""h_core"": 350.0, ""w_core"": 400.0}",refined,1,TM10,S,0.0246280020914757,TM60,0.1617586367019181,0,221.6176192135705,221.61784500934664,1.8932967518634447,1.893300667841933,-3.915978487700755e-06,14.899430210850864,330.7659731175762,0.0202826719650057,1.0120379591119151e-26,0.1124038088136913,0.0722727058897644,3758.9317504498144,1320.1909679793744,110999.30936976848,0.0,0.21099895,0.0614893780834164,0.0005633390555392,False,17.312510837180614,0.021762921492882,TM61,runs\trial_grid\exports\cde1f4a6155a_x00.npz,0.999974994358122,0.998984895609936,TM61,0.0020516337217994,14.897739221008925,0.999943197678538,7.646526138916746e-06,-0.0007163862393891,8.907186533270353e-06,0.0007731885608512,0.8737727403640747,0.886989414691925,350.0,400.0,TM10->TM60
9b37ff52622b,ridge,"{""sidewall_angle"": 5.0, ""substrate_height"": 1000.0, ""topclad_height"": 800.0, ""substrate_material"": ""Al2O3"", ""topclad_material"": ""SiO2"", ""core_eq_o"": ""(1+2.8032/(1-0.015287/x**2)+0.36335/(1-0.036095/x**2)-33508000/(1+367200000/x**2))**0.5"", ""core_eq_e"": ""(1+0.017061/(1-0.043855/x**2)+3.1976/(1-0.022642/x**2)-57269000/(1-74226000/x**2))**0.5"", ""core_chi2"": ""AlN"", ""h_core"": 400.0, ""w_core"": 400.0}",refined,2,TM10,S,0.0375751003399314,TM62,0.2163154762288932,2,221.0252526857005,221.02745849813536,1.9063247569645967,1.906363382143237,-3.862517863972848e-05,11.795001686766504,411.5046640513277,0.0190238995051783,3.796505252720895e-26,0.1203983304436992,0.0849543421480516,3941.559663795541,1080.666539231352,102404.02240383008,0.0,0.2209989,0.0658886531971529,0.0005120581326727,False,12.2570649286742,0.0193266154042242,TM64,runs\trial_grid\exports\9b37ff52622b_x00.npz,0.9999885737144796,0.9997990235334308,TM64,0.0018205455534984,11.69149566583814,0.9956027147015488,2.3808775405066307e-11,1.4207562157236775e-06,0.0002279221490985,0.0043958645422355,0.884769856929779,0.8746016025543213,400.0,400.0,TM10->TM62
1a03c9579098,ridge,"{""sidewall_angle"": 5.0, ""substrate_height"": 1000.0, ""topclad_height"": 800.0, ""substrate_material"": ""Al2O3"", ""topclad_material"": ""SiO2"", ""core_eq_o"": ""(1+2.8032/(1-0.015287/x**2)+0.36335/(1-0.036095/x**2)-33508000/(1+367200000/x**2))**0.5"", ""core_eq_e"": ""(1+0.017061/(1-0.043855/x**2)+3.1976/(1-0.022642/x**2)-57269000/(1-74226000/x**2))**0.5"", ""core_chi2"": ""AlN"", ""h_core"": 300.0, ""w_core"": 300.0}",refined,0,TM00,A,0.0023488252881969,TM40,0.0793839213640491,0,220.7696321991636,220.76702969011023,2.009220597076906,2.009175445932297,4.515114460890146e-05,10.559190131085089,393.5261898819175,0.0151762907063988,0.0087882208968314,0.0761520365292171,0.05002390946742,1580.1087088072327,1618.7893254378732,77977.16695682185,0.0,0.3009985,0.0890793044739737,0.0008378846703854,False,11.101502847154876,0.0155357262409017,TM43,runs\trial_grid\exports\1a03c9579098_x00.npz,0.999997258777753,0.9999617438987056,TM43,0.0017205424724515,10.339636850613235,0.9895489202594964,0.0001227857544889,0.003410033284136,0.0005234861148113,0.0070410464563678,0.913142740726471,0.886505663394928,300.0,300.0,TM00->TM40
9b37ff52622b,ridge,"{""sidewall_angle"": 5.0, ""substrate_height"": 1000.0, ""topclad_height"": 800.0, ""substrate_material"": ""Al2O3"", ""topclad_material"": ""SiO2"", ""core_eq_o"": ""(1+2.8032/(1-0.015287/x**2)+0.36335/(1-0.036095/x**2)-33508000/(1+367200000/x**2))**0.5"", ""core_eq_e"": ""(1+0.017061/(1-0.043855/x**2)+3.1976/(1-0.022642/x**2)-57269000/(1-74226000/x**2))**0.5"", ""core_chi2"": ""AlN"", ""h_core"": 400.0, ""w_core"": 400.0}",refined,1,TM01,A,0.0062805043745446,TM06,0.0199827887637457,1,220.8595769725385,220.85724197035145,1.9081408240772253,1.908105725714022,3.50983632035895e-05,9.972283287207752,486.0776624960925,0.023599321211857,0.0150422043675718,0.1518525566131069,0.132199589520483,1017.1274020553408,2265.356513147804,6472.811971344697,0.0,1.33099335,0.4901731731028294,0.0239603790893097,False,9.8255771568977,0.0233039434282951,TM66,runs\trial_grid\exports\9b37ff52622b_x01.npz,0.9999875168630769,0.9952950006223812,TM66,0.0016727238024717,8.203568493295366,0.906993330502228,0.0060551234017266,0.0246413324731226,0.0466086516817755,0.0683653370246491,0.8488974571228027,0.7300466895103455,400.0,400.0,TM01->TM06
71b2c9782f1d,ridge,"{""sidewall_angle"": 5.0, ""substrate_height"": 1000.0, ""topclad_height"": 800.0, ""substrate_material"": ""Al2O3"", ""topclad_material"": ""SiO2"", ""core_eq_o"": ""(1+2.8032/(1-0.015287/x**2)+0.36335/(1-0.036095/x**2)-33508000/(1+367200000/x**2))**0.5"", ""core_eq_e"": ""(1+0.017061/(1-0.043855/x**2)+3.1976/(1-0.022642/x**2)-57269000/(1-74226000/x**2))**0.5"", ""core_chi2"": ""AlN"", ""h_core"": 400.0, ""w_core"": 500.0}",refined,2,TM01,A,0.0121016126750897,TM06,0.0274640440652716,2,220.1099965492048,220.105962174374,1.929364468637811,1.9293036786145112,6.079002329983929e-05,8.018860259483077,588.7551241014687,0.0230209327425773,0.0133302436611949,0.1815419946206562,0.1680357214735906,592.1592348005546,2266.4709804049344,3127.7249689986656,0.0,2.0209899000000004,0.7332009001356444,0.0431080744511243,False,7.8948554422024575,0.022788085369287,TM26,runs\trial_grid\exports\71b2c9782f1d_x00.npz,0.9999998030982512,0.9999688736240012,TM26,0.0014948814173462,6.563724895040283,0.9047298075501884,0.0052372605985003,0.025556172213666,0.0389720120866593,0.0697140202361456,0.8661465644836426,0.7606115341186523,400.0,500.0,TM01->TM06
5575565c7993,ridge,"{""sidewall_angle"": 5.0, ""substrate_height"": 1000.0, ""topclad_height"": 800.0, ""substrate_material"": ""Al2O3"", ""topclad_material"": ""SiO2"", ""core_eq_o"": ""(1+2.8032/(1-0.015287/x**2)+0.36335/(1-0.036095/x**2)-33508000/(1+367200000/x**2))**0.5"", ""core_eq_e"": ""(1+0.017061/(1-0.043855/x**2)+3.1976/(1-0.022642/x**2)-57269000/(1-74226000/x**2))**0.5"", ""core_chi2"": ""AlN"", ""h_core"": 350.0, ""w_core"": 300.0}",refined,0,TM00,A,0.0016737636892582,TM40,0.0862795021017823,1,219.6886812506941,219.6837998657361,2.029854713354604,2.029765257354137,8.945600046672553e-05,6.729176849698287,604.7877622333956,0.0124044445915594,0.0046885566261722,0.0802306169100456,0.0482513611293243,1736.1304115639573,1194.715726880607,87190.94866707345,0.0,0.29099855,0.082003027272351,0.000452503260514,False,6.872961335724601,0.012533268712252,TM41,runs\trial_grid\exports\5575565c7993_x00.npz,0.9999996609981282,0.9999790492693552,TM41,0.0013667826446598,6.7967834099707485,1.0050105757242898,2.886443034085524e-06,-0.0006549383358099,0.000127663163234,-0.0043556373884798,0.929800510406494,0.8937773704528809,350.0,300.0,TM00->TM40
cde1f4a6155a,ridge,"{""sidewall_angle"": 5.0, ""substrate_height"": 1000.0, ""topclad_height"": 800.0, ""substrate_material"": ""Al2O3"", ""topclad_material"": ""SiO2"", ""core_eq_o"": ""(1+2.8032/(1-0.015287/x**2)+0.36335/(1-0.036095/x**2)-33508000/(1+367200000/x**2))**0.5"", ""core_eq_e"": ""(1+0.017061/(1-0.043855/x**2)+3.1976/(1-0.022642/x**2)-57269000/(1-74226000/x**2))**0.5"", ""core_chi2"": ""AlN"", ""h_core"": 350.0, ""w_core"": 400.0}",refined,0,TM00,A,0.0014365243088007,TM04,0.0106322231510062,34,228.8155445083343,228.8158990721077,2.050028075953529,2.050032318188814,-4.2422352848348055e-06,6.161930182254284,591.0005374399835,0.014435079721148,0.0086361622858589,0.1032814014776239,0.1098380356278027,788.7265305115806,1170.9932573241167,1734.211520743373,0.0,3.2409838000000004,1.1602640409020628,0.0829526832655708,False,6.081906918809011,0.0143661283650896,TM04,runs\trial_grid\exports\cde1f4a6155a_x01.npz,0.9999962801639644,0.9999950643699734,TM04,0.0013622431117602,5.361422809610588,0.932785149441622,0.0029266623764282,0.0217935463591366,0.012712647692678,0.0454213041992414,0.9460428953170776,0.8852546215057373,350.0,400.0,TM00->TM04
6161f3393bb0,ridge,"{""sidewall_angle"": 5.0, ""substrate_height"": 1000.0, ""topclad_height"": 800.0, ""substrate_material"": ""Al2O3"", ""topclad_material"": ""SiO2"", ""core_eq_o"": ""(1+2.8032/(1-0.015287/x**2)+0.36335/(1-0.036095/x**2)-33508000/(1+367200000/x**2))**0.5"", ""core_eq_e"": ""(1+0.017061/(1-0.043855/x**2)+3.1976/(1-0.022642/x**2)-57269000/(1-74226000/x**2))**0.5"", ""core_chi2"": ""AlN"", ""h_core"": 300.0, ""w_core"": 400.0}",refined,0,TM00,A,0.00170130001532,TM04,0.0090874103013672,2,218.59240511367807,218.58689848164155,2.0470012956602925,2.046902436374645,9.885928564745684e-05,5.447158507329163,735.8384814819676,0.0126401350321614,0.0135494309585282,0.093301100341292,0.0990010993041815,752.4683761844008,1569.751414348504,2115.9703959180383,0.0,2.7009865000000004,0.9686295349416116,0.0511075929788059,False,5.47604731547508,0.0127179850452113,TM04,runs\trial_grid\exports\6161f3393bb0_x00.npz,0.9999928801070428,0.9999380274061412,TM04,0.0012235757562375,4.5067163045041685,0.9095885934081872,0.0042498187767068,0.0279318757079317,0.0212640374977633,0.0624795308838808,0.9384306073188782,0.8527336716651917,300.0,400.0,TM00->TM04
9cc0f83b393e,ridge,"{""sidewall_angle"": 5.0, ""substrate_height"": 1000.0, ""topclad_height"": 800.0, ""substrate_material"": ""Al2O3"", ""topclad_material"": ""SiO2"", ""core_eq_o"": ""(1+2.8032/(1-0.015287/x**2)+0.36335/(1-0.036095/x**2)-33508000/(1+367200000/x**2))**0.5"", ""core_eq_e"": ""(1+0.017061/(1-0.043855/x**2)+3.1976/(1-0.022642/x**2)-57269000/(1-74226000/x**2))**0.5"", ""core_chi2"": ""AlN"", ""h_core"": 400.0, ""w_core"": 300.0}",refined,0,TM00,A,0.0012601521831439,TM40,0.0854131587616866,2,218.99739154128045,218.99901229562724,2.043429094448484,2.043460687980166,-3.159353168191714e-05,5.227652528453794,767.866983772063,0.011281245604835,0.003818348413554,0.0852239020424224,0.0492032031440044,1853.7048714929567,916.7649377367302,84898.84420591209,0.0,0.3009985,0.084555939864258,0.0003737618370022,False,5.074987217241787,0.0111291308453594,TM42,runs\trial_grid\exports\9cc0f83b393e_x00.npz,0.9999970989929278,0.9999994583479476,TM42,0.0012008892791778,5.275746818837734,1.004589506351309,9.226665299633328e-07,-0.0004201158316677,9.087654767766255e-05,-0.0041693905196412,0.9388047456741332,0.8976422548294067,400.0,300.0,TM00->TM40
1a03c9579098,ridge,"{""sidewall_angle"": 5.0, ""substrate_height"": 1000.0, ""topclad_height"": 800.0, ""substrate_material"": ""Al2O3"", ""topclad_material"": ""SiO2"", ""core_eq_o"": ""(1+2.8032/(1-0.015287/x**2)+0.36335/(1-0.036095/x**2)-33508000/(1+367200000/x**2))**0.5"", ""core_eq_e"": ""(1+0.017061/(1-0.043855/x**2)+3.1976/(1-0.022642/x**2)-57269000/(1-74226000/x**2))**0.5"", ""core_chi2"": ""AlN"", ""h_core"": 300.0, ""w_core"": 300.0}",refined,0,TM00,A,0.0023028844991317,TM04?,0.0415397734455746,2,219.45911890746063,219.4538930844478,2.0118135095881167,2.0117224706217107,9.1038966405943e-05,4.961600284052193,844.2741273407069,0.0105917496949561,0.0106155473787572,0.0756399624831253,0.0640681395505256,1588.5673673141623,1613.990388257368,11621.55559441218,0.0,0.99099505,0.3596282487544465,0.0064169605611972,False,4.71467655190991,0.0103361231224292,TM24,runs\trial_grid\exports\1a03c9579098_x01.npz,0.9999986444400506,0.999690689143628,TM24,0.0011723982635588,4.098653334737048,0.9088867002415308,0.0035408218524333,0.0267141397335347,0.0205770018119941,0.0643991600249344,0.9147540926933287,0.8580813407897949,300.0,300.0,TM00->TM04?
a71d9c3d15aa,ridge,"{""sidewall_angle"": 5.0, ""substrate_height"": 1000.0, ""topclad_height"": 800.0, ""substrate_material"": ""Al2O3"", ""topclad_material"": ""SiO2"", ""core_eq_o"": ""(1+2.8032/(1-0.015287/x**2)+0.36335/(1-0.036095/x**2)-33508000/(1+367200000/x**2))**0.5"", ""core_eq_e"": ""(1+0.017061/(1-0.043855/x**2)+3.1976/(1-0.022642/x**2)-57269000/(1-74226000/x**2))**0.5"", ""core_chi2"": ""AlN"", ""h_core"": 350.0, ""w_core"": 500.0}",refined,0,TM00,A,0.0011225761182833,TM04,0.0057858674611239,33,227.85774537527828,227.8592518441864,2.0703777756416,2.0703963686779514,-1.8593036351433057e-05,4.76412895263903,748.3284091930983,0.013957588732641,0.0079387461331072,0.1235846745263592,0.1375197930227019,434.0830133877702,1145.230549913426,1181.6840258847988,0.0,4.3209784,1.5278677275534711,0.1112128635780757,False,4.598608238594482,0.0137512936480947,TM04,runs\trial_grid\exports\a71d9c3d15aa_x00.npz,0.9999893109848668,0.999996158210422,TM04,0.0011927960619083,4.130970672059748,0.9311815129132164,0.0024773114566414,0.0228033469420942,0.0100875318615599,0.0460151401446894,0.9568565487861632,0.8925312161445618,350.0,500.0,TM00->TM04
4ba92adb5fc8,ridge,"{""sidewall_angle"": 5.0, ""substrate_height"": 1000.0, ""topclad_height"": 800.0, ""substrate_material"": ""Al2O3"", ""topclad_material"": ""SiO2"", ""core_eq_o"": ""(1+2.8032/(1-0.015287/x**2)+0.36335/(1-0.036095/x**2)-33508000/(1+367200000/x**2))**0.5"", ""core_eq_e"": ""(1+0.017061/(1-0.043855/x**2)+3.1976/(1-0.022642/x**2)-57269000/(1-74226000/x**2))**0.5"", ""core_chi2"": ""AlN"", ""h_core"": 300.0, ""w_core"": 700.0}",refined,2,TM20,A,0.0164841318967731,TM100,0.0259957473588985,37,229.38027725239667,229.37939679833343,1.888915426537387,1.8889031908809504,1.2235656436709874e-05,4.659477873759547,994.1957368425316,0.0139720471367991,0.0055320103763665,0.1697628664108662,0.111480901872995,1745.115589402704,1662.8089963491764,45615.50764598697,0.0,0.4209979,0.1363493105290461,0.0008662497976578,False,4.127395090701183,0.0131845896325228,TM101,runs\trial_grid\exports\4ba92adb5fc8_x00.npz,0.9999966545146372,0.9995932582843328,TM101,0.0011875048856917,4.692654256777162,1.003553747929743,1.0585514454081995e-05,-0.0015072571168003,1.9514475450608212e-05,-0.0020464908129426,0.8929716348648071,0.9276121854782104,300.0,700.0,TM20->TM100
5575565c7993,ridge,"{""sidewall_angle"": 5.0, ""substrate_height"": 1000.0, ""topclad_height"": 800.0, ""substrate_material"": ""Al2O3"", ""topclad_material"": ""SiO2"", ""core_eq_o"": ""(1+2.8032/(1-0.015287/x**2)+0.36335/(1-0.036095/x**2)-33508000/(1+367200000/x**2))**0.5"", ""core_eq_e"": ""(1+0.017061/(1-0.043855/x**2)+3.1976/(1-0.022642/x**2)-57269000/(1-74226000/x**2))**0.5"", ""core_chi2"": ""AlN"", ""h_core"": 350.0, ""w_core"": 300.0}",refined,0,TM00,A,0.0019603828316127,TE13,0.5559056992669373,35,230.25047947454965,230.249254134186,2.0109108746632933,2.010897549367069,1.3325296223776206e-05,4.580473839765144,831.8958163795741,0.0109230353248832,0.0034603539492269,0.0841273332215454,0.0899906889665365,1665.7491503914148,1229.3174514520445,14535.301959257857,0.0,0.9109954500000002,0.3248814140812145,0.0048345954693446,False,4.43228487484119,0.010735652788397,TE13,runs\trial_grid\exports\5575565c7993_x01.npz,0.9999997730377944,0.9999195468298232,TE13,0.0011818609180564,3.984054773868495,0.9326259859490458,0.0017328369800688,0.0194501840658825,0.0105199412373363,0.0479238299850716,0.9190978407859802,0.9045446515083312,350.0,300.0,TM00->TE13
93b2e9cb174c,ridge,"{""sidewall_angle"": 5.0, ""substrate_height"": 1000.0, ""topclad_height"": 800.0, ""substrate_material"": ""Al2O3"", ""topclad_material"": ""SiO2"", ""core_eq_o"": ""(1+2.8032/(1-0.015287/x**2)+0.36335/(1-0.036095/x**2)-33508000/(1+367200000/x**2))**0.5"", ""core_eq_e"": ""(1+0.017061/(1-0.043855/x**2)+3.1976/(1-0.022642/x**2)-57269000/(1-74226000/x**2))**0.5"", ""core_chi2"": ""AlN"", ""h_core"": 400.0, ""w_core"": 600.0}",refined,2,TM01,A,0.2287200868024707,TM06,0.0327023987244358,2,219.71771924844728,219.71021949095783,1.9396853050463023,1.939561983731844,0.0001233213144586,4.578067127053856,1018.5385920536138,0.0228056183070207,0.0089599682427607,0.2316329131400944,0.1926997000639892,729.3735603128503,2003.9426689697625,2147.133648601391,0.0,2.4409878000000003,0.8681065453903035,0.0345007247120654,False,4.795163134801563,0.0233497932511551,TM06,runs\trial_grid\exports\93b2e9cb174c_x00.npz,0.9999884329720696,0.9998451267763798,TM06,0.0011275008558504,3.662325310250318,0.8944114522287359,0.0045117240921684,0.0313928076296281,0.0252022989371242,0.0741957401416361,0.8951721787452698,0.7783753871917725,400.0,600.0,TM01->TM06
22014072663e,ridge,"{""sidewall_angle"": 5.0, ""substrate_height"": 1000.0, ""topclad_height"": 800.0, ""substrate_material"": ""Al2O3"", ""topclad_material"": ""SiO2"", ""core_eq_o"": ""(1+2.8032/(1-0.015287/x**2)+0.36335/(1-0.036095/x**2)-33508000/(1+367200000/x**2))**0.5"", ""core_eq_e"": ""(1+0.017061/(1-0.043855/x**2)+3.1976/(1-0.022642/x**2)-57269000/(1-74226000/x**2))**0.5"", ""core_chi2"": ""AlN"", ""h_core"": 300.0, ""w_core"": 500.0}",refined,1,TM10,S,0.0088099127700222,TM80,0.0278959229221153,4,216.3650390975478,216.3554470372109,1.9602042731258384,1.9599550902394287,0.0002491828864092,3.984576291235256,1169.3672301108627,0.0106726415459542,1.0355039131768548e-27,0.1171374028123813,0.0739804224881944,1861.7108886337944,1615.528635635138,78507.44452576496,0.0,0.29099855,0.0874131124683896,0.0003044635556137,False,3.945669409990308,0.0106170257529317,TM81,runs\trial_grid\exports\22014072663e_x00.npz,0.9999885009871118,0.9999747194836676,TM81,0.001035830605475,4.010176334021475,1.0032075077123987,4.568402088389623e-06,-0.0010707576835412,1.819237331800337e-05,-0.0021367500288575,0.912050724029541,0.920928955078125,300.0,500.0,TM10->TM80
22014072663e,ridge,"{""sidewall_angle"": 5.0, ""substrate_height"": 1000.0, ""topclad_height"": 800.0, ""substrate_material"": ""Al2O3"", ""topclad_material"": ""SiO2"", ""core_eq_o"": ""(1+2.8032/(1-0.015287/x**2)+0.36335/(1-0.036095/x**2)-33508000/(1+367200000/x**2))**0.5"", ""core_eq_e"": ""(1+0.017061/(1-0.043855/x**2)+3.1976/(1-0.022642/x**2)-57269000/(1-74226000/x**2))**0.5"", ""core_chi2"": ""AlN"", ""h_core"": 300.0, ""w_core"": 500.0}",refined,0,TM00,A,0.0013320885957488,TM04,0.064355935267552,1,218.03417915812503,218.0357647187414,2.065280213384424,2.065308646734941,-2.8433350517165223e-05,3.937956216467189,996.077317987234,0.0117808883202369,0.0119242853043509,0.1118675018988499,0.1263680500319677,415.6141970985631,1550.0055207662972,3153.760760818001,0.0,2.4609877000000004,0.9038257754202126,0.0321692049843917,False,3.72875633113378,0.011495759784867,TM44,runs\trial_grid\exports\22014072663e_x02.npz,0.9999878635005016,0.9999978858526766,TM44,0.0010376972760284,3.262875787519986,0.9102587518628652,0.0032007801024436,0.0285096911093286,0.0147645909971668,0.0612315570278061,0.9479684233665466,0.8654890656471252,300.0,500.0,TM00->TM04
4ba92adb5fc8,ridge,"{""sidewall_angle"": 5.0, ""substrate_height"": 1000.0, ""topclad_height"": 800.0, ""substrate_material"": ""Al2O3"", ""topclad_material"": ""SiO2"", ""core_eq_o"": ""(1+2.8032/(1-0.015287/x**2)+0.36335/(1-0.036095/x**2)-33508000/(1+367200000/x**2))**0.5"", ""core_eq_e"": ""(1+0.017061/(1-0.043855/x**2)+3.1976/(1-0.022642/x**2)-57269000/(1-74226000/x**2))**0.5"", ""core_chi2"": ""AlN"", ""h_core"": 300.0, ""w_core"": 700.0}",refined,2,TM20,A,0.0166603894261287,TM04,0.0042529730350627,35,230.1771515691682,230.1678664991872,1.886667794025244,1.886598610834286,6.918319095805536e-05,3.8815431091191,1189.4790715402837,0.0162077615654389,0.0002982566624457,0.1704783132742457,0.2107946439942983,1742.810777416447,1665.4046655004988,1212.0116138633111,0.0,2.6809866,0.8771037494726701,0.0298611376167537,False,3.894914545242612,0.0161238351791034,TM04,runs\trial_grid\exports\4ba92adb5fc8_x01.npz,0.9999997216034602,0.9998675570551838,TM04,0.0010876147654012,3.4970834191156284,0.9491848606180822,0.0003556077659569,0.0095715754037079,0.0066026269548821,0.0412435639782095,0.89156574010849,0.5942590832710266,300.0,700.0,TM20->TM04
8f914b33fc75,ridge,"{""sidewall_angle"": 5.0, ""substrate_height"": 1000.0, ""topclad_height"": 800.0, ""substrate_material"": ""Al2O3"", ""topclad_material"": ""SiO2"", ""core_eq_o"": ""(1+2.8032/(1-0.015287/x**2)+0.36335/(1-0.036095/x**2)-33508000/(1+367200000/x**2))**0.5"", ""core_eq_e"": ""(1+0.017061/(1-0.043855/x**2)+3.1976/(1-0.022642/x**2)-57269000/(1-74226000/x**2))**0.5"", ""core_chi2"": ""AlN"", ""h_core"": 350.0, ""w_core"": 600.0}",refined,0,TM00,A,0.0009065185087782,TM04,0.0126884209004903,36,227.23077704443685,227.23165809523675,2.082214513198563,2.082225483284595,-1.0970086031569792e-05,3.852661577985689,914.707330184432,0.0135684926678982,0.0070733255221111,0.1444348616254929,0.1534131060281673,265.3906187631385,1132.020063734634,1654.0165987744067,0.0,3.990980050000001,1.4526452793827662,0.0812980288882487,False,3.99103463014535,0.0137772256238416,TM44,runs\trial_grid\exports\8f914b33fc75_x00.npz,0.9999897988408858,0.9999595933473524,TM44,0.0010696907389063,3.3507519728666697,0.932589988506593,0.0019813685731784,0.0226778690444082,0.0077090379316148,0.0447321424489986,0.9620001912117004,0.9008458256721495,350.0,600.0,TM00->TM04
22014072663e,ridge,"{""sidewall_angle"": 5.0, ""substrate_height"": 1000.0, ""topclad_height"": 800.0, ""substrate_material"": ""Al2O3"", ""topclad_material"": ""SiO2"", ""core_eq_o"": ""(1+2.8032/(1-0.015287/x**2)+0.36335/(1-0.036095/x**2)-33508000/(1+367200000/x**2))**0.5"", ""core_eq_e"": ""(1+0.017061/(1-0.043855/x**2)+3.1976/(1-0.022642/x**2)-57269000/(1-74226000/x**2))**0.5"", ""core_chi2"": ""AlN"", ""h_core"": 300.0, ""w_core"": 500.0}",refined,1,TM10,S,0.0101443142263354,TM04,0.1334690806991667,33,225.7540838691404,225.7506139777051,1.9364008370234644,1.9363603723393603,4.046468410412452e-05,3.7985603972010313,1168.662335791956,0.0123254913541835,1.5623062560456387e-27,0.1228456073040927,0.146094360859569,1822.71903074878,1649.993171828275,4353.816719410885,0.0,1.5609922,0.5706481116649128,0.0123696042471685,False,3.9392037034527134,0.0125722417419049,TM04,runs\trial_grid\exports\22014072663e_x01.npz,0.9999963391002836,0.9999330448445538,TM04,0.0010552510172342,3.334061011226918,0.9368656103188878,0.000878175996234,0.0152048208380875,0.0087262166725048,0.0479295688430244,0.8981447815895081,0.7511205673217773,300.0,500.0,TM10->TM04
eb165d8d6f8a,ridge,"{""sidewall_angle"": 5.0, ""substrate_height"": 1000.0, ""topclad_height"": 800.0, ""substrate_material"": ""Al2O3"", ""topclad_material"": ""SiO2"", ""core_eq_o"": ""(1+2.8032/(1-0.015287/x**2)+0.36335/(1-0.036095/x**2)-33508000/(1+367200000/x**2))**0.5"", ""core_eq_e"": ""(1+0.017061/(1-0.043855/x**2)+3.1976/(1-0.022642/x**2)-57269000/(1-74226000/x**2))**0.5"", ""core_chi2"": ""AlN"", ""h_core"": 300.0, ""w_core"": 600.0}",refined,0,TM00,A,0.0010661573857981,TM04,0.0069066510819843,5,217.63540033443653,217.62731025029623,2.075986581690096,2.075829215588517,0.000157366101579,3.600706018093371,1076.6352083443253,0.0122527471102792,0.0121181476324948,0.1308548646652584,0.1445376514518956,255.7000085545845,1539.6146282801144,1558.7840239167683,0.0,3.5709821500000007,1.275353293688425,0.0585664204220097,False,3.534305501220884,0.012192155180555,TM04,runs\trial_grid\exports\eb165d8d6f8a_x00.npz,0.9999837778873512,0.9994128221618276,TM04,0.000990453375503,2.9715632160777337,0.9084450842799446,0.0030905123208566,0.02929688403589,0.013956560018818,0.0622580316841653,0.9525505900382996,0.8671377301216125,300.0,600.0,TM00->TM04
00ba18d567d4,ridge,"{""sidewall_angle"": 5.0, ""substrate_height"": 1000.0, ""topclad_height"": 800.0, ""substrate_material"": ""Al2O3"", ""topclad_material"": ""SiO2"", ""core_eq_o"": ""(1+2.8032/(1-0.015287/x**2)+0.36335/(1-0.036095/x**2)-33508000/(1+367200000/x**2))**0.5"", ""core_eq_e"": ""(1+0.017061/(1-0.043855/x**2)+3.1976/(1-0.022642/x**2)-57269000/(1-74226000/x**2))**0.5"", ""core_chi2"": ""AlN"", ""h_core"": 350.0, ""w_core"": 700.0}",refined,0,TM00,A,0.0007490929861812,TM04,0.0142249180793608,35,226.8931542131224,226.8944369081919,2.089572126405641,2.0895885709734205,-1.6444567779494434e-05,3.464965439780614,1009.34309098417,0.0138333570530896,0.0074732787806595,0.1655842874192099,0.1881778725032352,174.92873901351916,1124.8224547597088,1131.862852706995,0.0,4.9209754000000006,1.7597128158035424,0.107295745387658,False,3.626589564435652,0.0141264704671398,TM64,runs\trial_grid\exports\00ba18d567d4_x00.npz,0.9999930918812768,0.9998949644540408,TM64,0.0010129348804503,3.0101347499374547,0.9320592591657764,0.0018320024815675,0.0229939501365733,0.0069999713462824,0.0449467906976501,0.964727818965912,0.9012417793273926,350.0,700.0,TM00->TM04
5575565c7993,ridge,"{""sidewall_angle"": 5.0, ""substrate_height"": 1000.0, ""topclad_height"": 800.0, ""substrate_material"": ""Al2O3"", ""topclad_material"": ""SiO2"", ""core_eq_o"": ""(1+2.8032/(1-0.015287/x**2)+0.36335/(1-0.036095/x**2)-33508000/(1+367200000/x**2))**0.5"", ""core_eq_e"": ""(1+0.017061/(1-0.043855/x**2)+3.1976/(1-0.022642/x**2)-57269000/(1-74226000/x**2))**0.5"", ""core_chi2"": ""AlN"", ""h_core"": 350.0, ""w_core"": 300.0}",refined,0,TM00,A,0.001996787048863,TE13,0.5742654589002542,36,231.51248560333545,231.51170157232613,2.008749586239213,2.0087416817920825,7.904447130613335e-06,3.30914852745548,1142.6552943335007,0.0094337831654023,0.0072777001455691,0.0846099011362384,0.0919196115754863,1656.856842402108,1233.2745530223692,14709.421656315171,0.0,0.9109954500000002,0.3225687842882195,0.0034431895792998,False,3.327718740657762,0.0094328636443969,TE13,runs\trial_grid\exports\5575565c7993_x02.npz,0.999991851377136,0.9997766647463447,TE13,0.0010100510122831,2.895361040168892,0.9353909479401142,0.0015084967656274,0.0213507920824061,0.0061923357149542,0.0432582599774796,0.9177663922309875,0.8777909278869629,350.0,300.0,TM00->TE13
9b37ff52622b,ridge,"{""sidewall_angle"": 5.0, ""substrate_height"": 1000.0, ""topclad_height"": 800.0, ""substrate_material"": ""Al2O3"", ""topclad_material"": ""SiO2"", ""core_eq_o"": ""(1+2.8032/(1-0.015287/x**2)+0.36335/(1-0.036095/x**2)-33508000/(1+367200000/x**2))**0.5"", ""core_eq_e"": ""(1+0.017061/(1-0.043855/x**2)+3.1976/(1-0.022642/x**2)-57269000/(1-74226000/x**2))**0.5"", ""core_chi2"": ""AlN"", ""h_core"": 400.0, ""w_core"": 400.0}",refined,2,TM10,S,0.0329450232340158,TM61,0.3315148349776096,5,216.53162005075123,216.511400910226,1.9190153140745976,1.918542851339412,0.0004724627351859,3.2721321412475555,1515.493768979313,0.0096283681520767,1.4001435731697459e-26,0.1173524434549366,0.1003657434889763,3988.3094968692217,1061.290362289893,119753.19538965102,0.0,0.19099905,0.0577465210038969,0.0001091145041753,False,2.967769057284948,0.0091711824747985,TM64,runs\trial_grid\exports\9b37ff52622b_x02.npz,0.9999756222924978,0.9790317103568528,TM64,0.0009393931429968,3.3932969888663056,1.0183464774425104,1.1923647167414811e-06,0.0006036555359528,0.0011750470717409,-0.0189501329784632,0.8926250338554382,0.9055647253990172,400.0,400.0,TM10->TM61
a71d9c3d15aa,ridge,"{""sidewall_angle"": 5.0, ""substrate_height"": 1000.0, ""topclad_height"": 800.0, ""substrate_material"": ""Al2O3"", ""topclad_material"": ""SiO2"", ""core_eq_o"": ""(1+2.8032/(1-0.015287/x**2)+0.36335/(1-0.036095/x**2)-33508000/(1+367200000/x**2))**0.5"", ""core_eq_e"": ""(1+0.017061/(1-0.043855/x**2)+3.1976/(1-0.022642/x**2)-57269000/(1-74226000/x**2))**0.5"", ""core_chi2"": ""AlN"", ""h_core"": 350.0, ""w_core"": 500.0}",refined,1,TM10,S,0.0079721130957485,TM80,0.0420276060845007,4,215.7452550119176,215.73268588735675,1.980203693729592,1.9798406595387927,0.0003630341907987,3.2467586785601896,1400.1466858822962,0.0099942657643404,5.967725680805608e-31,0.1244725458239574,0.0786281309874996,2001.7012463304136,1195.3743850572123,75092.72373297466,0.0,0.31099845,0.0919692502634764,0.0002746219852209,False,3.2589834441960543,0.0100163398635664,TM82,runs\trial_grid\exports\a71d9c3d15aa_x01.npz,0.99999727423051,0.9896603433810426,TM82,0.00093234552614,3.254698891176888,1.0012221750340389,6.233950636615781e-07,-0.0004381842176984,1.9955924270105364e-06,-0.0007839908163401,0.9283766150474548,0.9218801856040956,350.0,500.0,TM10->TM80
4ba92adb5fc8,ridge,"{""sidewall_angle"": 5.0, ""substrate_height"": 1000.0, ""topclad_height"": 800.0, ""substrate_material"": ""Al2O3"", ""topclad_material"": ""SiO2"", ""core_eq_o"": ""(1+2.8032/(1-0.015287/x**2)+0.36335/(1-0.036095/x**2)-33508000/(1+367200000/x**2))**0.5"", ""core_eq_e"": ""(1+0.017061/(1-0.043855/x**2)+3.1976/(1-0.022642/x**2)-57269000/(1-74226000/x**2))**0.5"", ""core_chi2"": ""AlN"", ""h_core"": 300.0, ""w_core"": 700.0}",refined,0,TM00,A,0.0008768526008146,TM04,0.0051747614033618,4,217.4159564135873,217.4095434675885,2.0826763761404377,2.082552341952275,0.0001240341881625,3.1168566423158577,1234.2890056935637,0.0122364356590082,0.0120170920485457,0.1500653798990208,0.1694660822793879,169.91280207189195,1533.895211169435,1265.8494007065435,0.0,4.0209799,1.4196447559166927,0.062816855514467,False,3.182456724117703,0.0123162893889817,TM04,runs\trial_grid\exports\4ba92adb5fc8_x02.npz,0.9999838720935172,0.9999332692638124,TM04,0.0009205777507459,2.5726213191566303,0.9085096869021192,0.0027238480821168,0.0295619495227918,0.011953523729209,0.0619283635750889,0.9549960494041444,0.8693822026252747,300.0,700.0,TM00->TM04
