fingerprint,family,params,status,pump_id,pump_label,pump_sym_class,pump_te_fraction,sh_label,sh_te_fraction,sh_track,wavelength_sh,wavelength_sh_corrected,n_eff_pump,n_eff_sh,delta_n_residual,eta_pct_per_W_cm2,A_shg_um2,overlap_shape,overlap_linear_emode,A_eff_pump_um2,A_eff_sh_um2,pump_scattering_dB_per_m,pump_absorption_dB_per_m,sh_scattering_dB_per_m,sh_absorption_dB_per_m,L_opt_mm,L_eff_mm,peak_efficiency_pct_per_W,cerenkov_allowed_any,eta_screen_pct_per_W_cm2,overlap_shape_screen,sh_label_screen,export_path,pump_identify_similarity,sh_identify_similarity,overlap_abs,nce_d33_only_pct_per_W_cm2,nce_d31_only_pct_per_W_cm2,nce_d15_only_pct_per_W_cm2,share_d33,share_d31,share_d15,pump_power_in_core,sh_power_in_core,h,w,geom,pair
fa07e99f095d,loaded,"{""etch_depth"": 0.0, ""w_rib"": 500.0, ""sidewall_angle"": 5.0, ""strip_material"": ""TiO2"", ""strip_eq"": ""(0.5+0.747358*x**2/(x**2-0.0840076)+1.03335*x**2/(x**2-0.0662413)+1.02325*x**2/(x**2-0.0448956)+1.70043*x**2/(x**2-0.0225))**0.5"", ""strip_loss_eq"": ""(0.5+0.747358*x**2/(x**2-0.0840076-1j*0.0398823*(0.289841/x)**3.83574*x)+1.03335*x**2/(x**2-0.0662413-1j*0.0476189*(0.257374/x)**3.83574*x)+1.02325*x**2/(x**2-0.0448956-1j*0.0720067*(0.211886/x)**3.83574*x)+1.70043*x**2/(x**2-0.0225-1j*0.106654*(0.15/x)**3.83574*x))**0.5"", ""strip_chi2"": null, ""strip_sidewall"": 5.0, ""strip_offset"": 0.0, ""substrate_height"": 1000.0, ""topclad_height"": 800.0, ""substrate_material"": ""Al2O3"", ""topclad_material"": ""SiO2"", ""core_eq_o"": ""(1+2.8032/(1-0.015287/x**2)+0.36335/(1-0.036095/x**2)-33508000/(1+367200000/x**2))**0.5"", ""core_eq_e"": ""(1+0.017061/(1-0.043855/x**2)+3.1976/(1-0.022642/x**2)-57269000/(1-74226000/x**2))**0.5"", ""core_chi2"": ""AlN"", ""t_film"": 354.0, ""h_s"": 150.0, ""w_s"": 500.0}",refined,0,TM00,A,0.0035915396036094,TM123?,0.0035320007775291,116,230.5052868049769,231.0441250130011,2.275359831726869,2.279127799095788,-0.0037679673689181,293.0947993447489,8.939583351218518,0.2705152631524369,0.0808867951097009,0.1003857595500386,0.2273628575605334,363.73208334505233,1253987.864969381,77.7233309686365,25951263.60633484,0.001,0.0002588959419652,1.9645296994456933e-07,True,93.77513532507214,0.1478481060875299,TM161?,runs\loaded_sweep1\exports\fa07e99f095d_x01.npz,0.9999894802037586,0.6657173470931377,0.0094644555753209,292.30842807892446,0.0013073225741604,0.0034973948579489,0.9986576025342564,-0.0021119679533524,0.0034543654190959,0.2451869044875503,0.8959208205018254,,,loaded t=354 e=0 custom h_s=150 w_s=500,TM00->TM123?
625fd78e83a7,loaded,"{""etch_depth"": 0.0, ""w_rib"": 1000.0, ""sidewall_angle"": 5.0, ""strip_material"": ""TiO2"", ""strip_eq"": ""(0.5+0.747358*x**2/(x**2-0.0840076)+1.03335*x**2/(x**2-0.0662413)+1.02325*x**2/(x**2-0.0448956)+1.70043*x**2/(x**2-0.0225))**0.5"", ""strip_loss_eq"": ""(0.5+0.747358*x**2/(x**2-0.0840076-1j*0.0398823*(0.289841/x)**3.83574*x)+1.03335*x**2/(x**2-0.0662413-1j*0.0476189*(0.257374/x)**3.83574*x)+1.02325*x**2/(x**2-0.0448956-1j*0.0720067*(0.211886/x)**3.83574*x)+1.70043*x**2/(x**2-0.0225-1j*0.106654*(0.15/x)**3.83574*x))**0.5"", ""strip_chi2"": null, ""strip_sidewall"": 5.0, ""strip_offset"": 0.0, ""substrate_height"": 1000.0, ""topclad_height"": 800.0, ""substrate_material"": ""Al2O3"", ""topclad_material"": ""SiO2"", ""core_eq_o"": ""(1+2.8032/(1-0.015287/x**2)+0.36335/(1-0.036095/x**2)-33508000/(1+367200000/x**2))**0.5"", ""core_eq_e"": ""(1+0.017061/(1-0.043855/x**2)+3.1976/(1-0.022642/x**2)-57269000/(1-74226000/x**2))**0.5"", ""core_chi2"": ""AlN"", ""t_film"": 354.0, ""h_s"": 150.0, ""w_s"": 1000.0}",refined,0,TM00,A,0.0018744498389708,TM05?,0.0079134354607606,156,225.44344726909435,225.46454079292965,2.321265920998731,2.3222620847569337,-0.0009961637582027,158.73890585999658,16.27182953089056,0.3268115523232608,0.0044461392916386,0.1734253538674321,0.3731180373781461,110.21970438505436,1570533.750830935,603.1686059188237,86615531.9025136,0.001,7.247115227561462e-05,8.337075138779324e-09,True,99.26792902224932,0.2469920220987342,TM205?,runs\loaded_sweep1\exports\625fd78e83a7_x03.npz,0.9999930226453426,0.7363392263708406,0.0068122409096795,159.5584369104957,0.001216036669635,5.713785493348257e-06,1.0025780573672511,-0.0027677804945762,0.0001897231273251,0.2050435171118723,0.7178783378544821,,,loaded t=354 e=0 custom h_s=150 w_s=1000,TM00->TM05?
a31f739ef7f7,loaded,"{""etch_depth"": 0.0, ""w_rib"": 1000.0, ""sidewall_angle"": 5.0, ""strip_material"": ""TiO2"", ""strip_eq"": ""(0.5+0.747358*x**2/(x**2-0.0840076)+1.03335*x**2/(x**2-0.0662413)+1.02325*x**2/(x**2-0.0448956)+1.70043*x**2/(x**2-0.0225))**0.5"", ""strip_loss_eq"": ""(0.5+0.747358*x**2/(x**2-0.0840076-1j*0.0398823*(0.289841/x)**3.83574*x)+1.03335*x**2/(x**2-0.0662413-1j*0.0476189*(0.257374/x)**3.83574*x)+1.02325*x**2/(x**2-0.0448956-1j*0.0720067*(0.211886/x)**3.83574*x)+1.70043*x**2/(x**2-0.0225-1j*0.106654*(0.15/x)**3.83574*x))**0.5"", ""strip_chi2"": null, ""strip_sidewall"": 5.0, ""strip_offset"": 0.0, ""substrate_height"": 1000.0, ""topclad_height"": 800.0, ""substrate_material"": ""Al2O3"", ""topclad_material"": ""SiO2"", ""core_eq_o"": ""(1+2.8032/(1-0.015287/x**2)+0.36335/(1-0.036095/x**2)-33508000/(1+367200000/x**2))**0.5"", ""core_eq_e"": ""(1+0.017061/(1-0.043855/x**2)+3.1976/(1-0.022642/x**2)-57269000/(1-74226000/x**2))**0.5"", ""core_chi2"": ""AlN"", ""t_film"": 600.0, ""h_s"": 150.0, ""w_s"": 1000.0}",refined,0,TM00,A,0.0036274007755795,TM05,0.0002232382584688,204,233.4397326950848,233.4549309631288,2.286550138655961,2.286681367198863,-0.000131228542902,154.44073156712517,16.32591416120972,0.2346610547314601,0.0292502505973927,0.1879459655960998,0.6607743819864575,97.86965252828789,1110686.0721398343,4.120606941137019,2932227.4651915906,0.001,0.0007434917303817,8.537174035951863e-07,True,168.63736132718978,0.2417148407500177,TM05,runs\loaded_sweep1\exports\a31f739ef7f7_x00.npz,0.9998664633898108,0.9976948970755464,0.0069577111095538,155.54660671036527,0.0007836049977572,0.0002696507751735,1.0035738711197957,-0.002252514905638,-0.0013213562141575,0.2712889042284201,0.9747240414542316,,,loaded t=600 e=0 custom h_s=150 w_s=1000,TM00->TM05
625fd78e83a7,loaded,"{""etch_depth"": 0.0, ""w_rib"": 1000.0, ""sidewall_angle"": 5.0, ""strip_material"": ""TiO2"", ""strip_eq"": ""(0.5+0.747358*x**2/(x**2-0.0840076)+1.03335*x**2/(x**2-0.0662413)+1.02325*x**2/(x**2-0.0448956)+1.70043*x**2/(x**2-0.0225))**0.5"", ""strip_loss_eq"": ""(0.5+0.747358*x**2/(x**2-0.0840076-1j*0.0398823*(0.289841/x)**3.83574*x)+1.03335*x**2/(x**2-0.0662413-1j*0.0476189*(0.257374/x)**3.83574*x)+1.02325*x**2/(x**2-0.0448956-1j*0.0720067*(0.211886/x)**3.83574*x)+1.70043*x**2/(x**2-0.0225-1j*0.106654*(0.15/x)**3.83574*x))**0.5"", ""strip_chi2"": null, ""strip_sidewall"": 5.0, ""strip_offset"": 0.0, ""substrate_height"": 1000.0, ""topclad_height"": 800.0, ""substrate_material"": ""Al2O3"", ""topclad_material"": ""SiO2"", ""core_eq_o"": ""(1+2.8032/(1-0.015287/x**2)+0.36335/(1-0.036095/x**2)-33508000/(1+367200000/x**2))**0.5"", ""core_eq_e"": ""(1+0.017061/(1-0.043855/x**2)+3.1976/(1-0.022642/x**2)-57269000/(1-74226000/x**2))**0.5"", ""core_chi2"": ""AlN"", ""t_film"": 354.0, ""h_s"": 150.0, ""w_s"": 1000.0}",refined,0,TM00,A,0.0026465370656155,TM03,0.0018270357839351,204,229.73899432448908,229.69444447600236,2.302865187137044,2.3016764871565525,0.0011886999804913,151.98768625215882,16.77632685563225,0.2833200320682766,0.1323848466323395,0.1811231002905441,0.3077994569686894,103.95832064595226,1322496.5181443412,29.14871309727238,48550297.582634814,0.001,0.0001388311592554,2.929424462300128e-08,True,162.284052059212,0.2871992540714351,TM63?,runs\loaded_sweep1\exports\625fd78e83a7_x00.npz,0.9999973399390212,0.984237692982757,0.0067928121959924,151.10061140923267,0.0009441036413298,0.0044563650104569,0.9970774836860028,-0.002492330513133,0.0054148468271304,0.2280502498672018,0.830980169233288,,,loaded t=354 e=0 custom h_s=150 w_s=1000,TM00->TM03
625fd78e83a7,loaded,"{""etch_depth"": 0.0, ""w_rib"": 1000.0, ""sidewall_angle"": 5.0, ""strip_material"": ""TiO2"", ""strip_eq"": ""(0.5+0.747358*x**2/(x**2-0.0840076)+1.03335*x**2/(x**2-0.0662413)+1.02325*x**2/(x**2-0.0448956)+1.70043*x**2/(x**2-0.0225))**0.5"", ""strip_loss_eq"": ""(0.5+0.747358*x**2/(x**2-0.0840076-1j*0.0398823*(0.289841/x)**3.83574*x)+1.03335*x**2/(x**2-0.0662413-1j*0.0476189*(0.257374/x)**3.83574*x)+1.02325*x**2/(x**2-0.0448956-1j*0.0720067*(0.211886/x)**3.83574*x)+1.70043*x**2/(x**2-0.0225-1j*0.106654*(0.15/x)**3.83574*x))**0.5"", ""strip_chi2"": null, ""strip_sidewall"": 5.0, ""strip_offset"": 0.0, ""substrate_height"": 1000.0, ""topclad_height"": 800.0, ""substrate_material"": ""Al2O3"", ""topclad_material"": ""SiO2"", ""core_eq_o"": ""(1+2.8032/(1-0.015287/x**2)+0.36335/(1-0.036095/x**2)-33508000/(1+367200000/x**2))**0.5"", ""core_eq_e"": ""(1+0.017061/(1-0.043855/x**2)+3.1976/(1-0.022642/x**2)-57269000/(1-74226000/x**2))**0.5"", ""core_chi2"": ""AlN"", ""t_film"": 354.0, ""h_s"": 150.0, ""w_s"": 1000.0}",refined,1,TM10,S,0.0106309102862375,TM03,0.0005499158924219,204,231.28976023198416,231.2857606713331,2.266762077643493,2.266703070932167,5.900671132597069e-05,149.71841553169557,17.610086133368302,0.2615349025724762,1.1894693703345908e-22,0.1878556891447146,0.3158413181342938,253.5079317925053,1226600.4310496186,21.58076178008752,21236730.26382844,0.001,0.0003085224122837,1.425110891080007e-07,True,142.12034176964917,0.2609605449418532,TM03,runs\loaded_sweep1\exports\625fd78e83a7_x01.npz,0.9999234296294134,0.9992852274509496,0.0067874197408939,149.5635629738809,0.0004889962369422,0.0008089853441716,0.9994827202162312,-0.0018072371578452,0.0023245169416142,0.2451110185774733,0.9070999048091428,,,loaded t=354 e=0 custom h_s=150 w_s=1000,TM10->TM03
625fd78e83a7,loaded,"{""etch_depth"": 0.0, ""w_rib"": 1000.0, ""sidewall_angle"": 5.0, ""strip_material"": ""TiO2"", ""strip_eq"": ""(0.5+0.747358*x**2/(x**2-0.0840076)+1.03335*x**2/(x**2-0.0662413)+1.02325*x**2/(x**2-0.0448956)+1.70043*x**2/(x**2-0.0225))**0.5"", ""strip_loss_eq"": ""(0.5+0.747358*x**2/(x**2-0.0840076-1j*0.0398823*(0.289841/x)**3.83574*x)+1.03335*x**2/(x**2-0.0662413-1j*0.0476189*(0.257374/x)**3.83574*x)+1.02325*x**2/(x**2-0.0448956-1j*0.0720067*(0.211886/x)**3.83574*x)+1.70043*x**2/(x**2-0.0225-1j*0.106654*(0.15/x)**3.83574*x))**0.5"", ""strip_chi2"": null, ""strip_sidewall"": 5.0, ""strip_offset"": 0.0, ""substrate_height"": 1000.0, ""topclad_height"": 800.0, ""substrate_material"": ""Al2O3"", ""topclad_material"": ""SiO2"", ""core_eq_o"": ""(1+2.8032/(1-0.015287/x**2)+0.36335/(1-0.036095/x**2)-33508000/(1+367200000/x**2))**0.5"", ""core_eq_e"": ""(1+0.017061/(1-0.043855/x**2)+3.1976/(1-0.022642/x**2)-57269000/(1-74226000/x**2))**0.5"", ""core_chi2"": ""AlN"", ""t_film"": 354.0, ""h_s"": 150.0, ""w_s"": 1000.0}",refined,0,TM00,A,0.0022324907782679,TM04,0.0026731110913361,182,227.834722613954,227.86020002286773,2.3108102009726648,2.312007736126663,-0.0011975351539983,135.94647323525368,18.855168540711013,0.3132072538214945,0.0484800864123853,0.1776604200039126,0.3349661244410835,106.69452992062872,1426764.1164355404,103.77764385081736,114228059.82420564,0.001,5.614881439455375e-05,4.285969994147308e-09,True,130.7464461804322,0.2981021217821236,TM04,runs\loaded_sweep1\exports\625fd78e83a7_x02.npz,0.9998218357319152,0.9295684948038822,0.0063711022523938,135.76832367468694,0.0009270639651548,0.0014508353406306,0.9993445657024748,-0.0026113848335751,0.0032668191311003,0.2177379714498014,0.6355724621749487,,,loaded t=354 e=0 custom h_s=150 w_s=1000,TM00->TM04
a31f739ef7f7,loaded,"{""etch_depth"": 0.0, ""w_rib"": 1000.0, ""sidewall_angle"": 5.0, ""strip_material"": ""TiO2"", ""strip_eq"": ""(0.5+0.747358*x**2/(x**2-0.0840076)+1.03335*x**2/(x**2-0.0662413)+1.02325*x**2/(x**2-0.0448956)+1.70043*x**2/(x**2-0.0225))**0.5"", ""strip_loss_eq"": ""(0.5+0.747358*x**2/(x**2-0.0840076-1j*0.0398823*(0.289841/x)**3.83574*x)+1.03335*x**2/(x**2-0.0662413-1j*0.0476189*(0.257374/x)**3.83574*x)+1.02325*x**2/(x**2-0.0448956-1j*0.0720067*(0.211886/x)**3.83574*x)+1.70043*x**2/(x**2-0.0225-1j*0.106654*(0.15/x)**3.83574*x))**0.5"", ""strip_chi2"": null, ""strip_sidewall"": 5.0, ""strip_offset"": 0.0, ""substrate_height"": 1000.0, ""topclad_height"": 800.0, ""substrate_material"": ""Al2O3"", ""topclad_material"": ""SiO2"", ""core_eq_o"": ""(1+2.8032/(1-0.015287/x**2)+0.36335/(1-0.036095/x**2)-33508000/(1+367200000/x**2))**0.5"", ""core_eq_e"": ""(1+0.017061/(1-0.043855/x**2)+3.1976/(1-0.022642/x**2)-57269000/(1-74226000/x**2))**0.5"", ""core_chi2"": ""AlN"", ""t_film"": 600.0, ""h_s"": 150.0, ""w_s"": 1000.0}",refined,2,TM20,A,0.011776820989711,TM106?,0.0046519444658087,237,231.4280810074365,231.43329447533867,2.2141414347296484,2.214213516663122,-7.208193347363334e-05,110.8944678251929,25.47908446242978,0.1943246639314464,0.0006188818130146,0.1962687199357043,0.6015359673764546,518.5722492607853,1145238.768783354,5.853033143430239,12901065.226528589,0.001,0.0004434614431073,2.180828996716553e-07,True,92.88272447621456,0.1824848100708642,TM06?,runs\loaded_sweep1\exports\a31f739ef7f7_x02.npz,0.999833716950628,0.9695265321453318,0.0058449619045258,110.81639690918226,0.0002836247740744,0.000422247426996,0.99964793256564,-0.0015992528779174,0.0019513203122774,0.2890487568808517,0.9377318531693732,,,loaded t=600 e=0 custom h_s=150 w_s=1000,TM20->TM106?
fa07e99f095d,loaded,"{""etch_depth"": 0.0, ""w_rib"": 500.0, ""sidewall_angle"": 5.0, ""strip_material"": ""TiO2"", ""strip_eq"": ""(0.5+0.747358*x**2/(x**2-0.0840076)+1.03335*x**2/(x**2-0.0662413)+1.02325*x**2/(x**2-0.0448956)+1.70043*x**2/(x**2-0.0225))**0.5"", ""strip_loss_eq"": ""(0.5+0.747358*x**2/(x**2-0.0840076-1j*0.0398823*(0.289841/x)**3.83574*x)+1.03335*x**2/(x**2-0.0662413-1j*0.0476189*(0.257374/x)**3.83574*x)+1.02325*x**2/(x**2-0.0448956-1j*0.0720067*(0.211886/x)**3.83574*x)+1.70043*x**2/(x**2-0.0225-1j*0.106654*(0.15/x)**3.83574*x))**0.5"", ""strip_chi2"": null, ""strip_sidewall"": 5.0, ""strip_offset"": 0.0, ""substrate_height"": 1000.0, ""topclad_height"": 800.0, ""substrate_material"": ""Al2O3"", ""topclad_material"": ""SiO2"", ""core_eq_o"": ""(1+2.8032/(1-0.015287/x**2)+0.36335/(1-0.036095/x**2)-33508000/(1+367200000/x**2))**0.5"", ""core_eq_e"": ""(1+0.017061/(1-0.043855/x**2)+3.1976/(1-0.022642/x**2)-57269000/(1-74226000/x**2))**0.5"", ""core_chi2"": ""AlN"", ""t_film"": 354.0, ""h_s"": 150.0, ""w_s"": 500.0}",refined,0,TM00,A,0.0035954244430678,TM162?,0.013345073392705,136,230.6949406951384,230.5761357807664,2.274574866249833,2.2723596425674693,0.0022152236823642,77.19447076693508,34.010745385664414,0.1328286501058833,0.016167091769941,0.1006160106637918,0.4304830578050239,363.2292904620124,1244339.0785471965,68.91725422736154,5613672.181526911,0.001,0.0006306089844901,3.069774697253424e-07,True,250.4664450723401,0.2465661116232501,TM103?,runs\loaded_sweep1\exports\fa07e99f095d_x00.npz,0.9999801001328076,0.8717640591557537,0.0048611817349017,77.04663691731899,0.00036623929835,0.000759245484019,0.9990419994169328,-0.0021781579750723,0.0031361585581396,0.2463539739810339,0.9645481332107418,,,loaded t=354 e=0 custom h_s=150 w_s=500,TM00->TM162?
16c82c446f98,loaded,"{""etch_depth"": 0.0, ""w_rib"": 1000.0, ""sidewall_angle"": 5.0, ""strip_material"": ""TiO2"", ""strip_eq"": ""(0.5+0.747358*x**2/(x**2-0.0840076)+1.03335*x**2/(x**2-0.0662413)+1.02325*x**2/(x**2-0.0448956)+1.70043*x**2/(x**2-0.0225))**0.5"", ""strip_loss_eq"": ""(0.5+0.747358*x**2/(x**2-0.0840076-1j*0.0398823*(0.289841/x)**3.83574*x)+1.03335*x**2/(x**2-0.0662413-1j*0.0476189*(0.257374/x)**3.83574*x)+1.02325*x**2/(x**2-0.0448956-1j*0.0720067*(0.211886/x)**3.83574*x)+1.70043*x**2/(x**2-0.0225-1j*0.106654*(0.15/x)**3.83574*x))**0.5"", ""strip_chi2"": null, ""strip_sidewall"": 5.0, ""strip_offset"": 0.0, ""substrate_height"": 1000.0, ""topclad_height"": 800.0, ""substrate_material"": ""Al2O3"", ""topclad_material"": ""SiO2"", ""core_eq_o"": ""(1+2.8032/(1-0.015287/x**2)+0.36335/(1-0.036095/x**2)-33508000/(1+367200000/x**2))**0.5"", ""core_eq_e"": ""(1+0.017061/(1-0.043855/x**2)+3.1976/(1-0.022642/x**2)-57269000/(1-74226000/x**2))**0.5"", ""core_chi2"": ""AlN"", ""t_film"": 354.0, ""h_s"": 70.0, ""w_s"": 1000.0}",refined,1,TM10,S,0.0050732335165832,TM86,0.0027596365808122,100,221.1909515316368,221.17070807658592,2.1479495249485123,2.1469813739636336,0.0009681509848786,58.974688014513,57.475034193739326,0.0876942500666482,7.005841114736383e-18,0.3222464298210096,0.3664810925436285,146.2723179225124,351891.9903673263,2580.6292697314584,37489060.07647312,0.001,0.0002145739748039,2.715312034927828e-08,True,57.61497828708716,0.0859523254063725,TM66,runs\loaded_sweep1\exports\16c82c446f98_x00.npz,0.99988535137973,0.6872162551453136,0.0040739047719557,59.02940248917812,2.765002982786703e-07,9.215561580536968e-06,1.0004637734584745,-6.847230943944059e-05,-0.0003953011490352,0.825511797144619,0.8120228313218003,,,loaded t=354 e=0 custom h_s=70 w_s=1000,TM10->TM86
625fd78e83a7,loaded,"{""etch_depth"": 0.0, ""w_rib"": 1000.0, ""sidewall_angle"": 5.0, ""strip_material"": ""TiO2"", ""strip_eq"": ""(0.5+0.747358*x**2/(x**2-0.0840076)+1.03335*x**2/(x**2-0.0662413)+1.02325*x**2/(x**2-0.0448956)+1.70043*x**2/(x**2-0.0225))**0.5"", ""strip_loss_eq"": ""(0.5+0.747358*x**2/(x**2-0.0840076-1j*0.0398823*(0.289841/x)**3.83574*x)+1.03335*x**2/(x**2-0.0662413-1j*0.0476189*(0.257374/x)**3.83574*x)+1.02325*x**2/(x**2-0.0448956-1j*0.0720067*(0.211886/x)**3.83574*x)+1.70043*x**2/(x**2-0.0225-1j*0.106654*(0.15/x)**3.83574*x))**0.5"", ""strip_chi2"": null, ""strip_sidewall"": 5.0, ""strip_offset"": 0.0, ""substrate_height"": 1000.0, ""topclad_height"": 800.0, ""substrate_material"": ""Al2O3"", ""topclad_material"": ""SiO2"", ""core_eq_o"": ""(1+2.8032/(1-0.015287/x**2)+0.36335/(1-0.036095/x**2)-33508000/(1+367200000/x**2))**0.5"", ""core_eq_e"": ""(1+0.017061/(1-0.043855/x**2)+3.1976/(1-0.022642/x**2)-57269000/(1-74226000/x**2))**0.5"", ""core_chi2"": ""AlN"", ""t_film"": 354.0, ""h_s"": 150.0, ""w_s"": 1000.0}",refined,0,TM00,A,0.0014497613844791,TM67,0.0635724901230373,84,220.7271097845158,220.7254413675908,2.3435795001338624,2.343469551404719,0.0001099487291433,57.289274095666,45.72488852410983,0.1996067579624698,0.0071830332758994,0.1654214533887183,0.4447923494699179,117.4412363566797,1902755.61906823,3491.3037318762813,72753116.90117773,0.001,8.125167170508299e-05,3.7821428643251035e-09,True,31.581090453916392,0.1465887966730603,TM87,runs\loaded_sweep1\exports\625fd78e83a7_x04.npz,0.9999820664395616,0.8270289026677651,0.004006849464565,58.797752949431015,0.0005523674494317,0.0057000914880637,1.0130799140896003,-0.0031051127844441,-0.0099748013051563,0.1809737966102318,0.7603561724921233,,,loaded t=354 e=0 custom h_s=150 w_s=1000,TM00->TM67
24d64a27d504,loaded,"{""etch_depth"": 0.0, ""w_rib"": 500.0, ""sidewall_angle"": 5.0, ""strip_material"": ""TiO2"", ""strip_eq"": ""(0.5+0.747358*x**2/(x**2-0.0840076)+1.03335*x**2/(x**2-0.0662413)+1.02325*x**2/(x**2-0.0448956)+1.70043*x**2/(x**2-0.0225))**0.5"", ""strip_loss_eq"": ""(0.5+0.747358*x**2/(x**2-0.0840076-1j*0.0398823*(0.289841/x)**3.83574*x)+1.03335*x**2/(x**2-0.0662413-1j*0.0476189*(0.257374/x)**3.83574*x)+1.02325*x**2/(x**2-0.0448956-1j*0.0720067*(0.211886/x)**3.83574*x)+1.70043*x**2/(x**2-0.0225-1j*0.106654*(0.15/x)**3.83574*x))**0.5"", ""strip_chi2"": null, ""strip_sidewall"": 5.0, ""strip_offset"": 0.0, ""substrate_height"": 1000.0, ""topclad_height"": 800.0, ""substrate_material"": ""Al2O3"", ""topclad_material"": ""SiO2"", ""core_eq_o"": ""(1+2.8032/(1-0.015287/x**2)+0.36335/(1-0.036095/x**2)-33508000/(1+367200000/x**2))**0.5"", ""core_eq_e"": ""(1+0.017061/(1-0.043855/x**2)+3.1976/(1-0.022642/x**2)-57269000/(1-74226000/x**2))**0.5"", ""core_chi2"": ""AlN"", ""t_film"": 600.0, ""h_s"": 150.0, ""w_s"": 500.0}",refined,1,TM10,S,0.0115868960087181,TM09?,0.0463700552471876,153,225.19951556674076,225.19300976513145,2.197708815359564,2.197470394341541,0.000238421018023,53.116581157611,57.45497938100527,0.1068381194655517,1.4435670021544222e-19,0.1082261114746689,0.3263954358066526,1423.933974725406,1364553.3649217887,924.2739321122388,59178769.23648644,0.001,0.0001121800955955,6.6843891480550035e-09,True,21.611804751877305,0.0676295803005114,TM109?,runs\loaded_sweep1\exports\24d64a27d504_x03.npz,0.9999919714243614,0.959911205918258,0.0039363453990324,52.15047076156959,0.0001168919953646,0.005990093397944,0.9908640220397495,-0.0014834650848032,0.0106194430450535,0.2970765064102901,0.7952209191142112,,,loaded t=600 e=0 custom h_s=150 w_s=500,TM10->TM09?
24d64a27d504,loaded,"{""etch_depth"": 0.0, ""w_rib"": 500.0, ""sidewall_angle"": 5.0, ""strip_material"": ""TiO2"", ""strip_eq"": ""(0.5+0.747358*x**2/(x**2-0.0840076)+1.03335*x**2/(x**2-0.0662413)+1.02325*x**2/(x**2-0.0448956)+1.70043*x**2/(x**2-0.0225))**0.5"", ""strip_loss_eq"": ""(0.5+0.747358*x**2/(x**2-0.0840076-1j*0.0398823*(0.289841/x)**3.83574*x)+1.03335*x**2/(x**2-0.0662413-1j*0.0476189*(0.257374/x)**3.83574*x)+1.02325*x**2/(x**2-0.0448956-1j*0.0720067*(0.211886/x)**3.83574*x)+1.70043*x**2/(x**2-0.0225-1j*0.106654*(0.15/x)**3.83574*x))**0.5"", ""strip_chi2"": null, ""strip_sidewall"": 5.0, ""strip_offset"": 0.0, ""substrate_height"": 1000.0, ""topclad_height"": 800.0, ""substrate_material"": ""Al2O3"", ""topclad_material"": ""SiO2"", ""core_eq_o"": ""(1+2.8032/(1-0.015287/x**2)+0.36335/(1-0.036095/x**2)-33508000/(1+367200000/x**2))**0.5"", ""core_eq_e"": ""(1+0.017061/(1-0.043855/x**2)+3.1976/(1-0.022642/x**2)-57269000/(1-74226000/x**2))**0.5"", ""core_chi2"": ""AlN"", ""t_film"": 600.0, ""h_s"": 150.0, ""w_s"": 500.0}",refined,1,TM10,S,0.0092795804681339,TM26,0.0017318439490792,202,234.90608194157,234.91463116391608,2.1555463605754346,2.1556153470710053,-6.898649557074421e-05,43.57511374408033,68.20920213792354,0.0938756167505113,2.383247134770402e-16,0.1931901004802673,1.0296303925878076,1071.6860997741403,677689.8283823237,9.061547828419585e-14,981042.5636706495,0.01099995,0.00252577014241,2.779880835775893e-06,True,45.567155481600494,0.0963139131616164,TM26,runs\loaded_sweep1\exports\24d64a27d504_x00.npz,0.9999744326844284,0.9994798881852944,0.0037189831964878,43.70001797312352,2.107333330368081e-05,2.365324782855769e-05,1.0014321804308204,-0.0006954202829651,-0.0007367601478552,0.5152956485674408,0.9586373191040948,,,loaded t=600 e=0 custom h_s=150 w_s=500,TM10->TM26
16c82c446f98,loaded,"{""etch_depth"": 0.0, ""w_rib"": 1000.0, ""sidewall_angle"": 5.0, ""strip_material"": ""TiO2"", ""strip_eq"": ""(0.5+0.747358*x**2/(x**2-0.0840076)+1.03335*x**2/(x**2-0.0662413)+1.02325*x**2/(x**2-0.0448956)+1.70043*x**2/(x**2-0.0225))**0.5"", ""strip_loss_eq"": ""(0.5+0.747358*x**2/(x**2-0.0840076-1j*0.0398823*(0.289841/x)**3.83574*x)+1.03335*x**2/(x**2-0.0662413-1j*0.0476189*(0.257374/x)**3.83574*x)+1.02325*x**2/(x**2-0.0448956-1j*0.0720067*(0.211886/x)**3.83574*x)+1.70043*x**2/(x**2-0.0225-1j*0.106654*(0.15/x)**3.83574*x))**0.5"", ""strip_chi2"": null, ""strip_sidewall"": 5.0, ""strip_offset"": 0.0, ""substrate_height"": 1000.0, ""topclad_height"": 800.0, ""substrate_material"": ""Al2O3"", ""topclad_material"": ""SiO2"", ""core_eq_o"": ""(1+2.8032/(1-0.015287/x**2)+0.36335/(1-0.036095/x**2)-33508000/(1+367200000/x**2))**0.5"", ""core_eq_e"": ""(1+0.017061/(1-0.043855/x**2)+3.1976/(1-0.022642/x**2)-57269000/(1-74226000/x**2))**0.5"", ""core_chi2"": ""AlN"", ""t_film"": 354.0, ""h_s"": 70.0, ""w_s"": 1000.0}",refined,0,TM00,A,0.0025602046899461,TM05?,0.0580867982263965,133,225.11247670303212,225.11311606584417,2.162674992989713,2.1626976722535938,-2.267926388066499e-05,39.774493229537136,80.57010080483805,0.0717885842595724,0.0005514994182023,0.295710047426632,0.3792923491688819,79.16739790690312,326070.62182505924,612.7055632981746,44162594.76013848,0.001,0.0001839469224895,1.3458284585947338e-08,True,27.986824924784607,0.0590861494850246,TM225?,runs\loaded_sweep1\exports\16c82c446f98_x02.npz,0.9999993436273138,0.8917080879199376,0.0034049644642495,39.79721677680424,6.844272643660639e-06,6.640192293935975e-07,1.0002856139802707,-0.0004148215627281,0.0001292075824574,0.8175466973845553,0.8065168318896065,,,loaded t=354 e=0 custom h_s=70 w_s=1000,TM00->TM05?
24d64a27d504,loaded,"{""etch_depth"": 0.0, ""w_rib"": 500.0, ""sidewall_angle"": 5.0, ""strip_material"": ""TiO2"", ""strip_eq"": ""(0.5+0.747358*x**2/(x**2-0.0840076)+1.03335*x**2/(x**2-0.0662413)+1.02325*x**2/(x**2-0.0448956)+1.70043*x**2/(x**2-0.0225))**0.5"", ""strip_loss_eq"": ""(0.5+0.747358*x**2/(x**2-0.0840076-1j*0.0398823*(0.289841/x)**3.83574*x)+1.03335*x**2/(x**2-0.0662413-1j*0.0476189*(0.257374/x)**3.83574*x)+1.02325*x**2/(x**2-0.0448956-1j*0.0720067*(0.211886/x)**3.83574*x)+1.70043*x**2/(x**2-0.0225-1j*0.106654*(0.15/x)**3.83574*x))**0.5"", ""strip_chi2"": null, ""strip_sidewall"": 5.0, ""strip_offset"": 0.0, ""substrate_height"": 1000.0, ""topclad_height"": 800.0, ""substrate_material"": ""Al2O3"", ""topclad_material"": ""SiO2"", ""core_eq_o"": ""(1+2.8032/(1-0.015287/x**2)+0.36335/(1-0.036095/x**2)-33508000/(1+367200000/x**2))**0.5"", ""core_eq_e"": ""(1+0.017061/(1-0.043855/x**2)+3.1976/(1-0.022642/x**2)-57269000/(1-74226000/x**2))**0.5"", ""core_chi2"": ""AlN"", ""t_film"": 600.0, ""h_s"": 150.0, ""w_s"": 500.0}",refined,0,TM00,A,0.0036256733304666,TM65,0.0056761385453956,109,233.3153514421408,233.3479580339024,2.262318586878876,2.2625398517987096,-0.0002212649198338,39.07791787177959,66.68593020758225,0.0848036012994878,0.0021992716606709,0.1041381328636432,0.9454003102623874,355.51147144299864,1084362.9761975363,6.133161635745477,486015.6421217611,0.01099995,0.0024574223787164,2.359886053133962e-06,True,38.30806585488333,0.0825628735724191,TM65,runs\loaded_sweep1\exports\24d64a27d504_x01.npz,0.9998480155869452,0.999725513799561,0.0034979992583292,39.34676909074926,0.0001784224802175,6.57641054896041e-05,1.0034340415472007,-0.0021367763987754,-0.0012972651484252,0.2870063641017843,0.9778847193721292,,,loaded t=600 e=0 custom h_s=150 w_s=500,TM00->TM65
fa07e99f095d,loaded,"{""etch_depth"": 0.0, ""w_rib"": 500.0, ""sidewall_angle"": 5.0, ""strip_material"": ""TiO2"", ""strip_eq"": ""(0.5+0.747358*x**2/(x**2-0.0840076)+1.03335*x**2/(x**2-0.0662413)+1.02325*x**2/(x**2-0.0448956)+1.70043*x**2/(x**2-0.0225))**0.5"", ""strip_loss_eq"": ""(0.5+0.747358*x**2/(x**2-0.0840076-1j*0.0398823*(0.289841/x)**3.83574*x)+1.03335*x**2/(x**2-0.0662413-1j*0.0476189*(0.257374/x)**3.83574*x)+1.02325*x**2/(x**2-0.0448956-1j*0.0720067*(0.211886/x)**3.83574*x)+1.70043*x**2/(x**2-0.0225-1j*0.106654*(0.15/x)**3.83574*x))**0.5"", ""strip_chi2"": null, ""strip_sidewall"": 5.0, ""strip_offset"": 0.0, ""substrate_height"": 1000.0, ""topclad_height"": 800.0, ""substrate_material"": ""Al2O3"", ""topclad_material"": ""SiO2"", ""core_eq_o"": ""(1+2.8032/(1-0.015287/x**2)+0.36335/(1-0.036095/x**2)-33508000/(1+367200000/x**2))**0.5"", ""core_eq_e"": ""(1+0.017061/(1-0.043855/x**2)+3.1976/(1-0.022642/x**2)-57269000/(1-74226000/x**2))**0.5"", ""core_chi2"": ""AlN"", ""t_film"": 354.0, ""h_s"": 150.0, ""w_s"": 500.0}",refined,1,TM10,S,0.0118996272333894,TM123,0.0521755660104466,150,231.1724292529156,231.20018963733227,2.170408255289424,2.170661017901045,-0.0002527626116211,33.79160661777633,88.96111911040933,0.0798970860574361,1.2674953757882396e-19,0.1204884270753419,0.6225404594159863,1359.761828935585,1062480.0296437289,21.17123657454192,3997836.5129544223,0.001,0.0007042066872011,1.6757496233013825e-07,True,27.878922269041247,0.0736960369999547,TM123,runs\loaded_sweep1\exports\fa07e99f095d_x04.npz,0.9998145319675056,0.9499368783688436,0.0032229320354635,33.71815791079472,7.122230670496897e-05,0.0002178674271085,0.9989126195910344,-0.0014517893200891,0.0025391697290549,0.3279016120026238,0.943382519360066,,,loaded t=354 e=0 custom h_s=150 w_s=500,TM10->TM123
439c150e7b86,loaded,"{""etch_depth"": 0.0, ""w_rib"": 500.0, ""sidewall_angle"": 5.0, ""strip_material"": ""TiO2"", ""strip_eq"": ""(0.5+0.747358*x**2/(x**2-0.0840076)+1.03335*x**2/(x**2-0.0662413)+1.02325*x**2/(x**2-0.0448956)+1.70043*x**2/(x**2-0.0225))**0.5"", ""strip_loss_eq"": ""(0.5+0.747358*x**2/(x**2-0.0840076-1j*0.0398823*(0.289841/x)**3.83574*x)+1.03335*x**2/(x**2-0.0662413-1j*0.0476189*(0.257374/x)**3.83574*x)+1.02325*x**2/(x**2-0.0448956-1j*0.0720067*(0.211886/x)**3.83574*x)+1.70043*x**2/(x**2-0.0225-1j*0.106654*(0.15/x)**3.83574*x))**0.5"", ""strip_chi2"": null, ""strip_sidewall"": 5.0, ""strip_offset"": 0.0, ""substrate_height"": 1000.0, ""topclad_height"": 800.0, ""substrate_material"": ""Al2O3"", ""topclad_material"": ""SiO2"", ""core_eq_o"": ""(1+2.8032/(1-0.015287/x**2)+0.36335/(1-0.036095/x**2)-33508000/(1+367200000/x**2))**0.5"", ""core_eq_e"": ""(1+0.017061/(1-0.043855/x**2)+3.1976/(1-0.022642/x**2)-57269000/(1-74226000/x**2))**0.5"", ""core_chi2"": ""AlN"", ""t_film"": 354.0, ""h_s"": 70.0, ""w_s"": 500.0}",refined,0,TM00,A,0.0025268809312689,TM165?,0.021791250751044,113,225.38240782953164,225.26456844263387,2.1485740957261927,2.1465237298536493,0.0020503658725434,33.43579986120854,97.60406688792496,0.0511051907458434,0.0004388831620034,0.2011005288496921,0.3574974314344301,141.07863480309194,265049.33703298186,489.3933922640503,26156352.016256943,0.001,0.0003021814796682,3.053144814137475e-08,True,4.000457138874667,0.0171712810513478,TM183,runs\loaded_sweep1\exports\439c150e7b86_x02.npz,0.9999939548783168,0.8114235175361093,0.0031256227763814,33.54797492121663,1.306473605741006e-05,3.693125150069848e-05,1.0016760647697185,-0.0006250927496637,-0.0010509720200544,0.8449707413577991,0.8755683846888529,,,loaded t=354 e=0 custom h_s=70 w_s=500,TM00->TM165?
a31f739ef7f7,loaded,"{""etch_depth"": 0.0, ""w_rib"": 1000.0, ""sidewall_angle"": 5.0, ""strip_material"": ""TiO2"", ""strip_eq"": ""(0.5+0.747358*x**2/(x**2-0.0840076)+1.03335*x**2/(x**2-0.0662413)+1.02325*x**2/(x**2-0.0448956)+1.70043*x**2/(x**2-0.0225))**0.5"", ""strip_loss_eq"": ""(0.5+0.747358*x**2/(x**2-0.0840076-1j*0.0398823*(0.289841/x)**3.83574*x)+1.03335*x**2/(x**2-0.0662413-1j*0.0476189*(0.257374/x)**3.83574*x)+1.02325*x**2/(x**2-0.0448956-1j*0.0720067*(0.211886/x)**3.83574*x)+1.70043*x**2/(x**2-0.0225-1j*0.106654*(0.15/x)**3.83574*x))**0.5"", ""strip_chi2"": null, ""strip_sidewall"": 5.0, ""strip_offset"": 0.0, ""substrate_height"": 1000.0, ""topclad_height"": 800.0, ""substrate_material"": ""Al2O3"", ""topclad_material"": ""SiO2"", ""core_eq_o"": ""(1+2.8032/(1-0.015287/x**2)+0.36335/(1-0.036095/x**2)-33508000/(1+367200000/x**2))**0.5"", ""core_eq_e"": ""(1+0.017061/(1-0.043855/x**2)+3.1976/(1-0.022642/x**2)-57269000/(1-74226000/x**2))**0.5"", ""core_chi2"": ""AlN"", ""t_film"": 600.0, ""h_s"": 150.0, ""w_s"": 1000.0}",refined,0,TM00,A,0.0016799631020343,TM88?,0.0150717058317365,139,224.522743530818,224.5321913679661,2.3235287117358,2.323883296874212,-0.0003545851384112,31.71564144897326,81.89387903548541,0.1230156206595255,0.0011226577092482,0.1710967252561296,0.8590065149126946,110.31007998895068,1593485.4009442967,282.8323205461862,44776867.39172696,0.001,0.0001434942905351,6.530444488904755e-09,True,96.17590431416434,0.2161112823284353,TM08?,runs\loaded_sweep1\exports\a31f739ef7f7_x01.npz,0.9999912125537884,0.727829774194722,0.0030325486741078,31.225727283747062,0.0002404491067881,0.0035013372199442,0.9922463990307028,-0.0027534350363816,0.0105070360056788,0.2198973800496775,0.8521576588713905,,,loaded t=600 e=0 custom h_s=150 w_s=1000,TM00->TM88?
16c82c446f98,loaded,"{""etch_depth"": 0.0, ""w_rib"": 1000.0, ""sidewall_angle"": 5.0, ""strip_material"": ""TiO2"", ""strip_eq"": ""(0.5+0.747358*x**2/(x**2-0.0840076)+1.03335*x**2/(x**2-0.0662413)+1.02325*x**2/(x**2-0.0448956)+1.70043*x**2/(x**2-0.0225))**0.5"", ""strip_loss_eq"": ""(0.5+0.747358*x**2/(x**2-0.0840076-1j*0.0398823*(0.289841/x)**3.83574*x)+1.03335*x**2/(x**2-0.0662413-1j*0.0476189*(0.257374/x)**3.83574*x)+1.02325*x**2/(x**2-0.0448956-1j*0.0720067*(0.211886/x)**3.83574*x)+1.70043*x**2/(x**2-0.0225-1j*0.106654*(0.15/x)**3.83574*x))**0.5"", ""strip_chi2"": null, ""strip_sidewall"": 5.0, ""strip_offset"": 0.0, ""substrate_height"": 1000.0, ""topclad_height"": 800.0, ""substrate_material"": ""Al2O3"", ""topclad_material"": ""SiO2"", ""core_eq_o"": ""(1+2.8032/(1-0.015287/x**2)+0.36335/(1-0.036095/x**2)-33508000/(1+367200000/x**2))**0.5"", ""core_eq_e"": ""(1+0.017061/(1-0.043855/x**2)+3.1976/(1-0.022642/x**2)-57269000/(1-74226000/x**2))**0.5"", ""core_chi2"": ""AlN"", ""t_film"": 354.0, ""h_s"": 70.0, ""w_s"": 1000.0}",refined,1,TM10,S,0.0038140812759049,TM05?,0.0082149077665736,133,225.74017305608547,225.74054847192536,2.139308834452524,2.13932213237287,-1.3297920346211356e-05,28.53392866524156,115.386125923223,0.0646404570146259,9.960649037222668e-18,0.3426946852855423,0.3914771531169884,126.32423879888344,263848.9147702356,597.1664959212031,44763205.30525204,0.001,0.0001836400310291,9.622685372020297e-09,True,35.597181236804595,0.0721334966709343,TM05?,runs\loaded_sweep1\exports\16c82c446f98_x01.npz,0.9999679011307978,0.9704958269088256,0.0028920135896479,28.61262452808153,4.211855000781021e-06,2.8183433477762306e-05,1.0013780380218915,-0.0003841987258049,-0.0009938392960865,0.8443522554656107,0.7962288202588423,,,loaded t=354 e=0 custom h_s=70 w_s=1000,TM10->TM05?
a31f739ef7f7,loaded,"{""etch_depth"": 0.0, ""w_rib"": 1000.0, ""sidewall_angle"": 5.0, ""strip_material"": ""TiO2"", ""strip_eq"": ""(0.5+0.747358*x**2/(x**2-0.0840076)+1.03335*x**2/(x**2-0.0662413)+1.02325*x**2/(x**2-0.0448956)+1.70043*x**2/(x**2-0.0225))**0.5"", ""strip_loss_eq"": ""(0.5+0.747358*x**2/(x**2-0.0840076-1j*0.0398823*(0.289841/x)**3.83574*x)+1.03335*x**2/(x**2-0.0662413-1j*0.0476189*(0.257374/x)**3.83574*x)+1.02325*x**2/(x**2-0.0448956-1j*0.0720067*(0.211886/x)**3.83574*x)+1.70043*x**2/(x**2-0.0225-1j*0.106654*(0.15/x)**3.83574*x))**0.5"", ""strip_chi2"": null, ""strip_sidewall"": 5.0, ""strip_offset"": 0.0, ""substrate_height"": 1000.0, ""topclad_height"": 800.0, ""substrate_material"": ""Al2O3"", ""topclad_material"": ""SiO2"", ""core_eq_o"": ""(1+2.8032/(1-0.015287/x**2)+0.36335/(1-0.036095/x**2)-33508000/(1+367200000/x**2))**0.5"", ""core_eq_e"": ""(1+0.017061/(1-0.043855/x**2)+3.1976/(1-0.022642/x**2)-57269000/(1-74226000/x**2))**0.5"", ""core_chi2"": ""AlN"", ""t_film"": 600.0, ""h_s"": 150.0, ""w_s"": 1000.0}",refined,2,TM20,A,0.0116415552328615,TM145,0.0180578141950392,243,234.00514614350837,234.0310285918285,2.202819216510542,2.203008105160379,-0.0001888886498373,28.208947850507045,99.48200087564854,0.0938736911404927,0.0001434692517911,0.2045234887951139,1.149317520662879,510.99889453470576,1021671.2422674705,0.1895561616930184,889766.0422214078,0.01099995,0.0018729691373625,9.895736676364253e-07,True,28.63411108976519,0.0936455251256828,TM145,runs\loaded_sweep1\exports\a31f739ef7f7_x03.npz,0.9998902638059892,0.9999998838807902,0.0029807773841513,28.400231300392157,9.957295035525104e-05,6.397557767671032e-05,1.0033847464790229,-0.0018787856904624,-0.0015059607885602,0.3108515338537888,0.9771530604105704,,,loaded t=600 e=0 custom h_s=150 w_s=1000,TM20->TM145
625fd78e83a7,loaded,"{""etch_depth"": 0.0, ""w_rib"": 1000.0, ""sidewall_angle"": 5.0, ""strip_material"": ""TiO2"", ""strip_eq"": ""(0.5+0.747358*x**2/(x**2-0.0840076)+1.03335*x**2/(x**2-0.0662413)+1.02325*x**2/(x**2-0.0448956)+1.70043*x**2/(x**2-0.0225))**0.5"", ""strip_loss_eq"": ""(0.5+0.747358*x**2/(x**2-0.0840076-1j*0.0398823*(0.289841/x)**3.83574*x)+1.03335*x**2/(x**2-0.0662413-1j*0.0476189*(0.257374/x)**3.83574*x)+1.02325*x**2/(x**2-0.0448956-1j*0.0720067*(0.211886/x)**3.83574*x)+1.70043*x**2/(x**2-0.0225-1j*0.106654*(0.15/x)**3.83574*x))**0.5"", ""strip_chi2"": null, ""strip_sidewall"": 5.0, ""strip_offset"": 0.0, ""substrate_height"": 1000.0, ""topclad_height"": 800.0, ""substrate_material"": ""Al2O3"", ""topclad_material"": ""SiO2"", ""core_eq_o"": ""(1+2.8032/(1-0.015287/x**2)+0.36335/(1-0.036095/x**2)-33508000/(1+367200000/x**2))**0.5"", ""core_eq_e"": ""(1+0.017061/(1-0.043855/x**2)+3.1976/(1-0.022642/x**2)-57269000/(1-74226000/x**2))**0.5"", ""core_chi2"": ""AlN"", ""t_film"": 354.0, ""h_s"": 150.0, ""w_s"": 1000.0}",refined,1,TM10,S,0.0112555801874142,TM143?,0.040995902764249,188,230.2229323489576,230.2423852814682,2.2712854714573307,2.2715674360679854,-0.0002819646106546,27.695880064668074,95.49367601504925,0.1128378082434271,2.0901024052407581e-22,0.1857533716946055,0.4749952696679067,255.55016600543613,1280547.1025086208,190.2421316546296,19828162.23458276,0.001,0.0003232536984142,2.894024308804417e-08,True,17.850857359744868,0.0898671154060487,TM202?,runs\loaded_sweep1\exports\625fd78e83a7_x05.npz,0.9999976795307012,0.934931306431118,0.0029058076066776,27.639610008930653,0.0001345072192151,0.0002871864390933,0.9989836274237172,-0.0022037646490363,0.0032201372253192,0.2387576727541408,0.9156558800082546,,,loaded t=354 e=0 custom h_s=150 w_s=1000,TM10->TM143?
24d64a27d504,loaded,"{""etch_depth"": 0.0, ""w_rib"": 500.0, ""sidewall_angle"": 5.0, ""strip_material"": ""TiO2"", ""strip_eq"": ""(0.5+0.747358*x**2/(x**2-0.0840076)+1.03335*x**2/(x**2-0.0662413)+1.02325*x**2/(x**2-0.0448956)+1.70043*x**2/(x**2-0.0225))**0.5"", ""strip_loss_eq"": ""(0.5+0.747358*x**2/(x**2-0.0840076-1j*0.0398823*(0.289841/x)**3.83574*x)+1.03335*x**2/(x**2-0.0662413-1j*0.0476189*(0.257374/x)**3.83574*x)+1.02325*x**2/(x**2-0.0448956-1j*0.0720067*(0.211886/x)**3.83574*x)+1.70043*x**2/(x**2-0.0225-1j*0.106654*(0.15/x)**3.83574*x))**0.5"", ""strip_chi2"": null, ""strip_sidewall"": 5.0, ""strip_offset"": 0.0, ""substrate_height"": 1000.0, ""topclad_height"": 800.0, ""substrate_material"": ""Al2O3"", ""topclad_material"": ""SiO2"", ""core_eq_o"": ""(1+2.8032/(1-0.015287/x**2)+0.36335/(1-0.036095/x**2)-33508000/(1+367200000/x**2))**0.5"", ""core_eq_e"": ""(1+0.017061/(1-0.043855/x**2)+3.1976/(1-0.022642/x**2)-57269000/(1-74226000/x**2))**0.5"", ""core_chi2"": ""AlN"", ""t_film"": 600.0, ""h_s"": 150.0, ""w_s"": 500.0}",refined,1,TM10,S,0.0108860157602416,TM165,0.0290069611870348,190,231.4111917493107,231.4601037966991,2.168760147008224,2.169217142424513,-0.0004569954162887,26.9834180572068,111.42028584213858,0.0679374628208263,1.9413042931664288e-17,0.1375653218014579,0.9302218779288892,1277.4230463958734,943511.5109629568,20.73025646169369,1746750.1906908718,0.01099995,0.0011015165986881,3.274002854915128e-07,True,27.931183203159115,0.0691722315166884,TM165,runs\loaded_sweep1\exports\24d64a27d504_x02.npz,0.9986103973005108,0.9985255916511224,0.0028829926161023,27.07446999295734,9.702842176573184e-05,1.195771266908175e-06,1.001685762238005,-0.0018962736168105,0.0002105113788053,0.3997398528208148,0.9755948831963992,,,loaded t=600 e=0 custom h_s=150 w_s=500,TM10->TM165
fa07e99f095d,loaded,"{""etch_depth"": 0.0, ""w_rib"": 500.0, ""sidewall_angle"": 5.0, ""strip_material"": ""TiO2"", ""strip_eq"": ""(0.5+0.747358*x**2/(x**2-0.0840076)+1.03335*x**2/(x**2-0.0662413)+1.02325*x**2/(x**2-0.0448956)+1.70043*x**2/(x**2-0.0225))**0.5"", ""strip_loss_eq"": ""(0.5+0.747358*x**2/(x**2-0.0840076-1j*0.0398823*(0.289841/x)**3.83574*x)+1.03335*x**2/(x**2-0.0662413-1j*0.0476189*(0.257374/x)**3.83574*x)+1.02325*x**2/(x**2-0.0448956-1j*0.0720067*(0.211886/x)**3.83574*x)+1.70043*x**2/(x**2-0.0225-1j*0.106654*(0.15/x)**3.83574*x))**0.5"", ""strip_chi2"": null, ""strip_sidewall"": 5.0, ""strip_offset"": 0.0, ""substrate_height"": 1000.0, ""topclad_height"": 800.0, ""substrate_material"": ""Al2O3"", ""topclad_material"": ""SiO2"", ""core_eq_o"": ""(1+2.8032/(1-0.015287/x**2)+0.36335/(1-0.036095/x**2)-33508000/(1+367200000/x**2))**0.5"", ""core_eq_e"": ""(1+0.017061/(1-0.043855/x**2)+3.1976/(1-0.022642/x**2)-57269000/(1-74226000/x**2))**0.5"", ""core_chi2"": ""AlN"", ""t_film"": 354.0, ""h_s"": 150.0, ""w_s"": 500.0}",refined,1,TM10,S,0.0117903871735498,TM103,0.0176163147979307,149,233.9729360213404,234.00159071637367,2.158286591650129,2.158517639633611,-0.0002310479834823,25.214768251272552,118.35754980933258,0.0676297221909118,1.1598877281911642e-18,0.1294851903404242,0.6332072310805805,1313.0429964654095,919746.944464302,6.781275856871968,1633429.6338539524,0.01099995,0.0012214626266431,3.761970169866279e-07,True,25.290107103061885,0.0670804876632094,TM103,runs\loaded_sweep1\exports\fa07e99f095d_x06.npz,0.9998221526473904,0.9999972674293748,0.0028177587396335,25.215214860244497,1.8077950733455585e-05,1.770177090016335e-05,1.0000088560598672,-0.0008467342142465,0.0008378781543793,0.3615934684460299,0.9450530236481524,,,loaded t=354 e=0 custom h_s=150 w_s=500,TM10->TM103
a31f739ef7f7,loaded,"{""etch_depth"": 0.0, ""w_rib"": 1000.0, ""sidewall_angle"": 5.0, ""strip_material"": ""TiO2"", ""strip_eq"": ""(0.5+0.747358*x**2/(x**2-0.0840076)+1.03335*x**2/(x**2-0.0662413)+1.02325*x**2/(x**2-0.0448956)+1.70043*x**2/(x**2-0.0225))**0.5"", ""strip_loss_eq"": ""(0.5+0.747358*x**2/(x**2-0.0840076-1j*0.0398823*(0.289841/x)**3.83574*x)+1.03335*x**2/(x**2-0.0662413-1j*0.0476189*(0.257374/x)**3.83574*x)+1.02325*x**2/(x**2-0.0448956-1j*0.0720067*(0.211886/x)**3.83574*x)+1.70043*x**2/(x**2-0.0225-1j*0.106654*(0.15/x)**3.83574*x))**0.5"", ""strip_chi2"": null, ""strip_sidewall"": 5.0, ""strip_offset"": 0.0, ""substrate_height"": 1000.0, ""topclad_height"": 800.0, ""substrate_material"": ""Al2O3"", ""topclad_material"": ""SiO2"", ""core_eq_o"": ""(1+2.8032/(1-0.015287/x**2)+0.36335/(1-0.036095/x**2)-33508000/(1+367200000/x**2))**0.5"", ""core_eq_e"": ""(1+0.017061/(1-0.043855/x**2)+3.1976/(1-0.022642/x**2)-57269000/(1-74226000/x**2))**0.5"", ""core_chi2"": ""AlN"", ""t_film"": 600.0, ""h_s"": 150.0, ""w_s"": 1000.0}",refined,2,TM20,A,0.011978790011026,TM48?,0.0091796481978112,182,226.60552686446184,226.66050628541657,2.2370672597509094,2.239138826601819,-0.0020715668509097,25.050680663284947,113.96103713917609,0.1013688132393964,7.680377986863351e-05,0.1834341337915109,1.146750430245369,529.4988653573294,1411820.962480796,280.743470749565,45337468.97911686,0.001,0.0001464849184934,5.375332807762152e-09,True,11.70076576606077,0.0742283587216183,TM68,runs\loaded_sweep1\exports\a31f739ef7f7_x06.npz,0.999838741321746,0.6273425407271642,0.0027201381003618,25.64951596862643,8.183436555914973e-05,0.0025425175961124,1.011881886122004,-0.0018074158834324,-0.0100744702385714,0.252729992549238,0.8411344184839544,,,loaded t=600 e=0 custom h_s=150 w_s=1000,TM20->TM48?
fa07e99f095d,loaded,"{""etch_depth"": 0.0, ""w_rib"": 500.0, ""sidewall_angle"": 5.0, ""strip_material"": ""TiO2"", ""strip_eq"": ""(0.5+0.747358*x**2/(x**2-0.0840076)+1.03335*x**2/(x**2-0.0662413)+1.02325*x**2/(x**2-0.0448956)+1.70043*x**2/(x**2-0.0225))**0.5"", ""strip_loss_eq"": ""(0.5+0.747358*x**2/(x**2-0.0840076-1j*0.0398823*(0.289841/x)**3.83574*x)+1.03335*x**2/(x**2-0.0662413-1j*0.0476189*(0.257374/x)**3.83574*x)+1.02325*x**2/(x**2-0.0448956-1j*0.0720067*(0.211886/x)**3.83574*x)+1.70043*x**2/(x**2-0.0225-1j*0.106654*(0.15/x)**3.83574*x))**0.5"", ""strip_chi2"": null, ""strip_sidewall"": 5.0, ""strip_offset"": 0.0, ""substrate_height"": 1000.0, ""topclad_height"": 800.0, ""substrate_material"": ""Al2O3"", ""topclad_material"": ""SiO2"", ""core_eq_o"": ""(1+2.8032/(1-0.015287/x**2)+0.36335/(1-0.036095/x**2)-33508000/(1+367200000/x**2))**0.5"", ""core_eq_e"": ""(1+0.017061/(1-0.043855/x**2)+3.1976/(1-0.022642/x**2)-57269000/(1-74226000/x**2))**0.5"", ""core_chi2"": ""AlN"", ""t_film"": 354.0, ""h_s"": 150.0, ""w_s"": 500.0}",screened,0,TM00,A,,TM83,0.0155820273599675,38,222.9155372544793,,2.3099197391631,2.3099197391631,,21.753718742048203,123.29661818380572,0.075530430573231,,,,,,,,,,,,21.753718742048203,0.075530430573231,TM83,,,,0.0024935482986326,22.036235235776832,0.0001558726299788,0.0003134232297905,1.006472574687618,-0.0026768138888688,-0.0037957607987488,,,,,loaded t=354 e=0 custom h_s=150 w_s=500,TM00->TM83
16c82c446f98,loaded,"{""etch_depth"": 0.0, ""w_rib"": 1000.0, ""sidewall_angle"": 5.0, ""strip_material"": ""TiO2"", ""strip_eq"": ""(0.5+0.747358*x**2/(x**2-0.0840076)+1.03335*x**2/(x**2-0.0662413)+1.02325*x**2/(x**2-0.0448956)+1.70043*x**2/(x**2-0.0225))**0.5"", ""strip_loss_eq"": ""(0.5+0.747358*x**2/(x**2-0.0840076-1j*0.0398823*(0.289841/x)**3.83574*x)+1.03335*x**2/(x**2-0.0662413-1j*0.0476189*(0.257374/x)**3.83574*x)+1.02325*x**2/(x**2-0.0448956-1j*0.0720067*(0.211886/x)**3.83574*x)+1.70043*x**2/(x**2-0.0225-1j*0.106654*(0.15/x)**3.83574*x))**0.5"", ""strip_chi2"": null, ""strip_sidewall"": 5.0, ""strip_offset"": 0.0, ""substrate_height"": 1000.0, ""topclad_height"": 800.0, ""substrate_material"": ""Al2O3"", ""topclad_material"": ""SiO2"", ""core_eq_o"": ""(1+2.8032/(1-0.015287/x**2)+0.36335/(1-0.036095/x**2)-33508000/(1+367200000/x**2))**0.5"", ""core_eq_e"": ""(1+0.017061/(1-0.043855/x**2)+3.1976/(1-0.022642/x**2)-57269000/(1-74226000/x**2))**0.5"", ""core_chi2"": ""AlN"", ""t_film"": 354.0, ""h_s"": 70.0, ""w_s"": 1000.0}",refined,0,TM00,A,0.014135767735623,TM128?,0.0055908877477206,9,215.9764966956008,216.30799971730045,2.1809607057511937,2.1838724155374227,-0.002911709786229,21.060538951644062,160.97210153023667,0.0469049315099793,0.0044030254366293,0.2654204026718767,0.3173724388166603,108.8370991778753,576254.9730466402,20085.702434271054,22468479.43426544,0.001,0.0003259384820258,2.2373851850259443e-08,True,14.302635466229695,0.0408604352852161,TM148?,runs\loaded_sweep1\exports\16c82c446f98_x03.npz,0.9993447760006896,0.9050254452676296,0.0023771244711661,21.431052072004217,7.463258054978125e-06,0.0014032705042986,1.0087580311307869,-0.0005952912359053,-0.0081627398948815,0.7691467529838579,0.870571231439502,,,loaded t=354 e=0 custom h_s=70 w_s=1000,TM00->TM128?
