fingerprint,family,params,pump_id,label,n_eff,wavelength_sh,cerenkov_allowed_any,cerenkov_best_angle_deg,kappa_pct_per_W_cm,to_substrate,to_topclad,to_left,to_right,source_work_pct_per_W_cm,balance,d_nm,grid,seconds
439c150e7b86,loaded,"{""etch_depth"": 0.0, ""w_rib"": 500.0, ""sidewall_angle"": 5.0, ""strip_material"": ""TiO2"", ""strip_eq"": ""(0.5+0.747358*x**2/(x**2-0.0840076)+1.03335*x**2/(x**2-0.0662413)+1.02325*x**2/(x**2-0.0448956)+1.70043*x**2/(x**2-0.0225))**0.5"", ""strip_loss_eq"": ""(0.5+0.747358*x**2/(x**2-0.0840076-1j*0.0398823*(0.289841/x)**3.83574*x)+1.03335*x**2/(x**2-0.0662413-1j*0.0476189*(0.257374/x)**3.83574*x)+1.02325*x**2/(x**2-0.0448956-1j*0.0720067*(0.211886/x)**3.83574*x)+1.70043*x**2/(x**2-0.0225-1j*0.106654*(0.15/x)**3.83574*x))**0.5"", ""strip_chi2"": null, ""strip_sidewall"": 5.0, ""strip_offset"": 0.0, ""substrate_height"": 1000.0, ""topclad_height"": 800.0, ""substrate_material"": ""Al2O3"", ""topclad_material"": ""SiO2"", ""core_eq_o"": ""(1+2.8032/(1-0.015287/x**2)+0.36335/(1-0.036095/x**2)-33508000/(1+367200000/x**2))**0.5"", ""core_eq_e"": ""(1+0.017061/(1-0.043855/x**2)+3.1976/(1-0.022642/x**2)-57269000/(1-74226000/x**2))**0.5"", ""core_chi2"": ""AlN"", ""t_film"": 354.0, ""h_s"": 70.0, ""w_s"": 500.0}",0,TM00,2.1492291684533327,225.0,True,35.39685603856973,0.0018287864487259867,-2.10626552060686e-24,-1.358360590403982e-31,0.0009143818362445812,0.0009144046124814054,0.0018303508818297346,0.9991452824049868,10.0,230x222,231.6
439c150e7b86,loaded,"{""etch_depth"": 0.0, ""w_rib"": 500.0, ""sidewall_angle"": 5.0, ""strip_material"": ""TiO2"", ""strip_eq"": ""(0.5+0.747358*x**2/(x**2-0.0840076)+1.03335*x**2/(x**2-0.0662413)+1.02325*x**2/(x**2-0.0448956)+1.70043*x**2/(x**2-0.0225))**0.5"", ""strip_loss_eq"": ""(0.5+0.747358*x**2/(x**2-0.0840076-1j*0.0398823*(0.289841/x)**3.83574*x)+1.03335*x**2/(x**2-0.0662413-1j*0.0476189*(0.257374/x)**3.83574*x)+1.02325*x**2/(x**2-0.0448956-1j*0.0720067*(0.211886/x)**3.83574*x)+1.70043*x**2/(x**2-0.0225-1j*0.106654*(0.15/x)**3.83574*x))**0.5"", ""strip_chi2"": null, ""strip_sidewall"": 5.0, ""strip_offset"": 0.0, ""substrate_height"": 1000.0, ""topclad_height"": 800.0, ""substrate_material"": ""Al2O3"", ""topclad_material"": ""SiO2"", ""core_eq_o"": ""(1+2.8032/(1-0.015287/x**2)+0.36335/(1-0.036095/x**2)-33508000/(1+367200000/x**2))**0.5"", ""core_eq_e"": ""(1+0.017061/(1-0.043855/x**2)+3.1976/(1-0.022642/x**2)-57269000/(1-74226000/x**2))**0.5"", ""core_chi2"": ""AlN"", ""t_film"": 354.0, ""h_s"": 70.0, ""w_s"": 500.0}",1,TM10,2.110427309829403,225.0,True,36.827591270432876,0.00018730663007940004,5.708546125015933e-22,-4.2992868011835484e-32,9.368995656203187e-05,9.361667351736816e-05,0.00018304369743819127,1.0232891528136239,10.0,230x222,225.6
439c150e7b86,loaded,"{""etch_depth"": 0.0, ""w_rib"": 500.0, ""sidewall_angle"": 5.0, ""strip_material"": ""TiO2"", ""strip_eq"": ""(0.5+0.747358*x**2/(x**2-0.0840076)+1.03335*x**2/(x**2-0.0662413)+1.02325*x**2/(x**2-0.0448956)+1.70043*x**2/(x**2-0.0225))**0.5"", ""strip_loss_eq"": ""(0.5+0.747358*x**2/(x**2-0.0840076-1j*0.0398823*(0.289841/x)**3.83574*x)+1.03335*x**2/(x**2-0.0662413-1j*0.0476189*(0.257374/x)**3.83574*x)+1.02325*x**2/(x**2-0.0448956-1j*0.0720067*(0.211886/x)**3.83574*x)+1.70043*x**2/(x**2-0.0225-1j*0.106654*(0.15/x)**3.83574*x))**0.5"", ""strip_chi2"": null, ""strip_sidewall"": 5.0, ""strip_offset"": 0.0, ""substrate_height"": 1000.0, ""topclad_height"": 800.0, ""substrate_material"": ""Al2O3"", ""topclad_material"": ""SiO2"", ""core_eq_o"": ""(1+2.8032/(1-0.015287/x**2)+0.36335/(1-0.036095/x**2)-33508000/(1+367200000/x**2))**0.5"", ""core_eq_e"": ""(1+0.017061/(1-0.043855/x**2)+3.1976/(1-0.022642/x**2)-57269000/(1-74226000/x**2))**0.5"", ""core_chi2"": ""AlN"", ""t_film"": 354.0, ""h_s"": 70.0, ""w_s"": 500.0}",2,TM20,2.103794051037562,225.0,True,37.06740574063895,-9.545628384218684e-06,1.778046322197661e-22,1.190566110591175e-31,-4.29111537536121e-06,-5.254513008857473e-06,2.7263673549358933e-05,-0.3501226042388237,10.0,230x222,234.2
439c150e7b86,loaded,"{""etch_depth"": 0.0, ""w_rib"": 500.0, ""sidewall_angle"": 5.0, ""strip_material"": ""TiO2"", ""strip_eq"": ""(0.5+0.747358*x**2/(x**2-0.0840076)+1.03335*x**2/(x**2-0.0662413)+1.02325*x**2/(x**2-0.0448956)+1.70043*x**2/(x**2-0.0225))**0.5"", ""strip_loss_eq"": ""(0.5+0.747358*x**2/(x**2-0.0840076-1j*0.0398823*(0.289841/x)**3.83574*x)+1.03335*x**2/(x**2-0.0662413-1j*0.0476189*(0.257374/x)**3.83574*x)+1.02325*x**2/(x**2-0.0448956-1j*0.0720067*(0.211886/x)**3.83574*x)+1.70043*x**2/(x**2-0.0225-1j*0.106654*(0.15/x)**3.83574*x))**0.5"", ""strip_chi2"": null, ""strip_sidewall"": 5.0, ""strip_offset"": 0.0, ""substrate_height"": 1000.0, ""topclad_height"": 800.0, ""substrate_material"": ""Al2O3"", ""topclad_material"": ""SiO2"", ""core_eq_o"": ""(1+2.8032/(1-0.015287/x**2)+0.36335/(1-0.036095/x**2)-33508000/(1+367200000/x**2))**0.5"", ""core_eq_e"": ""(1+0.017061/(1-0.043855/x**2)+3.1976/(1-0.022642/x**2)-57269000/(1-74226000/x**2))**0.5"", ""core_chi2"": ""AlN"", ""t_film"": 354.0, ""h_s"": 70.0, ""w_s"": 500.0}",3,TE00,2.1520827999344156,225.0,True,35.28965550536868,1.3054425486977564e-05,-2.5919719882766655e-28,-4.465479261159006e-34,6.527193725745083e-06,6.527231761232481e-06,1.3053626704281417e-05,1.0000611923961242,10.0,230x222,233.4
439c150e7b86,loaded,"{""etch_depth"": 0.0, ""w_rib"": 500.0, ""sidewall_angle"": 5.0, ""strip_material"": ""TiO2"", ""strip_eq"": ""(0.5+0.747358*x**2/(x**2-0.0840076)+1.03335*x**2/(x**2-0.0662413)+1.02325*x**2/(x**2-0.0448956)+1.70043*x**2/(x**2-0.0225))**0.5"", ""strip_loss_eq"": ""(0.5+0.747358*x**2/(x**2-0.0840076-1j*0.0398823*(0.289841/x)**3.83574*x)+1.03335*x**2/(x**2-0.0662413-1j*0.0476189*(0.257374/x)**3.83574*x)+1.02325*x**2/(x**2-0.0448956-1j*0.0720067*(0.211886/x)**3.83574*x)+1.70043*x**2/(x**2-0.0225-1j*0.106654*(0.15/x)**3.83574*x))**0.5"", ""strip_chi2"": null, ""strip_sidewall"": 5.0, ""strip_offset"": 0.0, ""substrate_height"": 1000.0, ""topclad_height"": 800.0, ""substrate_material"": ""Al2O3"", ""topclad_material"": ""SiO2"", ""core_eq_o"": ""(1+2.8032/(1-0.015287/x**2)+0.36335/(1-0.036095/x**2)-33508000/(1+367200000/x**2))**0.5"", ""core_eq_e"": ""(1+0.017061/(1-0.043855/x**2)+3.1976/(1-0.022642/x**2)-57269000/(1-74226000/x**2))**0.5"", ""core_chi2"": ""AlN"", ""t_film"": 354.0, ""h_s"": 70.0, ""w_s"": 500.0}",4,TE10,2.0605807552101774,225.0,True,38.598480894484,4.490957373281641e-06,2.9806640112288407e-23,6.416743550305584e-33,2.2458293873088144e-06,2.2451279859728267e-06,4.493543900534988e-06,0.9994243903452152,10.0,230x222,226.1
16c82c446f98,loaded,"{""etch_depth"": 0.0, ""w_rib"": 1000.0, ""sidewall_angle"": 5.0, ""strip_material"": ""TiO2"", ""strip_eq"": ""(0.5+0.747358*x**2/(x**2-0.0840076)+1.03335*x**2/(x**2-0.0662413)+1.02325*x**2/(x**2-0.0448956)+1.70043*x**2/(x**2-0.0225))**0.5"", ""strip_loss_eq"": ""(0.5+0.747358*x**2/(x**2-0.0840076-1j*0.0398823*(0.289841/x)**3.83574*x)+1.03335*x**2/(x**2-0.0662413-1j*0.0476189*(0.257374/x)**3.83574*x)+1.02325*x**2/(x**2-0.0448956-1j*0.0720067*(0.211886/x)**3.83574*x)+1.70043*x**2/(x**2-0.0225-1j*0.106654*(0.15/x)**3.83574*x))**0.5"", ""strip_chi2"": null, ""strip_sidewall"": 5.0, ""strip_offset"": 0.0, ""substrate_height"": 1000.0, ""topclad_height"": 800.0, ""substrate_material"": ""Al2O3"", ""topclad_material"": ""SiO2"", ""core_eq_o"": ""(1+2.8032/(1-0.015287/x**2)+0.36335/(1-0.036095/x**2)-33508000/(1+367200000/x**2))**0.5"", ""core_eq_e"": ""(1+0.017061/(1-0.043855/x**2)+3.1976/(1-0.022642/x**2)-57269000/(1-74226000/x**2))**0.5"", ""core_chi2"": ""AlN"", ""t_film"": 354.0, ""h_s"": 70.0, ""w_s"": 1000.0}",0,TM00,2.16287457863089,225.0,True,34.88165619928314,0.0007931160043063113,8.484038212764143e-25,7.049020204577649e-32,0.0003965582714885056,0.0003965577328178057,0.0007946939379408979,0.9980144133996101,10.0,280x222,328.3
16c82c446f98,loaded,"{""etch_depth"": 0.0, ""w_rib"": 1000.0, ""sidewall_angle"": 5.0, ""strip_material"": ""TiO2"", ""strip_eq"": ""(0.5+0.747358*x**2/(x**2-0.0840076)+1.03335*x**2/(x**2-0.0662413)+1.02325*x**2/(x**2-0.0448956)+1.70043*x**2/(x**2-0.0225))**0.5"", ""strip_loss_eq"": ""(0.5+0.747358*x**2/(x**2-0.0840076-1j*0.0398823*(0.289841/x)**3.83574*x)+1.03335*x**2/(x**2-0.0662413-1j*0.0476189*(0.257374/x)**3.83574*x)+1.02325*x**2/(x**2-0.0448956-1j*0.0720067*(0.211886/x)**3.83574*x)+1.70043*x**2/(x**2-0.0225-1j*0.106654*(0.15/x)**3.83574*x))**0.5"", ""strip_chi2"": null, ""strip_sidewall"": 5.0, ""strip_offset"": 0.0, ""substrate_height"": 1000.0, ""topclad_height"": 800.0, ""substrate_material"": ""Al2O3"", ""topclad_material"": ""SiO2"", ""core_eq_o"": ""(1+2.8032/(1-0.015287/x**2)+0.36335/(1-0.036095/x**2)-33508000/(1+367200000/x**2))**0.5"", ""core_eq_e"": ""(1+0.017061/(1-0.043855/x**2)+3.1976/(1-0.022642/x**2)-57269000/(1-74226000/x**2))**0.5"", ""core_chi2"": ""AlN"", ""t_film"": 354.0, ""h_s"": 70.0, ""w_s"": 1000.0}",1,TM10,2.140646022018608,225.0,True,35.71760707057239,0.0032766120754701977,-3.522364617314261e-24,1.5098947273076615e-32,0.0016394034568379195,0.0016372086186322785,0.003278222718932349,0.9995086839424151,10.0,280x222,339.0
16c82c446f98,loaded,"{""etch_depth"": 0.0, ""w_rib"": 1000.0, ""sidewall_angle"": 5.0, ""strip_material"": ""TiO2"", ""strip_eq"": ""(0.5+0.747358*x**2/(x**2-0.0840076)+1.03335*x**2/(x**2-0.0662413)+1.02325*x**2/(x**2-0.0448956)+1.70043*x**2/(x**2-0.0225))**0.5"", ""strip_loss_eq"": ""(0.5+0.747358*x**2/(x**2-0.0840076-1j*0.0398823*(0.289841/x)**3.83574*x)+1.03335*x**2/(x**2-0.0662413-1j*0.0476189*(0.257374/x)**3.83574*x)+1.02325*x**2/(x**2-0.0448956-1j*0.0720067*(0.211886/x)**3.83574*x)+1.70043*x**2/(x**2-0.0225-1j*0.106654*(0.15/x)**3.83574*x))**0.5"", ""strip_chi2"": null, ""strip_sidewall"": 5.0, ""strip_offset"": 0.0, ""substrate_height"": 1000.0, ""topclad_height"": 800.0, ""substrate_material"": ""Al2O3"", ""topclad_material"": ""SiO2"", ""core_eq_o"": ""(1+2.8032/(1-0.015287/x**2)+0.36335/(1-0.036095/x**2)-33508000/(1+367200000/x**2))**0.5"", ""core_eq_e"": ""(1+0.017061/(1-0.043855/x**2)+3.1976/(1-0.022642/x**2)-57269000/(1-74226000/x**2))**0.5"", ""core_chi2"": ""AlN"", ""t_film"": 354.0, ""h_s"": 70.0, ""w_s"": 1000.0}",2,TM20,2.1127195225207016,225.0,True,36.744408102984146,0.0019930199729540896,5.080683574038213e-21,5.983733778346485e-31,0.0009984728923017928,0.0009945470806522968,0.0018640782304294337,1.0691718514919577,10.0,280x222,325.2
16c82c446f98,loaded,"{""etch_depth"": 0.0, ""w_rib"": 1000.0, ""sidewall_angle"": 5.0, ""strip_material"": ""TiO2"", ""strip_eq"": ""(0.5+0.747358*x**2/(x**2-0.0840076)+1.03335*x**2/(x**2-0.0662413)+1.02325*x**2/(x**2-0.0448956)+1.70043*x**2/(x**2-0.0225))**0.5"", ""strip_loss_eq"": ""(0.5+0.747358*x**2/(x**2-0.0840076-1j*0.0398823*(0.289841/x)**3.83574*x)+1.03335*x**2/(x**2-0.0662413-1j*0.0476189*(0.257374/x)**3.83574*x)+1.02325*x**2/(x**2-0.0448956-1j*0.0720067*(0.211886/x)**3.83574*x)+1.70043*x**2/(x**2-0.0225-1j*0.106654*(0.15/x)**3.83574*x))**0.5"", ""strip_chi2"": null, ""strip_sidewall"": 5.0, ""strip_offset"": 0.0, ""substrate_height"": 1000.0, ""topclad_height"": 800.0, ""substrate_material"": ""Al2O3"", ""topclad_material"": ""SiO2"", ""core_eq_o"": ""(1+2.8032/(1-0.015287/x**2)+0.36335/(1-0.036095/x**2)-33508000/(1+367200000/x**2))**0.5"", ""core_eq_e"": ""(1+0.017061/(1-0.043855/x**2)+3.1976/(1-0.022642/x**2)-57269000/(1-74226000/x**2))**0.5"", ""core_chi2"": ""AlN"", ""t_film"": 354.0, ""h_s"": 70.0, ""w_s"": 1000.0}",3,TE00,2.1777279220043892,225.0,True,34.31318555888098,1.0928631221593199e-07,8.530877653516753e-29,5.860872947008468e-36,5.4643124240532106e-08,5.464318797539988e-08,1.104038083029992e-07,0.9898781019944504,10.0,280x222,322.4
16c82c446f98,loaded,"{""etch_depth"": 0.0, ""w_rib"": 1000.0, ""sidewall_angle"": 5.0, ""strip_material"": ""TiO2"", ""strip_eq"": ""(0.5+0.747358*x**2/(x**2-0.0840076)+1.03335*x**2/(x**2-0.0662413)+1.02325*x**2/(x**2-0.0448956)+1.70043*x**2/(x**2-0.0225))**0.5"", ""strip_loss_eq"": ""(0.5+0.747358*x**2/(x**2-0.0840076-1j*0.0398823*(0.289841/x)**3.83574*x)+1.03335*x**2/(x**2-0.0662413-1j*0.0476189*(0.257374/x)**3.83574*x)+1.02325*x**2/(x**2-0.0448956-1j*0.0720067*(0.211886/x)**3.83574*x)+1.70043*x**2/(x**2-0.0225-1j*0.106654*(0.15/x)**3.83574*x))**0.5"", ""strip_chi2"": null, ""strip_sidewall"": 5.0, ""strip_offset"": 0.0, ""substrate_height"": 1000.0, ""topclad_height"": 800.0, ""substrate_material"": ""Al2O3"", ""topclad_material"": ""SiO2"", ""core_eq_o"": ""(1+2.8032/(1-0.015287/x**2)+0.36335/(1-0.036095/x**2)-33508000/(1+367200000/x**2))**0.5"", ""core_eq_e"": ""(1+0.017061/(1-0.043855/x**2)+3.1976/(1-0.022642/x**2)-57269000/(1-74226000/x**2))**0.5"", ""core_chi2"": ""AlN"", ""t_film"": 354.0, ""h_s"": 70.0, ""w_s"": 1000.0}",4,TE10,2.147190606162882,225.0,True,35.47326484919902,9.39781185608126e-06,1.1036383431207861e-27,1.520641593582887e-34,4.6988412833175075e-06,4.6989705727637525e-06,9.40040344438995e-06,0.9997243109485651,10.0,280x222,334.4
fa07e99f095d,loaded,"{""etch_depth"": 0.0, ""w_rib"": 500.0, ""sidewall_angle"": 5.0, ""strip_material"": ""TiO2"", ""strip_eq"": ""(0.5+0.747358*x**2/(x**2-0.0840076)+1.03335*x**2/(x**2-0.0662413)+1.02325*x**2/(x**2-0.0448956)+1.70043*x**2/(x**2-0.0225))**0.5"", ""strip_loss_eq"": ""(0.5+0.747358*x**2/(x**2-0.0840076-1j*0.0398823*(0.289841/x)**3.83574*x)+1.03335*x**2/(x**2-0.0662413-1j*0.0476189*(0.257374/x)**3.83574*x)+1.02325*x**2/(x**2-0.0448956-1j*0.0720067*(0.211886/x)**3.83574*x)+1.70043*x**2/(x**2-0.0225-1j*0.106654*(0.15/x)**3.83574*x))**0.5"", ""strip_chi2"": null, ""strip_sidewall"": 5.0, ""strip_offset"": 0.0, ""substrate_height"": 1000.0, ""topclad_height"": 800.0, ""substrate_material"": ""Al2O3"", ""topclad_material"": ""SiO2"", ""core_eq_o"": ""(1+2.8032/(1-0.015287/x**2)+0.36335/(1-0.036095/x**2)-33508000/(1+367200000/x**2))**0.5"", ""core_eq_e"": ""(1+0.017061/(1-0.043855/x**2)+3.1976/(1-0.022642/x**2)-57269000/(1-74226000/x**2))**0.5"", ""core_chi2"": ""AlN"", ""t_film"": 354.0, ""h_s"": 150.0, ""w_s"": 500.0}",0,TM00,2.2996152495351034,225.0,True,29.284924179701985,0.013396259980278805,7.252787227489715e-26,6.800319822351765e-35,0.0067016308289903894,0.0066946291512884155,0.01337680687683505,1.0014542411819851,10.0,230x230,220.7
fa07e99f095d,loaded,"{""etch_depth"": 0.0, ""w_rib"": 500.0, ""sidewall_angle"": 5.0, ""strip_material"": ""TiO2"", ""strip_eq"": ""(0.5+0.747358*x**2/(x**2-0.0840076)+1.03335*x**2/(x**2-0.0662413)+1.02325*x**2/(x**2-0.0448956)+1.70043*x**2/(x**2-0.0225))**0.5"", ""strip_loss_eq"": ""(0.5+0.747358*x**2/(x**2-0.0840076-1j*0.0398823*(0.289841/x)**3.83574*x)+1.03335*x**2/(x**2-0.0662413-1j*0.0476189*(0.257374/x)**3.83574*x)+1.02325*x**2/(x**2-0.0448956-1j*0.0720067*(0.211886/x)**3.83574*x)+1.70043*x**2/(x**2-0.0225-1j*0.106654*(0.15/x)**3.83574*x))**0.5"", ""strip_chi2"": null, ""strip_sidewall"": 5.0, ""strip_offset"": 0.0, ""substrate_height"": 1000.0, ""topclad_height"": 800.0, ""substrate_material"": ""Al2O3"", ""topclad_material"": ""SiO2"", ""core_eq_o"": ""(1+2.8032/(1-0.015287/x**2)+0.36335/(1-0.036095/x**2)-33508000/(1+367200000/x**2))**0.5"", ""core_eq_e"": ""(1+0.017061/(1-0.043855/x**2)+3.1976/(1-0.022642/x**2)-57269000/(1-74226000/x**2))**0.5"", ""core_chi2"": ""AlN"", ""t_film"": 354.0, ""h_s"": 150.0, ""w_s"": 500.0}",1,TM10,2.2003796555352007,225.0,True,33.42995645896456,0.0062754451804891385,-5.890276762851341e-26,3.9811273225742965e-33,0.0031377217957197444,0.0031377233847693937,0.006277124231614413,0.9997325126820308,10.0,230x230,235.4
fa07e99f095d,loaded,"{""etch_depth"": 0.0, ""w_rib"": 500.0, ""sidewall_angle"": 5.0, ""strip_material"": ""TiO2"", ""strip_eq"": ""(0.5+0.747358*x**2/(x**2-0.0840076)+1.03335*x**2/(x**2-0.0662413)+1.02325*x**2/(x**2-0.0448956)+1.70043*x**2/(x**2-0.0225))**0.5"", ""strip_loss_eq"": ""(0.5+0.747358*x**2/(x**2-0.0840076-1j*0.0398823*(0.289841/x)**3.83574*x)+1.03335*x**2/(x**2-0.0662413-1j*0.0476189*(0.257374/x)**3.83574*x)+1.02325*x**2/(x**2-0.0448956-1j*0.0720067*(0.211886/x)**3.83574*x)+1.70043*x**2/(x**2-0.0225-1j*0.106654*(0.15/x)**3.83574*x))**0.5"", ""strip_chi2"": null, ""strip_sidewall"": 5.0, ""strip_offset"": 0.0, ""substrate_height"": 1000.0, ""topclad_height"": 800.0, ""substrate_material"": ""Al2O3"", ""topclad_material"": ""SiO2"", ""core_eq_o"": ""(1+2.8032/(1-0.015287/x**2)+0.36335/(1-0.036095/x**2)-33508000/(1+367200000/x**2))**0.5"", ""core_eq_e"": ""(1+0.017061/(1-0.043855/x**2)+3.1976/(1-0.022642/x**2)-57269000/(1-74226000/x**2))**0.5"", ""core_chi2"": ""AlN"", ""t_film"": 354.0, ""h_s"": 150.0, ""w_s"": 500.0}",2,TM00,2.1124293731589376,225.0,True,36.75494640353978,6.909802227817539e-05,4.5569983919145364e-23,-7.663402881759828e-34,3.462309864863661e-05,3.447492362953877e-05,7.659614603169025e-05,0.9021083417119623,10.0,230x230,244.7
fa07e99f095d,loaded,"{""etch_depth"": 0.0, ""w_rib"": 500.0, ""sidewall_angle"": 5.0, ""strip_material"": ""TiO2"", ""strip_eq"": ""(0.5+0.747358*x**2/(x**2-0.0840076)+1.03335*x**2/(x**2-0.0662413)+1.02325*x**2/(x**2-0.0448956)+1.70043*x**2/(x**2-0.0225))**0.5"", ""strip_loss_eq"": ""(0.5+0.747358*x**2/(x**2-0.0840076-1j*0.0398823*(0.289841/x)**3.83574*x)+1.03335*x**2/(x**2-0.0662413-1j*0.0476189*(0.257374/x)**3.83574*x)+1.02325*x**2/(x**2-0.0448956-1j*0.0720067*(0.211886/x)**3.83574*x)+1.70043*x**2/(x**2-0.0225-1j*0.106654*(0.15/x)**3.83574*x))**0.5"", ""strip_chi2"": null, ""strip_sidewall"": 5.0, ""strip_offset"": 0.0, ""substrate_height"": 1000.0, ""topclad_height"": 800.0, ""substrate_material"": ""Al2O3"", ""topclad_material"": ""SiO2"", ""core_eq_o"": ""(1+2.8032/(1-0.015287/x**2)+0.36335/(1-0.036095/x**2)-33508000/(1+367200000/x**2))**0.5"", ""core_eq_e"": ""(1+0.017061/(1-0.043855/x**2)+3.1976/(1-0.022642/x**2)-57269000/(1-74226000/x**2))**0.5"", ""core_chi2"": ""AlN"", ""t_film"": 354.0, ""h_s"": 150.0, ""w_s"": 500.0}",3,TE00,2.3390875864421368,225.0,True,27.48035797979609,0.00010959026589748918,-6.947767077417134e-31,8.992625535525833e-37,5.479554531733961e-05,5.479472058014957e-05,0.00010967368839603136,0.9992393572263117,10.0,230x230,237.2
fa07e99f095d,loaded,"{""etch_depth"": 0.0, ""w_rib"": 500.0, ""sidewall_angle"": 5.0, ""strip_material"": ""TiO2"", ""strip_eq"": ""(0.5+0.747358*x**2/(x**2-0.0840076)+1.03335*x**2/(x**2-0.0662413)+1.02325*x**2/(x**2-0.0448956)+1.70043*x**2/(x**2-0.0225))**0.5"", ""strip_loss_eq"": ""(0.5+0.747358*x**2/(x**2-0.0840076-1j*0.0398823*(0.289841/x)**3.83574*x)+1.03335*x**2/(x**2-0.0662413-1j*0.0476189*(0.257374/x)**3.83574*x)+1.02325*x**2/(x**2-0.0448956-1j*0.0720067*(0.211886/x)**3.83574*x)+1.70043*x**2/(x**2-0.0225-1j*0.106654*(0.15/x)**3.83574*x))**0.5"", ""strip_chi2"": null, ""strip_sidewall"": 5.0, ""strip_offset"": 0.0, ""substrate_height"": 1000.0, ""topclad_height"": 800.0, ""substrate_material"": ""Al2O3"", ""topclad_material"": ""SiO2"", ""core_eq_o"": ""(1+2.8032/(1-0.015287/x**2)+0.36335/(1-0.036095/x**2)-33508000/(1+367200000/x**2))**0.5"", ""core_eq_e"": ""(1+0.017061/(1-0.043855/x**2)+3.1976/(1-0.022642/x**2)-57269000/(1-74226000/x**2))**0.5"", ""core_chi2"": ""AlN"", ""t_film"": 354.0, ""h_s"": 150.0, ""w_s"": 500.0}",4,TE10,2.2180587471936253,225.0,True,32.72602969224577,2.5627031606224604e-06,3.823031651860509e-29,-3.98726691236917e-37,1.2813515922323188e-06,1.2813515683901415e-06,2.5685436381466597e-06,0.9977261521130264,10.0,230x230,243.1
625fd78e83a7,loaded,"{""etch_depth"": 0.0, ""w_rib"": 1000.0, ""sidewall_angle"": 5.0, ""strip_material"": ""TiO2"", ""strip_eq"": ""(0.5+0.747358*x**2/(x**2-0.0840076)+1.03335*x**2/(x**2-0.0662413)+1.02325*x**2/(x**2-0.0448956)+1.70043*x**2/(x**2-0.0225))**0.5"", ""strip_loss_eq"": ""(0.5+0.747358*x**2/(x**2-0.0840076-1j*0.0398823*(0.289841/x)**3.83574*x)+1.03335*x**2/(x**2-0.0662413-1j*0.0476189*(0.257374/x)**3.83574*x)+1.02325*x**2/(x**2-0.0448956-1j*0.0720067*(0.211886/x)**3.83574*x)+1.70043*x**2/(x**2-0.0225-1j*0.106654*(0.15/x)**3.83574*x))**0.5"", ""strip_chi2"": null, ""strip_sidewall"": 5.0, ""strip_offset"": 0.0, ""substrate_height"": 1000.0, ""topclad_height"": 800.0, ""substrate_material"": ""Al2O3"", ""topclad_material"": ""SiO2"", ""core_eq_o"": ""(1+2.8032/(1-0.015287/x**2)+0.36335/(1-0.036095/x**2)-33508000/(1+367200000/x**2))**0.5"", ""core_eq_e"": ""(1+0.017061/(1-0.043855/x**2)+3.1976/(1-0.022642/x**2)-57269000/(1-74226000/x**2))**0.5"", ""core_chi2"": ""AlN"", ""t_film"": 354.0, ""h_s"": 150.0, ""w_s"": 1000.0}",0,TM00,2.323265900310341,225.0,True,28.216391251294468,0.0007436072572240427,1.5682878893363064e-28,1.2007225786694315e-35,0.0003722149568473574,0.00037139230037668534,0.0007431375203645739,1.0006320995059412,10.0,280x230,364.3
625fd78e83a7,loaded,"{""etch_depth"": 0.0, ""w_rib"": 1000.0, ""sidewall_angle"": 5.0, ""strip_material"": ""TiO2"", ""strip_eq"": ""(0.5+0.747358*x**2/(x**2-0.0840076)+1.03335*x**2/(x**2-0.0662413)+1.02325*x**2/(x**2-0.0448956)+1.70043*x**2/(x**2-0.0225))**0.5"", ""strip_loss_eq"": ""(0.5+0.747358*x**2/(x**2-0.0840076-1j*0.0398823*(0.289841/x)**3.83574*x)+1.03335*x**2/(x**2-0.0662413-1j*0.0476189*(0.257374/x)**3.83574*x)+1.02325*x**2/(x**2-0.0448956-1j*0.0720067*(0.211886/x)**3.83574*x)+1.70043*x**2/(x**2-0.0225-1j*0.106654*(0.15/x)**3.83574*x))**0.5"", ""strip_chi2"": null, ""strip_sidewall"": 5.0, ""strip_offset"": 0.0, ""substrate_height"": 1000.0, ""topclad_height"": 800.0, ""substrate_material"": ""Al2O3"", ""topclad_material"": ""SiO2"", ""core_eq_o"": ""(1+2.8032/(1-0.015287/x**2)+0.36335/(1-0.036095/x**2)-33508000/(1+367200000/x**2))**0.5"", ""core_eq_e"": ""(1+0.017061/(1-0.043855/x**2)+3.1976/(1-0.022642/x**2)-57269000/(1-74226000/x**2))**0.5"", ""core_chi2"": ""AlN"", ""t_film"": 354.0, ""h_s"": 150.0, ""w_s"": 1000.0}",1,TM10,2.294948576667863,225.0,True,29.49158199928697,0.014989144496167821,8.051336692544352e-26,2.0240053591102042e-34,0.0074935546055090495,0.007495589890658773,0.014974081842449579,1.001005915012134,10.0,280x230,355.4
625fd78e83a7,loaded,"{""etch_depth"": 0.0, ""w_rib"": 1000.0, ""sidewall_angle"": 5.0, ""strip_material"": ""TiO2"", ""strip_eq"": ""(0.5+0.747358*x**2/(x**2-0.0840076)+1.03335*x**2/(x**2-0.0662413)+1.02325*x**2/(x**2-0.0448956)+1.70043*x**2/(x**2-0.0225))**0.5"", ""strip_loss_eq"": ""(0.5+0.747358*x**2/(x**2-0.0840076-1j*0.0398823*(0.289841/x)**3.83574*x)+1.03335*x**2/(x**2-0.0662413-1j*0.0476189*(0.257374/x)**3.83574*x)+1.02325*x**2/(x**2-0.0448956-1j*0.0720067*(0.211886/x)**3.83574*x)+1.70043*x**2/(x**2-0.0225-1j*0.106654*(0.15/x)**3.83574*x))**0.5"", ""strip_chi2"": null, ""strip_sidewall"": 5.0, ""strip_offset"": 0.0, ""substrate_height"": 1000.0, ""topclad_height"": 800.0, ""substrate_material"": ""Al2O3"", ""topclad_material"": ""SiO2"", ""core_eq_o"": ""(1+2.8032/(1-0.015287/x**2)+0.36335/(1-0.036095/x**2)-33508000/(1+367200000/x**2))**0.5"", ""core_eq_e"": ""(1+0.017061/(1-0.043855/x**2)+3.1976/(1-0.022642/x**2)-57269000/(1-74226000/x**2))**0.5"", ""core_chi2"": ""AlN"", ""t_film"": 354.0, ""h_s"": 150.0, ""w_s"": 1000.0}",2,TM20,2.2471329791041343,225.0,True,31.538099343155373,0.009774590028755175,-7.955497625808691e-26,4.431685744124058e-33,0.0048890495664860555,0.004885540462269119,0.009754093148252204,1.0021013619812154,10.0,280x230,362.4
625fd78e83a7,loaded,"{""etch_depth"": 0.0, ""w_rib"": 1000.0, ""sidewall_angle"": 5.0, ""strip_material"": ""TiO2"", ""strip_eq"": ""(0.5+0.747358*x**2/(x**2-0.0840076)+1.03335*x**2/(x**2-0.0662413)+1.02325*x**2/(x**2-0.0448956)+1.70043*x**2/(x**2-0.0225))**0.5"", ""strip_loss_eq"": ""(0.5+0.747358*x**2/(x**2-0.0840076-1j*0.0398823*(0.289841/x)**3.83574*x)+1.03335*x**2/(x**2-0.0662413-1j*0.0476189*(0.257374/x)**3.83574*x)+1.02325*x**2/(x**2-0.0448956-1j*0.0720067*(0.211886/x)**3.83574*x)+1.70043*x**2/(x**2-0.0225-1j*0.106654*(0.15/x)**3.83574*x))**0.5"", ""strip_chi2"": null, ""strip_sidewall"": 5.0, ""strip_offset"": 0.0, ""substrate_height"": 1000.0, ""topclad_height"": 800.0, ""substrate_material"": ""Al2O3"", ""topclad_material"": ""SiO2"", ""core_eq_o"": ""(1+2.8032/(1-0.015287/x**2)+0.36335/(1-0.036095/x**2)-33508000/(1+367200000/x**2))**0.5"", ""core_eq_e"": ""(1+0.017061/(1-0.043855/x**2)+3.1976/(1-0.022642/x**2)-57269000/(1-74226000/x**2))**0.5"", ""core_chi2"": ""AlN"", ""t_film"": 354.0, ""h_s"": 150.0, ""w_s"": 1000.0}",3,TE00,2.368636162608839,225.0,True,26.054552080213508,9.785132599201307e-08,3.5594414194612525e-34,1.652575917873397e-39,4.890703685880444e-08,4.894428913320864e-08,9.810697675011016e-08,0.9973941633249157,10.0,280x230,374.5
625fd78e83a7,loaded,"{""etch_depth"": 0.0, ""w_rib"": 1000.0, ""sidewall_angle"": 5.0, ""strip_material"": ""TiO2"", ""strip_eq"": ""(0.5+0.747358*x**2/(x**2-0.0840076)+1.03335*x**2/(x**2-0.0662413)+1.02325*x**2/(x**2-0.0448956)+1.70043*x**2/(x**2-0.0225))**0.5"", ""strip_loss_eq"": ""(0.5+0.747358*x**2/(x**2-0.0840076-1j*0.0398823*(0.289841/x)**3.83574*x)+1.03335*x**2/(x**2-0.0662413-1j*0.0476189*(0.257374/x)**3.83574*x)+1.02325*x**2/(x**2-0.0448956-1j*0.0720067*(0.211886/x)**3.83574*x)+1.70043*x**2/(x**2-0.0225-1j*0.106654*(0.15/x)**3.83574*x))**0.5"", ""strip_chi2"": null, ""strip_sidewall"": 5.0, ""strip_offset"": 0.0, ""substrate_height"": 1000.0, ""topclad_height"": 800.0, ""substrate_material"": ""Al2O3"", ""topclad_material"": ""SiO2"", ""core_eq_o"": ""(1+2.8032/(1-0.015287/x**2)+0.36335/(1-0.036095/x**2)-33508000/(1+367200000/x**2))**0.5"", ""core_eq_e"": ""(1+0.017061/(1-0.043855/x**2)+3.1976/(1-0.022642/x**2)-57269000/(1-74226000/x**2))**0.5"", ""core_chi2"": ""AlN"", ""t_film"": 354.0, ""h_s"": 150.0, ""w_s"": 1000.0}",4,TE10,2.3375946907119,225.0,True,27.550581285762775,1.9419802506355845e-07,1.1684483020703195e-32,5.76297412611252e-39,9.71017111992789e-08,9.709631386427955e-08,1.9446735146028995e-07,0.9986150559736168,10.0,280x230,368.6
9091dda9ce0c,loaded,"{""etch_depth"": 0.0, ""w_rib"": 500.0, ""sidewall_angle"": 5.0, ""strip_material"": ""TiO2"", ""strip_eq"": ""(0.5+0.747358*x**2/(x**2-0.0840076)+1.03335*x**2/(x**2-0.0662413)+1.02325*x**2/(x**2-0.0448956)+1.70043*x**2/(x**2-0.0225))**0.5"", ""strip_loss_eq"": ""(0.5+0.747358*x**2/(x**2-0.0840076-1j*0.0398823*(0.289841/x)**3.83574*x)+1.03335*x**2/(x**2-0.0662413-1j*0.0476189*(0.257374/x)**3.83574*x)+1.02325*x**2/(x**2-0.0448956-1j*0.0720067*(0.211886/x)**3.83574*x)+1.70043*x**2/(x**2-0.0225-1j*0.106654*(0.15/x)**3.83574*x))**0.5"", ""strip_chi2"": null, ""strip_sidewall"": 5.0, ""strip_offset"": 0.0, ""substrate_height"": 1000.0, ""topclad_height"": 800.0, ""substrate_material"": ""Al2O3"", ""topclad_material"": ""SiO2"", ""core_eq_o"": ""(1+2.8032/(1-0.015287/x**2)+0.36335/(1-0.036095/x**2)-33508000/(1+367200000/x**2))**0.5"", ""core_eq_e"": ""(1+0.017061/(1-0.043855/x**2)+3.1976/(1-0.022642/x**2)-57269000/(1-74226000/x**2))**0.5"", ""core_chi2"": ""AlN"", ""t_film"": 600.0, ""h_s"": 70.0, ""w_s"": 500.0}",0,TM00,2.1645974549147264,225.0,True,34.81613441797242,0.0006214191290976034,5.722441356644803e-23,5.699740330018012e-33,0.0003048880607379485,0.0003165310683596549,0.0006236140692967453,0.9964802907644191,10.0,230x247,260.1
9091dda9ce0c,loaded,"{""etch_depth"": 0.0, ""w_rib"": 500.0, ""sidewall_angle"": 5.0, ""strip_material"": ""TiO2"", ""strip_eq"": ""(0.5+0.747358*x**2/(x**2-0.0840076)+1.03335*x**2/(x**2-0.0662413)+1.02325*x**2/(x**2-0.0448956)+1.70043*x**2/(x**2-0.0225))**0.5"", ""strip_loss_eq"": ""(0.5+0.747358*x**2/(x**2-0.0840076-1j*0.0398823*(0.289841/x)**3.83574*x)+1.03335*x**2/(x**2-0.0662413-1j*0.0476189*(0.257374/x)**3.83574*x)+1.02325*x**2/(x**2-0.0448956-1j*0.0720067*(0.211886/x)**3.83574*x)+1.70043*x**2/(x**2-0.0225-1j*0.106654*(0.15/x)**3.83574*x))**0.5"", ""strip_chi2"": null, ""strip_sidewall"": 5.0, ""strip_offset"": 0.0, ""substrate_height"": 1000.0, ""topclad_height"": 800.0, ""substrate_material"": ""Al2O3"", ""topclad_material"": ""SiO2"", ""core_eq_o"": ""(1+2.8032/(1-0.015287/x**2)+0.36335/(1-0.036095/x**2)-33508000/(1+367200000/x**2))**0.5"", ""core_eq_e"": ""(1+0.017061/(1-0.043855/x**2)+3.1976/(1-0.022642/x**2)-57269000/(1-74226000/x**2))**0.5"", ""core_chi2"": ""AlN"", ""t_film"": 600.0, ""h_s"": 70.0, ""w_s"": 500.0}",1,TM10,2.150127009628636,225.0,True,35.36315789487344,-1.6673952128208284e-05,1.2881388648255141e-26,2.401448420575948e-35,-6.611738193288497e-06,-1.0062213934919787e-05,4.161424255401065e-06,-4.006789768326878,10.0,230x247,247.6
9091dda9ce0c,loaded,"{""etch_depth"": 0.0, ""w_rib"": 500.0, ""sidewall_angle"": 5.0, ""strip_material"": ""TiO2"", ""strip_eq"": ""(0.5+0.747358*x**2/(x**2-0.0840076)+1.03335*x**2/(x**2-0.0662413)+1.02325*x**2/(x**2-0.0448956)+1.70043*x**2/(x**2-0.0225))**0.5"", ""strip_loss_eq"": ""(0.5+0.747358*x**2/(x**2-0.0840076-1j*0.0398823*(0.289841/x)**3.83574*x)+1.03335*x**2/(x**2-0.0662413-1j*0.0476189*(0.257374/x)**3.83574*x)+1.02325*x**2/(x**2-0.0448956-1j*0.0720067*(0.211886/x)**3.83574*x)+1.70043*x**2/(x**2-0.0225-1j*0.106654*(0.15/x)**3.83574*x))**0.5"", ""strip_chi2"": null, ""strip_sidewall"": 5.0, ""strip_offset"": 0.0, ""substrate_height"": 1000.0, ""topclad_height"": 800.0, ""substrate_material"": ""Al2O3"", ""topclad_material"": ""SiO2"", ""core_eq_o"": ""(1+2.8032/(1-0.015287/x**2)+0.36335/(1-0.036095/x**2)-33508000/(1+367200000/x**2))**0.5"", ""core_eq_e"": ""(1+0.017061/(1-0.043855/x**2)+3.1976/(1-0.022642/x**2)-57269000/(1-74226000/x**2))**0.5"", ""core_chi2"": ""AlN"", ""t_film"": 600.0, ""h_s"": 70.0, ""w_s"": 500.0}",2,TM20,2.14495187045808,225.0,True,35.557012097527156,-7.996060729514686e-05,1.9220223078171875e-24,8.357600983342578e-34,-3.331971503871897e-05,-4.6640892256427896e-05,4.841769387453614e-05,-1.651474923658018,10.0,230x247,262.6
9091dda9ce0c,loaded,"{""etch_depth"": 0.0, ""w_rib"": 500.0, ""sidewall_angle"": 5.0, ""strip_material"": ""TiO2"", ""strip_eq"": ""(0.5+0.747358*x**2/(x**2-0.0840076)+1.03335*x**2/(x**2-0.0662413)+1.02325*x**2/(x**2-0.0448956)+1.70043*x**2/(x**2-0.0225))**0.5"", ""strip_loss_eq"": ""(0.5+0.747358*x**2/(x**2-0.0840076-1j*0.0398823*(0.289841/x)**3.83574*x)+1.03335*x**2/(x**2-0.0662413-1j*0.0476189*(0.257374/x)**3.83574*x)+1.02325*x**2/(x**2-0.0448956-1j*0.0720067*(0.211886/x)**3.83574*x)+1.70043*x**2/(x**2-0.0225-1j*0.106654*(0.15/x)**3.83574*x))**0.5"", ""strip_chi2"": null, ""strip_sidewall"": 5.0, ""strip_offset"": 0.0, ""substrate_height"": 1000.0, ""topclad_height"": 800.0, ""substrate_material"": ""Al2O3"", ""topclad_material"": ""SiO2"", ""core_eq_o"": ""(1+2.8032/(1-0.015287/x**2)+0.36335/(1-0.036095/x**2)-33508000/(1+367200000/x**2))**0.5"", ""core_eq_e"": ""(1+0.017061/(1-0.043855/x**2)+3.1976/(1-0.022642/x**2)-57269000/(1-74226000/x**2))**0.5"", ""core_chi2"": ""AlN"", ""t_film"": 600.0, ""h_s"": 70.0, ""w_s"": 500.0}",3,TE00,2.1513644072733222,225.0,True,35.31666955744985,5.059821237330689e-08,1.1217976577995741e-26,-4.129330078769101e-35,2.473924934338583e-07,-1.9679428106055142e-07,2.9905204817853597e-06,0.016919533800718006,10.0,230x247,257.0
9091dda9ce0c,loaded,"{""etch_depth"": 0.0, ""w_rib"": 500.0, ""sidewall_angle"": 5.0, ""strip_material"": ""TiO2"", ""strip_eq"": ""(0.5+0.747358*x**2/(x**2-0.0840076)+1.03335*x**2/(x**2-0.0662413)+1.02325*x**2/(x**2-0.0448956)+1.70043*x**2/(x**2-0.0225))**0.5"", ""strip_loss_eq"": ""(0.5+0.747358*x**2/(x**2-0.0840076-1j*0.0398823*(0.289841/x)**3.83574*x)+1.03335*x**2/(x**2-0.0662413-1j*0.0476189*(0.257374/x)**3.83574*x)+1.02325*x**2/(x**2-0.0448956-1j*0.0720067*(0.211886/x)**3.83574*x)+1.70043*x**2/(x**2-0.0225-1j*0.106654*(0.15/x)**3.83574*x))**0.5"", ""strip_chi2"": null, ""strip_sidewall"": 5.0, ""strip_offset"": 0.0, ""substrate_height"": 1000.0, ""topclad_height"": 800.0, ""substrate_material"": ""Al2O3"", ""topclad_material"": ""SiO2"", ""core_eq_o"": ""(1+2.8032/(1-0.015287/x**2)+0.36335/(1-0.036095/x**2)-33508000/(1+367200000/x**2))**0.5"", ""core_eq_e"": ""(1+0.017061/(1-0.043855/x**2)+3.1976/(1-0.022642/x**2)-57269000/(1-74226000/x**2))**0.5"", ""core_chi2"": ""AlN"", ""t_film"": 600.0, ""h_s"": 70.0, ""w_s"": 500.0}",4,TE00,2.085518767232574,225.0,True,37.721359761086255,3.9121581652731434e-10,2.7502710572398366e-25,9.918661094765652e-37,-1.8911366067203214e-10,5.803294771993462e-10,3.0435996643073547e-09,0.1285372124051489,10.0,230x247,261.5
422a5c424467,loaded,"{""etch_depth"": 0.0, ""w_rib"": 1000.0, ""sidewall_angle"": 5.0, ""strip_material"": ""TiO2"", ""strip_eq"": ""(0.5+0.747358*x**2/(x**2-0.0840076)+1.03335*x**2/(x**2-0.0662413)+1.02325*x**2/(x**2-0.0448956)+1.70043*x**2/(x**2-0.0225))**0.5"", ""strip_loss_eq"": ""(0.5+0.747358*x**2/(x**2-0.0840076-1j*0.0398823*(0.289841/x)**3.83574*x)+1.03335*x**2/(x**2-0.0662413-1j*0.0476189*(0.257374/x)**3.83574*x)+1.02325*x**2/(x**2-0.0448956-1j*0.0720067*(0.211886/x)**3.83574*x)+1.70043*x**2/(x**2-0.0225-1j*0.106654*(0.15/x)**3.83574*x))**0.5"", ""strip_chi2"": null, ""strip_sidewall"": 5.0, ""strip_offset"": 0.0, ""substrate_height"": 1000.0, ""topclad_height"": 800.0, ""substrate_material"": ""Al2O3"", ""topclad_material"": ""SiO2"", ""core_eq_o"": ""(1+2.8032/(1-0.015287/x**2)+0.36335/(1-0.036095/x**2)-33508000/(1+367200000/x**2))**0.5"", ""core_eq_e"": ""(1+0.017061/(1-0.043855/x**2)+3.1976/(1-0.022642/x**2)-57269000/(1-74226000/x**2))**0.5"", ""core_chi2"": ""AlN"", ""t_film"": 600.0, ""h_s"": 70.0, ""w_s"": 1000.0}",0,TM00,2.1724833479605006,225.0,True,34.514843256748456,0.008303046197190692,2.0056006256943754e-22,-6.5793325027921775e-31,0.0038295811262428975,0.004473465070947794,0.008283444558028513,1.00236636329547,10.0,280x247,413.7
422a5c424467,loaded,"{""etch_depth"": 0.0, ""w_rib"": 1000.0, ""sidewall_angle"": 5.0, ""strip_material"": ""TiO2"", ""strip_eq"": ""(0.5+0.747358*x**2/(x**2-0.0840076)+1.03335*x**2/(x**2-0.0662413)+1.02325*x**2/(x**2-0.0448956)+1.70043*x**2/(x**2-0.0225))**0.5"", ""strip_loss_eq"": ""(0.5+0.747358*x**2/(x**2-0.0840076-1j*0.0398823*(0.289841/x)**3.83574*x)+1.03335*x**2/(x**2-0.0662413-1j*0.0476189*(0.257374/x)**3.83574*x)+1.02325*x**2/(x**2-0.0448956-1j*0.0720067*(0.211886/x)**3.83574*x)+1.70043*x**2/(x**2-0.0225-1j*0.106654*(0.15/x)**3.83574*x))**0.5"", ""strip_chi2"": null, ""strip_sidewall"": 5.0, ""strip_offset"": 0.0, ""substrate_height"": 1000.0, ""topclad_height"": 800.0, ""substrate_material"": ""Al2O3"", ""topclad_material"": ""SiO2"", ""core_eq_o"": ""(1+2.8032/(1-0.015287/x**2)+0.36335/(1-0.036095/x**2)-33508000/(1+367200000/x**2))**0.5"", ""core_eq_e"": ""(1+0.017061/(1-0.043855/x**2)+3.1976/(1-0.022642/x**2)-57269000/(1-74226000/x**2))**0.5"", ""core_chi2"": ""AlN"", ""t_film"": 600.0, ""h_s"": 70.0, ""w_s"": 1000.0}",1,TM10,2.15762132109186,225.0,True,35.080780168616585,0.0005431157638754994,5.870304933099632e-23,8.641868627825269e-33,0.000271852072251862,0.00027126369162363737,0.0005538280909276156,0.9806576675549736,10.0,280x247,406.4
422a5c424467,loaded,"{""etch_depth"": 0.0, ""w_rib"": 1000.0, ""sidewall_angle"": 5.0, ""strip_material"": ""TiO2"", ""strip_eq"": ""(0.5+0.747358*x**2/(x**2-0.0840076)+1.03335*x**2/(x**2-0.0662413)+1.02325*x**2/(x**2-0.0448956)+1.70043*x**2/(x**2-0.0225))**0.5"", ""strip_loss_eq"": ""(0.5+0.747358*x**2/(x**2-0.0840076-1j*0.0398823*(0.289841/x)**3.83574*x)+1.03335*x**2/(x**2-0.0662413-1j*0.0476189*(0.257374/x)**3.83574*x)+1.02325*x**2/(x**2-0.0448956-1j*0.0720067*(0.211886/x)**3.83574*x)+1.70043*x**2/(x**2-0.0225-1j*0.106654*(0.15/x)**3.83574*x))**0.5"", ""strip_chi2"": null, ""strip_sidewall"": 5.0, ""strip_offset"": 0.0, ""substrate_height"": 1000.0, ""topclad_height"": 800.0, ""substrate_material"": ""Al2O3"", ""topclad_material"": ""SiO2"", ""core_eq_o"": ""(1+2.8032/(1-0.015287/x**2)+0.36335/(1-0.036095/x**2)-33508000/(1+367200000/x**2))**0.5"", ""core_eq_e"": ""(1+0.017061/(1-0.043855/x**2)+3.1976/(1-0.022642/x**2)-57269000/(1-74226000/x**2))**0.5"", ""core_chi2"": ""AlN"", ""t_film"": 600.0, ""h_s"": 70.0, ""w_s"": 1000.0}",2,TM20,2.1495836709892413,225.0,True,35.38355403779539,-8.79218857806518e-06,3.592719027676698e-24,9.261779610985913e-35,-4.870456595467302e-06,-3.921731982597878e-06,1.5368921085610056e-05,-0.5720758489870391,10.0,280x247,414.2
422a5c424467,loaded,"{""etch_depth"": 0.0, ""w_rib"": 1000.0, ""sidewall_angle"": 5.0, ""strip_material"": ""TiO2"", ""strip_eq"": ""(0.5+0.747358*x**2/(x**2-0.0840076)+1.03335*x**2/(x**2-0.0662413)+1.02325*x**2/(x**2-0.0448956)+1.70043*x**2/(x**2-0.0225))**0.5"", ""strip_loss_eq"": ""(0.5+0.747358*x**2/(x**2-0.0840076-1j*0.0398823*(0.289841/x)**3.83574*x)+1.03335*x**2/(x**2-0.0662413-1j*0.0476189*(0.257374/x)**3.83574*x)+1.02325*x**2/(x**2-0.0448956-1j*0.0720067*(0.211886/x)**3.83574*x)+1.70043*x**2/(x**2-0.0225-1j*0.106654*(0.15/x)**3.83574*x))**0.5"", ""strip_chi2"": null, ""strip_sidewall"": 5.0, ""strip_offset"": 0.0, ""substrate_height"": 1000.0, ""topclad_height"": 800.0, ""substrate_material"": ""Al2O3"", ""topclad_material"": ""SiO2"", ""core_eq_o"": ""(1+2.8032/(1-0.015287/x**2)+0.36335/(1-0.036095/x**2)-33508000/(1+367200000/x**2))**0.5"", ""core_eq_e"": ""(1+0.017061/(1-0.043855/x**2)+3.1976/(1-0.022642/x**2)-57269000/(1-74226000/x**2))**0.5"", ""core_chi2"": ""AlN"", ""t_film"": 600.0, ""h_s"": 70.0, ""w_s"": 1000.0}",3,TE00,2.17634505673582,225.0,True,34.3664584508727,2.682952367398113e-06,4.1621591035611574e-26,-2.6600252233455965e-34,1.3442510933156376e-06,1.3387012740824758e-06,2.6884304668038806e-06,0.9979623429084703,10.0,280x247,431.1
422a5c424467,loaded,"{""etch_depth"": 0.0, ""w_rib"": 1000.0, ""sidewall_angle"": 5.0, ""strip_material"": ""TiO2"", ""strip_eq"": ""(0.5+0.747358*x**2/(x**2-0.0840076)+1.03335*x**2/(x**2-0.0662413)+1.02325*x**2/(x**2-0.0448956)+1.70043*x**2/(x**2-0.0225))**0.5"", ""strip_loss_eq"": ""(0.5+0.747358*x**2/(x**2-0.0840076-1j*0.0398823*(0.289841/x)**3.83574*x)+1.03335*x**2/(x**2-0.0662413-1j*0.0476189*(0.257374/x)**3.83574*x)+1.02325*x**2/(x**2-0.0448956-1j*0.0720067*(0.211886/x)**3.83574*x)+1.70043*x**2/(x**2-0.0225-1j*0.106654*(0.15/x)**3.83574*x))**0.5"", ""strip_chi2"": null, ""strip_sidewall"": 5.0, ""strip_offset"": 0.0, ""substrate_height"": 1000.0, ""topclad_height"": 800.0, ""substrate_material"": ""Al2O3"", ""topclad_material"": ""SiO2"", ""core_eq_o"": ""(1+2.8032/(1-0.015287/x**2)+0.36335/(1-0.036095/x**2)-33508000/(1+367200000/x**2))**0.5"", ""core_eq_e"": ""(1+0.017061/(1-0.043855/x**2)+3.1976/(1-0.022642/x**2)-57269000/(1-74226000/x**2))**0.5"", ""core_chi2"": ""AlN"", ""t_film"": 600.0, ""h_s"": 70.0, ""w_s"": 1000.0}",4,TE10,2.1459846088312053,225.0,True,35.51840044229514,6.914166668868258e-06,6.346017094720998e-25,2.113144351071251e-34,3.4574099006569224e-06,3.456756768211336e-06,6.821064866957758e-06,1.013649159438653,10.0,280x247,431.5
24d64a27d504,loaded,"{""etch_depth"": 0.0, ""w_rib"": 500.0, ""sidewall_angle"": 5.0, ""strip_material"": ""TiO2"", ""strip_eq"": ""(0.5+0.747358*x**2/(x**2-0.0840076)+1.03335*x**2/(x**2-0.0662413)+1.02325*x**2/(x**2-0.0448956)+1.70043*x**2/(x**2-0.0225))**0.5"", ""strip_loss_eq"": ""(0.5+0.747358*x**2/(x**2-0.0840076-1j*0.0398823*(0.289841/x)**3.83574*x)+1.03335*x**2/(x**2-0.0662413-1j*0.0476189*(0.257374/x)**3.83574*x)+1.02325*x**2/(x**2-0.0448956-1j*0.0720067*(0.211886/x)**3.83574*x)+1.70043*x**2/(x**2-0.0225-1j*0.106654*(0.15/x)**3.83574*x))**0.5"", ""strip_chi2"": null, ""strip_sidewall"": 5.0, ""strip_offset"": 0.0, ""substrate_height"": 1000.0, ""topclad_height"": 800.0, ""substrate_material"": ""Al2O3"", ""topclad_material"": ""SiO2"", ""core_eq_o"": ""(1+2.8032/(1-0.015287/x**2)+0.36335/(1-0.036095/x**2)-33508000/(1+367200000/x**2))**0.5"", ""core_eq_e"": ""(1+0.017061/(1-0.043855/x**2)+3.1976/(1-0.022642/x**2)-57269000/(1-74226000/x**2))**0.5"", ""core_chi2"": ""AlN"", ""t_film"": 600.0, ""h_s"": 150.0, ""w_s"": 500.0}",0,TM00,2.2977138356024365,225.0,True,29.36928580801502,0.0117892354992268,-7.673288015785809e-28,-1.8695278508358846e-34,0.0058945547887686595,0.005894680710458141,0.011805198338848953,0.998647812669981,10.0,230x255,281.7
24d64a27d504,loaded,"{""etch_depth"": 0.0, ""w_rib"": 500.0, ""sidewall_angle"": 5.0, ""strip_material"": ""TiO2"", ""strip_eq"": ""(0.5+0.747358*x**2/(x**2-0.0840076)+1.03335*x**2/(x**2-0.0662413)+1.02325*x**2/(x**2-0.0448956)+1.70043*x**2/(x**2-0.0225))**0.5"", ""strip_loss_eq"": ""(0.5+0.747358*x**2/(x**2-0.0840076-1j*0.0398823*(0.289841/x)**3.83574*x)+1.03335*x**2/(x**2-0.0662413-1j*0.0476189*(0.257374/x)**3.83574*x)+1.02325*x**2/(x**2-0.0448956-1j*0.0720067*(0.211886/x)**3.83574*x)+1.70043*x**2/(x**2-0.0225-1j*0.106654*(0.15/x)**3.83574*x))**0.5"", ""strip_chi2"": null, ""strip_sidewall"": 5.0, ""strip_offset"": 0.0, ""substrate_height"": 1000.0, ""topclad_height"": 800.0, ""substrate_material"": ""Al2O3"", ""topclad_material"": ""SiO2"", ""core_eq_o"": ""(1+2.8032/(1-0.015287/x**2)+0.36335/(1-0.036095/x**2)-33508000/(1+367200000/x**2))**0.5"", ""core_eq_e"": ""(1+0.017061/(1-0.043855/x**2)+3.1976/(1-0.022642/x**2)-57269000/(1-74226000/x**2))**0.5"", ""core_chi2"": ""AlN"", ""t_film"": 600.0, ""h_s"": 150.0, ""w_s"": 500.0}",1,TM10,2.198732924079538,225.0,True,33.494856754649156,0.012210210231518259,-1.3827436165060257e-24,2.3702499477508207e-33,0.006105732144001611,0.006104478087516648,0.012211971950535928,0.9998557383668415,10.0,230x255,280.5
24d64a27d504,loaded,"{""etch_depth"": 0.0, ""w_rib"": 500.0, ""sidewall_angle"": 5.0, ""strip_material"": ""TiO2"", ""strip_eq"": ""(0.5+0.747358*x**2/(x**2-0.0840076)+1.03335*x**2/(x**2-0.0662413)+1.02325*x**2/(x**2-0.0448956)+1.70043*x**2/(x**2-0.0225))**0.5"", ""strip_loss_eq"": ""(0.5+0.747358*x**2/(x**2-0.0840076-1j*0.0398823*(0.289841/x)**3.83574*x)+1.03335*x**2/(x**2-0.0662413-1j*0.0476189*(0.257374/x)**3.83574*x)+1.02325*x**2/(x**2-0.0448956-1j*0.0720067*(0.211886/x)**3.83574*x)+1.70043*x**2/(x**2-0.0225-1j*0.106654*(0.15/x)**3.83574*x))**0.5"", ""strip_chi2"": null, ""strip_sidewall"": 5.0, ""strip_offset"": 0.0, ""substrate_height"": 1000.0, ""topclad_height"": 800.0, ""substrate_material"": ""Al2O3"", ""topclad_material"": ""SiO2"", ""core_eq_o"": ""(1+2.8032/(1-0.015287/x**2)+0.36335/(1-0.036095/x**2)-33508000/(1+367200000/x**2))**0.5"", ""core_eq_e"": ""(1+0.017061/(1-0.043855/x**2)+3.1976/(1-0.022642/x**2)-57269000/(1-74226000/x**2))**0.5"", ""core_chi2"": ""AlN"", ""t_film"": 600.0, ""h_s"": 150.0, ""w_s"": 500.0}",2,TM00,2.154873622896789,225.0,True,35.184539650458056,-1.6452034993876584e-06,3.3815659905859597e-26,4.415825255187115e-36,-2.907872906337054e-07,-1.354416208753953e-06,3.7193724811747183e-06,-0.44233362152210176,10.0,230x255,277.3
24d64a27d504,loaded,"{""etch_depth"": 0.0, ""w_rib"": 500.0, ""sidewall_angle"": 5.0, ""strip_material"": ""TiO2"", ""strip_eq"": ""(0.5+0.747358*x**2/(x**2-0.0840076)+1.03335*x**2/(x**2-0.0662413)+1.02325*x**2/(x**2-0.0448956)+1.70043*x**2/(x**2-0.0225))**0.5"", ""strip_loss_eq"": ""(0.5+0.747358*x**2/(x**2-0.0840076-1j*0.0398823*(0.289841/x)**3.83574*x)+1.03335*x**2/(x**2-0.0662413-1j*0.0476189*(0.257374/x)**3.83574*x)+1.02325*x**2/(x**2-0.0448956-1j*0.0720067*(0.211886/x)**3.83574*x)+1.70043*x**2/(x**2-0.0225-1j*0.106654*(0.15/x)**3.83574*x))**0.5"", ""strip_chi2"": null, ""strip_sidewall"": 5.0, ""strip_offset"": 0.0, ""substrate_height"": 1000.0, ""topclad_height"": 800.0, ""substrate_material"": ""Al2O3"", ""topclad_material"": ""SiO2"", ""core_eq_o"": ""(1+2.8032/(1-0.015287/x**2)+0.36335/(1-0.036095/x**2)-33508000/(1+367200000/x**2))**0.5"", ""core_eq_e"": ""(1+0.017061/(1-0.043855/x**2)+3.1976/(1-0.022642/x**2)-57269000/(1-74226000/x**2))**0.5"", ""core_chi2"": ""AlN"", ""t_film"": 600.0, ""h_s"": 150.0, ""w_s"": 500.0}",3,TE00,2.338151789754682,225.0,True,27.524395601060768,2.0619109809522617e-06,6.27287700210791e-33,5.802296748963187e-40,1.0309205717204787e-06,1.0309904092317832e-06,2.067366180746995e-06,0.9973612803355609,10.0,230x255,282.8
24d64a27d504,loaded,"{""etch_depth"": 0.0, ""w_rib"": 500.0, ""sidewall_angle"": 5.0, ""strip_material"": ""TiO2"", ""strip_eq"": ""(0.5+0.747358*x**2/(x**2-0.0840076)+1.03335*x**2/(x**2-0.0662413)+1.02325*x**2/(x**2-0.0448956)+1.70043*x**2/(x**2-0.0225))**0.5"", ""strip_loss_eq"": ""(0.5+0.747358*x**2/(x**2-0.0840076-1j*0.0398823*(0.289841/x)**3.83574*x)+1.03335*x**2/(x**2-0.0662413-1j*0.0476189*(0.257374/x)**3.83574*x)+1.02325*x**2/(x**2-0.0448956-1j*0.0720067*(0.211886/x)**3.83574*x)+1.70043*x**2/(x**2-0.0225-1j*0.106654*(0.15/x)**3.83574*x))**0.5"", ""strip_chi2"": null, ""strip_sidewall"": 5.0, ""strip_offset"": 0.0, ""substrate_height"": 1000.0, ""topclad_height"": 800.0, ""substrate_material"": ""Al2O3"", ""topclad_material"": ""SiO2"", ""core_eq_o"": ""(1+2.8032/(1-0.015287/x**2)+0.36335/(1-0.036095/x**2)-33508000/(1+367200000/x**2))**0.5"", ""core_eq_e"": ""(1+0.017061/(1-0.043855/x**2)+3.1976/(1-0.022642/x**2)-57269000/(1-74226000/x**2))**0.5"", ""core_chi2"": ""AlN"", ""t_film"": 600.0, ""h_s"": 150.0, ""w_s"": 500.0}",4,TE10,2.2171458469207583,225.0,True,32.76270683450695,7.90168533162778e-06,2.1008320130577795e-28,3.9781938480068666e-36,3.9508399415123544e-06,3.950845390115424e-06,7.904922896681012e-06,0.9995904368587084,10.0,230x255,278.7
a31f739ef7f7,loaded,"{""etch_depth"": 0.0, ""w_rib"": 1000.0, ""sidewall_angle"": 5.0, ""strip_material"": ""TiO2"", ""strip_eq"": ""(0.5+0.747358*x**2/(x**2-0.0840076)+1.03335*x**2/(x**2-0.0662413)+1.02325*x**2/(x**2-0.0448956)+1.70043*x**2/(x**2-0.0225))**0.5"", ""strip_loss_eq"": ""(0.5+0.747358*x**2/(x**2-0.0840076-1j*0.0398823*(0.289841/x)**3.83574*x)+1.03335*x**2/(x**2-0.0662413-1j*0.0476189*(0.257374/x)**3.83574*x)+1.02325*x**2/(x**2-0.0448956-1j*0.0720067*(0.211886/x)**3.83574*x)+1.70043*x**2/(x**2-0.0225-1j*0.106654*(0.15/x)**3.83574*x))**0.5"", ""strip_chi2"": null, ""strip_sidewall"": 5.0, ""strip_offset"": 0.0, ""substrate_height"": 1000.0, ""topclad_height"": 800.0, ""substrate_material"": ""Al2O3"", ""topclad_material"": ""SiO2"", ""core_eq_o"": ""(1+2.8032/(1-0.015287/x**2)+0.36335/(1-0.036095/x**2)-33508000/(1+367200000/x**2))**0.5"", ""core_eq_e"": ""(1+0.017061/(1-0.043855/x**2)+3.1976/(1-0.022642/x**2)-57269000/(1-74226000/x**2))**0.5"", ""core_chi2"": ""AlN"", ""t_film"": 600.0, ""h_s"": 150.0, ""w_s"": 1000.0}",0,TM00,2.321359150297321,225.0,True,28.303905478653686,0.00017760506654250925,3.1341660612371493e-30,5.3057600402044755e-37,8.880223006902069e-05,8.880283647348857e-05,0.00017779040877755325,0.9989575239951448,10.0,280x255,421.1
a31f739ef7f7,loaded,"{""etch_depth"": 0.0, ""w_rib"": 1000.0, ""sidewall_angle"": 5.0, ""strip_material"": ""TiO2"", ""strip_eq"": ""(0.5+0.747358*x**2/(x**2-0.0840076)+1.03335*x**2/(x**2-0.0662413)+1.02325*x**2/(x**2-0.0448956)+1.70043*x**2/(x**2-0.0225))**0.5"", ""strip_loss_eq"": ""(0.5+0.747358*x**2/(x**2-0.0840076-1j*0.0398823*(0.289841/x)**3.83574*x)+1.03335*x**2/(x**2-0.0662413-1j*0.0476189*(0.257374/x)**3.83574*x)+1.02325*x**2/(x**2-0.0448956-1j*0.0720067*(0.211886/x)**3.83574*x)+1.70043*x**2/(x**2-0.0225-1j*0.106654*(0.15/x)**3.83574*x))**0.5"", ""strip_chi2"": null, ""strip_sidewall"": 5.0, ""strip_offset"": 0.0, ""substrate_height"": 1000.0, ""topclad_height"": 800.0, ""substrate_material"": ""Al2O3"", ""topclad_material"": ""SiO2"", ""core_eq_o"": ""(1+2.8032/(1-0.015287/x**2)+0.36335/(1-0.036095/x**2)-33508000/(1+367200000/x**2))**0.5"", ""core_eq_e"": ""(1+0.017061/(1-0.043855/x**2)+3.1976/(1-0.022642/x**2)-57269000/(1-74226000/x**2))**0.5"", ""core_chi2"": ""AlN"", ""t_film"": 600.0, ""h_s"": 150.0, ""w_s"": 1000.0}",1,TM10,2.293049152339994,225.0,True,29.575319098194676,0.07832295999561503,-1.2018653201887937e-26,-5.1477421598347126e-33,0.039168095463612294,0.039154864532002745,0.07840873294512239,0.9989060791281069,10.0,280x255,418.5
a31f739ef7f7,loaded,"{""etch_depth"": 0.0, ""w_rib"": 1000.0, ""sidewall_angle"": 5.0, ""strip_material"": ""TiO2"", ""strip_eq"": ""(0.5+0.747358*x**2/(x**2-0.0840076)+1.03335*x**2/(x**2-0.0662413)+1.02325*x**2/(x**2-0.0448956)+1.70043*x**2/(x**2-0.0225))**0.5"", ""strip_loss_eq"": ""(0.5+0.747358*x**2/(x**2-0.0840076-1j*0.0398823*(0.289841/x)**3.83574*x)+1.03335*x**2/(x**2-0.0662413-1j*0.0476189*(0.257374/x)**3.83574*x)+1.02325*x**2/(x**2-0.0448956-1j*0.0720067*(0.211886/x)**3.83574*x)+1.70043*x**2/(x**2-0.0225-1j*0.106654*(0.15/x)**3.83574*x))**0.5"", ""strip_chi2"": null, ""strip_sidewall"": 5.0, ""strip_offset"": 0.0, ""substrate_height"": 1000.0, ""topclad_height"": 800.0, ""substrate_material"": ""Al2O3"", ""topclad_material"": ""SiO2"", ""core_eq_o"": ""(1+2.8032/(1-0.015287/x**2)+0.36335/(1-0.036095/x**2)-33508000/(1+367200000/x**2))**0.5"", ""core_eq_e"": ""(1+0.017061/(1-0.043855/x**2)+3.1976/(1-0.022642/x**2)-57269000/(1-74226000/x**2))**0.5"", ""core_chi2"": ""AlN"", ""t_film"": 600.0, ""h_s"": 150.0, ""w_s"": 1000.0}",2,TM20,2.245224309964603,225.0,True,31.617307235977723,0.01602476363071323,-3.2896796814018846e-25,-6.754594131575634e-34,0.00801240005773557,0.00801236357297766,0.016120646721379153,0.99405215607518,10.0,280x255,428.4
a31f739ef7f7,loaded,"{""etch_depth"": 0.0, ""w_rib"": 1000.0, ""sidewall_angle"": 5.0, ""strip_material"": ""TiO2"", ""strip_eq"": ""(0.5+0.747358*x**2/(x**2-0.0840076)+1.03335*x**2/(x**2-0.0662413)+1.02325*x**2/(x**2-0.0448956)+1.70043*x**2/(x**2-0.0225))**0.5"", ""strip_loss_eq"": ""(0.5+0.747358*x**2/(x**2-0.0840076-1j*0.0398823*(0.289841/x)**3.83574*x)+1.03335*x**2/(x**2-0.0662413-1j*0.0476189*(0.257374/x)**3.83574*x)+1.02325*x**2/(x**2-0.0448956-1j*0.0720067*(0.211886/x)**3.83574*x)+1.70043*x**2/(x**2-0.0225-1j*0.106654*(0.15/x)**3.83574*x))**0.5"", ""strip_chi2"": null, ""strip_sidewall"": 5.0, ""strip_offset"": 0.0, ""substrate_height"": 1000.0, ""topclad_height"": 800.0, ""substrate_material"": ""Al2O3"", ""topclad_material"": ""SiO2"", ""core_eq_o"": ""(1+2.8032/(1-0.015287/x**2)+0.36335/(1-0.036095/x**2)-33508000/(1+367200000/x**2))**0.5"", ""core_eq_e"": ""(1+0.017061/(1-0.043855/x**2)+3.1976/(1-0.022642/x**2)-57269000/(1-74226000/x**2))**0.5"", ""core_chi2"": ""AlN"", ""t_film"": 600.0, ""h_s"": 150.0, ""w_s"": 1000.0}",3,TE00,2.367694684998141,225.0,True,26.10109388518924,1.016183038786655e-06,5.214570848435898e-32,-1.3368694335403444e-39,5.07964276318546e-07,5.08218762468109e-07,1.0162464043491543e-06,0.9999376474423642,10.0,280x255,419.1
a31f739ef7f7,loaded,"{""etch_depth"": 0.0, ""w_rib"": 1000.0, ""sidewall_angle"": 5.0, ""strip_material"": ""TiO2"", ""strip_eq"": ""(0.5+0.747358*x**2/(x**2-0.0840076)+1.03335*x**2/(x**2-0.0662413)+1.02325*x**2/(x**2-0.0448956)+1.70043*x**2/(x**2-0.0225))**0.5"", ""strip_loss_eq"": ""(0.5+0.747358*x**2/(x**2-0.0840076-1j*0.0398823*(0.289841/x)**3.83574*x)+1.03335*x**2/(x**2-0.0662413-1j*0.0476189*(0.257374/x)**3.83574*x)+1.02325*x**2/(x**2-0.0448956-1j*0.0720067*(0.211886/x)**3.83574*x)+1.70043*x**2/(x**2-0.0225-1j*0.106654*(0.15/x)**3.83574*x))**0.5"", ""strip_chi2"": null, ""strip_sidewall"": 5.0, ""strip_offset"": 0.0, ""substrate_height"": 1000.0, ""topclad_height"": 800.0, ""substrate_material"": ""Al2O3"", ""topclad_material"": ""SiO2"", ""core_eq_o"": ""(1+2.8032/(1-0.015287/x**2)+0.36335/(1-0.036095/x**2)-33508000/(1+367200000/x**2))**0.5"", ""core_eq_e"": ""(1+0.017061/(1-0.043855/x**2)+3.1976/(1-0.022642/x**2)-57269000/(1-74226000/x**2))**0.5"", ""core_chi2"": ""AlN"", ""t_film"": 600.0, ""h_s"": 150.0, ""w_s"": 1000.0}",4,TE10,2.336648322221481,225.0,True,27.59501154986076,1.5094720511136935e-06,7.358359274577041e-33,1.1446816147368314e-39,7.54734480679609e-07,7.547375704340846e-07,1.509945872720771e-06,0.9996861996077888,10.0,280x255,408.6
