fingerprint,family,params,status,n_pump_modes,n_crossings,n_refined,seconds,timestamp,error
1a03c9579098,ridge,"{""sidewall_angle"": 5.0, ""substrate_height"": 1000.0, ""topclad_height"": 800.0, ""substrate_material"": ""Al2O3"", ""topclad_material"": ""SiO2"", ""core_eq_o"": ""(1+2.8032/(1-0.015287/x**2)+0.36335/(1-0.036095/x**2)-33508000/(1+367200000/x**2))**0.5"", ""core_eq_e"": ""(1+0.017061/(1-0.043855/x**2)+3.1976/(1-0.022642/x**2)-57269000/(1-74226000/x**2))**0.5"", ""core_chi2"": ""AlN"", ""h_core"": 300.0, ""w_core"": 300.0}",ok,5,0,0,47.4,2026-10-03T18:42:09,
6161f3393bb0,ridge,"{""sidewall_angle"": 5.0, ""substrate_height"": 1000.0, ""topclad_height"": 800.0, ""substrate_material"": ""Al2O3"", ""topclad_material"": ""SiO2"", ""core_eq_o"": ""(1+2.8032/(1-0.015287/x**2)+0.36335/(1-0.036095/x**2)-33508000/(1+367200000/x**2))**0.5"", ""core_eq_e"": ""(1+0.017061/(1-0.043855/x**2)+3.1976/(1-0.022642/x**2)-57269000/(1-74226000/x**2))**0.5"", ""core_chi2"": ""AlN"", ""h_core"": 300.0, ""w_core"": 400.0}",ok,5,0,0,50.9,2026-10-03T18:43:00,
22014072663e,ridge,"{""sidewall_angle"": 5.0, ""substrate_height"": 1000.0, ""topclad_height"": 800.0, ""substrate_material"": ""Al2O3"", ""topclad_material"": ""SiO2"", ""core_eq_o"": ""(1+2.8032/(1-0.015287/x**2)+0.36335/(1-0.036095/x**2)-33508000/(1+367200000/x**2))**0.5"", ""core_eq_e"": ""(1+0.017061/(1-0.043855/x**2)+3.1976/(1-0.022642/x**2)-57269000/(1-74226000/x**2))**0.5"", ""core_chi2"": ""AlN"", ""h_core"": 300.0, ""w_core"": 500.0}",ok,5,0,0,61.1,2026-10-03T18:44:01,
eb165d8d6f8a,ridge,"{""sidewall_angle"": 5.0, ""substrate_height"": 1000.0, ""topclad_height"": 800.0, ""substrate_material"": ""Al2O3"", ""topclad_material"": ""SiO2"", ""core_eq_o"": ""(1+2.8032/(1-0.015287/x**2)+0.36335/(1-0.036095/x**2)-33508000/(1+367200000/x**2))**0.5"", ""core_eq_e"": ""(1+0.017061/(1-0.043855/x**2)+3.1976/(1-0.022642/x**2)-57269000/(1-74226000/x**2))**0.5"", ""core_chi2"": ""AlN"", ""h_core"": 300.0, ""w_core"": 600.0}",ok,5,0,0,63.4,2026-10-03T18:45:05,
4ba92adb5fc8,ridge,"{""sidewall_angle"": 5.0, ""substrate_height"": 1000.0, ""topclad_height"": 800.0, ""substrate_material"": ""Al2O3"", ""topclad_material"": ""SiO2"", ""core_eq_o"": ""(1+2.8032/(1-0.015287/x**2)+0.36335/(1-0.036095/x**2)-33508000/(1+367200000/x**2))**0.5"", ""core_eq_e"": ""(1+0.017061/(1-0.043855/x**2)+3.1976/(1-0.022642/x**2)-57269000/(1-74226000/x**2))**0.5"", ""core_chi2"": ""AlN"", ""h_core"": 300.0, ""w_core"": 700.0}",ok,5,0,0,65.5,2026-10-03T18:46:10,
6dc02431d95f,ridge,"{""sidewall_angle"": 5.0, ""substrate_height"": 1000.0, ""topclad_height"": 800.0, ""substrate_material"": ""Al2O3"", ""topclad_material"": ""SiO2"", ""core_eq_o"": ""(1+2.8032/(1-0.015287/x**2)+0.36335/(1-0.036095/x**2)-33508000/(1+367200000/x**2))**0.5"", ""core_eq_e"": ""(1+0.017061/(1-0.043855/x**2)+3.1976/(1-0.022642/x**2)-57269000/(1-74226000/x**2))**0.5"", ""core_chi2"": ""AlN"", ""h_core"": 300.0, ""w_core"": 800.0}",ok,5,0,0,66.5,2026-10-03T18:47:17,
5575565c7993,ridge,"{""sidewall_angle"": 5.0, ""substrate_height"": 1000.0, ""topclad_height"": 800.0, ""substrate_material"": ""Al2O3"", ""topclad_material"": ""SiO2"", ""core_eq_o"": ""(1+2.8032/(1-0.015287/x**2)+0.36335/(1-0.036095/x**2)-33508000/(1+367200000/x**2))**0.5"", ""core_eq_e"": ""(1+0.017061/(1-0.043855/x**2)+3.1976/(1-0.022642/x**2)-57269000/(1-74226000/x**2))**0.5"", ""core_chi2"": ""AlN"", ""h_core"": 350.0, ""w_core"": 300.0}",ok,5,0,0,60.4,2026-10-03T18:48:17,
cde1f4a6155a,ridge,"{""sidewall_angle"": 5.0, ""substrate_height"": 1000.0, ""topclad_height"": 800.0, ""substrate_material"": ""Al2O3"", ""topclad_material"": ""SiO2"", ""core_eq_o"": ""(1+2.8032/(1-0.015287/x**2)+0.36335/(1-0.036095/x**2)-33508000/(1+367200000/x**2))**0.5"", ""core_eq_e"": ""(1+0.017061/(1-0.043855/x**2)+3.1976/(1-0.022642/x**2)-57269000/(1-74226000/x**2))**0.5"", ""core_chi2"": ""AlN"", ""h_core"": 350.0, ""w_core"": 400.0}",ok,5,0,0,61.1,2026-10-03T18:49:18,
a71d9c3d15aa,ridge,"{""sidewall_angle"": 5.0, ""substrate_height"": 1000.0, ""topclad_height"": 800.0, ""substrate_material"": ""Al2O3"", ""topclad_material"": ""SiO2"", ""core_eq_o"": ""(1+2.8032/(1-0.015287/x**2)+0.36335/(1-0.036095/x**2)-33508000/(1+367200000/x**2))**0.5"", ""core_eq_e"": ""(1+0.017061/(1-0.043855/x**2)+3.1976/(1-0.022642/x**2)-57269000/(1-74226000/x**2))**0.5"", ""core_chi2"": ""AlN"", ""h_core"": 350.0, ""w_core"": 500.0}",ok,5,0,0,49.5,2026-10-03T18:50:08,
8f914b33fc75,ridge,"{""sidewall_angle"": 5.0, ""substrate_height"": 1000.0, ""topclad_height"": 800.0, ""substrate_material"": ""Al2O3"", ""topclad_material"": ""SiO2"", ""core_eq_o"": ""(1+2.8032/(1-0.015287/x**2)+0.36335/(1-0.036095/x**2)-33508000/(1+367200000/x**2))**0.5"", ""core_eq_e"": ""(1+0.017061/(1-0.043855/x**2)+3.1976/(1-0.022642/x**2)-57269000/(1-74226000/x**2))**0.5"", ""core_chi2"": ""AlN"", ""h_core"": 350.0, ""w_core"": 600.0}",ok,5,0,0,50.5,2026-10-03T18:50:58,
00ba18d567d4,ridge,"{""sidewall_angle"": 5.0, ""substrate_height"": 1000.0, ""topclad_height"": 800.0, ""substrate_material"": ""Al2O3"", ""topclad_material"": ""SiO2"", ""core_eq_o"": ""(1+2.8032/(1-0.015287/x**2)+0.36335/(1-0.036095/x**2)-33508000/(1+367200000/x**2))**0.5"", ""core_eq_e"": ""(1+0.017061/(1-0.043855/x**2)+3.1976/(1-0.022642/x**2)-57269000/(1-74226000/x**2))**0.5"", ""core_chi2"": ""AlN"", ""h_core"": 350.0, ""w_core"": 700.0}",ok,5,0,0,50.8,2026-10-03T18:51:49,
7dda556f8dbe,ridge,"{""sidewall_angle"": 5.0, ""substrate_height"": 1000.0, ""topclad_height"": 800.0, ""substrate_material"": ""Al2O3"", ""topclad_material"": ""SiO2"", ""core_eq_o"": ""(1+2.8032/(1-0.015287/x**2)+0.36335/(1-0.036095/x**2)-33508000/(1+367200000/x**2))**0.5"", ""core_eq_e"": ""(1+0.017061/(1-0.043855/x**2)+3.1976/(1-0.022642/x**2)-57269000/(1-74226000/x**2))**0.5"", ""core_chi2"": ""AlN"", ""h_core"": 350.0, ""w_core"": 800.0}",ok,5,0,0,51.8,2026-10-03T18:52:41,
9cc0f83b393e,ridge,"{""sidewall_angle"": 5.0, ""substrate_height"": 1000.0, ""topclad_height"": 800.0, ""substrate_material"": ""Al2O3"", ""topclad_material"": ""SiO2"", ""core_eq_o"": ""(1+2.8032/(1-0.015287/x**2)+0.36335/(1-0.036095/x**2)-33508000/(1+367200000/x**2))**0.5"", ""core_eq_e"": ""(1+0.017061/(1-0.043855/x**2)+3.1976/(1-0.022642/x**2)-57269000/(1-74226000/x**2))**0.5"", ""core_chi2"": ""AlN"", ""h_core"": 400.0, ""w_core"": 300.0}",ok,5,0,0,49.4,2026-10-03T18:53:30,
9b37ff52622b,ridge,"{""sidewall_angle"": 5.0, ""substrate_height"": 1000.0, ""topclad_height"": 800.0, ""substrate_material"": ""Al2O3"", ""topclad_material"": ""SiO2"", ""core_eq_o"": ""(1+2.8032/(1-0.015287/x**2)+0.36335/(1-0.036095/x**2)-33508000/(1+367200000/x**2))**0.5"", ""core_eq_e"": ""(1+0.017061/(1-0.043855/x**2)+3.1976/(1-0.022642/x**2)-57269000/(1-74226000/x**2))**0.5"", ""core_chi2"": ""AlN"", ""h_core"": 400.0, ""w_core"": 400.0}",ok,5,0,0,48.9,2026-10-03T18:54:19,
71b2c9782f1d,ridge,"{""sidewall_angle"": 5.0, ""substrate_height"": 1000.0, ""topclad_height"": 800.0, ""substrate_material"": ""Al2O3"", ""topclad_material"": ""SiO2"", ""core_eq_o"": ""(1+2.8032/(1-0.015287/x**2)+0.36335/(1-0.036095/x**2)-33508000/(1+367200000/x**2))**0.5"", ""core_eq_e"": ""(1+0.017061/(1-0.043855/x**2)+3.1976/(1-0.022642/x**2)-57269000/(1-74226000/x**2))**0.5"", ""core_chi2"": ""AlN"", ""h_core"": 400.0, ""w_core"": 500.0}",ok,5,0,0,49.9,2026-10-03T18:55:09,
93b2e9cb174c,ridge,"{""sidewall_angle"": 5.0, ""substrate_height"": 1000.0, ""topclad_height"": 800.0, ""substrate_material"": ""Al2O3"", ""topclad_material"": ""SiO2"", ""core_eq_o"": ""(1+2.8032/(1-0.015287/x**2)+0.36335/(1-0.036095/x**2)-33508000/(1+367200000/x**2))**0.5"", ""core_eq_e"": ""(1+0.017061/(1-0.043855/x**2)+3.1976/(1-0.022642/x**2)-57269000/(1-74226000/x**2))**0.5"", ""core_chi2"": ""AlN"", ""h_core"": 400.0, ""w_core"": 600.0}",ok,5,0,0,50.5,2026-10-03T18:56:00,
8719e9d5c176,ridge,"{""sidewall_angle"": 5.0, ""substrate_height"": 1000.0, ""topclad_height"": 800.0, ""substrate_material"": ""Al2O3"", ""topclad_material"": ""SiO2"", ""core_eq_o"": ""(1+2.8032/(1-0.015287/x**2)+0.36335/(1-0.036095/x**2)-33508000/(1+367200000/x**2))**0.5"", ""core_eq_e"": ""(1+0.017061/(1-0.043855/x**2)+3.1976/(1-0.022642/x**2)-57269000/(1-74226000/x**2))**0.5"", ""core_chi2"": ""AlN"", ""h_core"": 400.0, ""w_core"": 700.0}",ok,5,0,0,50.7,2026-10-03T18:56:50,
e5520e5aabf0,ridge,"{""sidewall_angle"": 5.0, ""substrate_height"": 1000.0, ""topclad_height"": 800.0, ""substrate_material"": ""Al2O3"", ""topclad_material"": ""SiO2"", ""core_eq_o"": ""(1+2.8032/(1-0.015287/x**2)+0.36335/(1-0.036095/x**2)-33508000/(1+367200000/x**2))**0.5"", ""core_eq_e"": ""(1+0.017061/(1-0.043855/x**2)+3.1976/(1-0.022642/x**2)-57269000/(1-74226000/x**2))**0.5"", ""core_chi2"": ""AlN"", ""h_core"": 400.0, ""w_core"": 800.0}",ok,5,0,0,51.8,2026-10-03T18:57:42,
