fingerprint,family,params,pump_id,label,sym_class,te_fraction,n_eff_center,n_eff_min,n_eff_max,wavelength_pump_center,scattering_dB_per_m,absorption_dB_per_m,A_eff_um2,cerenkov_allowed_any,cerenkov_best_angle_deg,cerenkov_json,export_path
1a03c9579098,ridge,"{""sidewall_angle"": 5.0, ""substrate_height"": 1000.0, ""topclad_height"": 800.0, ""substrate_material"": ""Al2O3"", ""topclad_material"": ""SiO2"", ""core_eq_o"": ""(1+2.8032/(1-0.015287/x**2)+0.36335/(1-0.036095/x**2)-33508000/(1+367200000/x**2))**0.5"", ""core_eq_e"": ""(1+0.017061/(1-0.043855/x**2)+3.1976/(1-0.022642/x**2)-57269000/(1-74226000/x**2))**0.5"", ""core_chi2"": ""AlN"", ""h_core"": 300.0, ""w_core"": 300.0}",0,TM00,A,0.002501156928536008,2.00103232878412,1.9826761864031153,2.0208490289113814,450.0,1552.4708544934153,1633.8113389779908,0.0778366282261494,False,nan,"[{""name"": ""substrate:Al2O3"", ""extent"": ""bulk"", ""n_region_sh"": 1.8714407356960066, ""allowed"": false, ""angle_deg"": NaN}, {""name"": ""topclad:SiO2"", ""extent"": ""bulk"", ""n_region_sh"": 1.524160825947718, ""allowed"": false, ""angle_deg"": NaN}]",runs\trial_grid_pumps\exports\1a03c9579098_pump0.npz
1a03c9579098,ridge,"{""sidewall_angle"": 5.0, ""substrate_height"": 1000.0, ""topclad_height"": 800.0, ""substrate_material"": ""Al2O3"", ""topclad_material"": ""SiO2"", ""core_eq_o"": ""(1+2.8032/(1-0.015287/x**2)+0.36335/(1-0.036095/x**2)-33508000/(1+367200000/x**2))**0.5"", ""core_eq_e"": ""(1+0.017061/(1-0.043855/x**2)+3.1976/(1-0.022642/x**2)-57269000/(1-74226000/x**2))**0.5"", ""core_chi2"": ""AlN"", ""h_core"": 300.0, ""w_core"": 300.0}",1,TM01,A,0.010098164645725882,1.7697038667980394,1.7620464307322135,1.78868531910435,450.0,676.0869591377134,856.0395586973441,0.5544171399245028,True,18.979122983404192,"[{""name"": ""substrate:Al2O3"", ""extent"": ""bulk"", ""n_region_sh"": 1.8714407356960066, ""allowed"": true, ""angle_deg"": 18.979122983404192}, {""name"": ""topclad:SiO2"", ""extent"": ""bulk"", ""n_region_sh"": 1.524160825947718, ""allowed"": false, ""angle_deg"": NaN}]",runs\trial_grid_pumps\exports\1a03c9579098_pump1.npz
1a03c9579098,ridge,"{""sidewall_angle"": 5.0, ""substrate_height"": 1000.0, ""topclad_height"": 800.0, ""substrate_material"": ""Al2O3"", ""topclad_material"": ""SiO2"", ""core_eq_o"": ""(1+2.8032/(1-0.015287/x**2)+0.36335/(1-0.036095/x**2)-33508000/(1+367200000/x**2))**0.5"", ""core_eq_e"": ""(1+0.017061/(1-0.043855/x**2)+3.1976/(1-0.022642/x**2)-57269000/(1-74226000/x**2))**0.5"", ""core_chi2"": ""AlN"", ""h_core"": 300.0, ""w_core"": 300.0}",2,TM02,A,0.01655694643721226,1.7540754752449645,1.7392747282372965,1.7642283993460917,450.0,700.790263083673,943.2209144943788,0.6568142665652266,True,20.39931671777986,"[{""name"": ""substrate:Al2O3"", ""extent"": ""bulk"", ""n_region_sh"": 1.8714407356960066, ""allowed"": true, ""angle_deg"": 20.39931671777986}, {""name"": ""topclad:SiO2"", ""extent"": ""bulk"", ""n_region_sh"": 1.524160825947718, ""allowed"": false, ""angle_deg"": NaN}]",runs\trial_grid_pumps\exports\1a03c9579098_pump2.npz
1a03c9579098,ridge,"{""sidewall_angle"": 5.0, ""substrate_height"": 1000.0, ""topclad_height"": 800.0, ""substrate_material"": ""Al2O3"", ""topclad_material"": ""SiO2"", ""core_eq_o"": ""(1+2.8032/(1-0.015287/x**2)+0.36335/(1-0.036095/x**2)-33508000/(1+367200000/x**2))**0.5"", ""core_eq_e"": ""(1+0.017061/(1-0.043855/x**2)+3.1976/(1-0.022642/x**2)-57269000/(1-74226000/x**2))**0.5"", ""core_chi2"": ""AlN"", ""h_core"": 300.0, ""w_core"": 300.0}",3,TE00,S,0.9957040380740427,1.9229623834573872,1.9030876518601545,1.94395218948797,450.0,3422.4985862715766,1920.7348051811136,0.08420364000292851,False,nan,"[{""name"": ""substrate:Al2O3"", ""extent"": ""bulk"", ""n_region_sh"": 1.8714407356960066, ""allowed"": false, ""angle_deg"": NaN}, {""name"": ""topclad:SiO2"", ""extent"": ""bulk"", ""n_region_sh"": 1.524160825947718, ""allowed"": false, ""angle_deg"": NaN}]",runs\trial_grid_pumps\exports\1a03c9579098_pump3.npz
1a03c9579098,ridge,"{""sidewall_angle"": 5.0, ""substrate_height"": 1000.0, ""topclad_height"": 800.0, ""substrate_material"": ""Al2O3"", ""topclad_material"": ""SiO2"", ""core_eq_o"": ""(1+2.8032/(1-0.015287/x**2)+0.36335/(1-0.036095/x**2)-33508000/(1+367200000/x**2))**0.5"", ""core_eq_e"": ""(1+0.017061/(1-0.043855/x**2)+3.1976/(1-0.022642/x**2)-57269000/(1-74226000/x**2))**0.5"", ""core_chi2"": ""AlN"", ""h_core"": 300.0, ""w_core"": 300.0}",4,TE01,S,0.9993758280745412,1.77641181243605,1.7738306140457847,1.7799401108237054,450.0,21.680136105140082,10.429538225886231,1.3478845686231657,True,18.337181409402525,"[{""name"": ""substrate:Al2O3"", ""extent"": ""bulk"", ""n_region_sh"": 1.8714407356960066, ""allowed"": true, ""angle_deg"": 18.337181409402525}, {""name"": ""topclad:SiO2"", ""extent"": ""bulk"", ""n_region_sh"": 1.524160825947718, ""allowed"": false, ""angle_deg"": NaN}]",runs\trial_grid_pumps\exports\1a03c9579098_pump4.npz
6161f3393bb0,ridge,"{""sidewall_angle"": 5.0, ""substrate_height"": 1000.0, ""topclad_height"": 800.0, ""substrate_material"": ""Al2O3"", ""topclad_material"": ""SiO2"", ""core_eq_o"": ""(1+2.8032/(1-0.015287/x**2)+0.36335/(1-0.036095/x**2)-33508000/(1+367200000/x**2))**0.5"", ""core_eq_e"": ""(1+0.017061/(1-0.043855/x**2)+3.1976/(1-0.022642/x**2)-57269000/(1-74226000/x**2))**0.5"", ""core_chi2"": ""AlN"", ""h_core"": 300.0, ""w_core"": 400.0}",0,TM00,A,0.0018735026284770334,2.0357446054736354,2.019302198815547,2.0535945701119234,450.0,737.6609924922784,1594.2295226636757,0.09598766321445656,False,nan,"[{""name"": ""substrate:Al2O3"", ""extent"": ""bulk"", ""n_region_sh"": 1.8714407356960066, ""allowed"": false, ""angle_deg"": NaN}, {""name"": ""topclad:SiO2"", ""extent"": ""bulk"", ""n_region_sh"": 1.524160825947718, ""allowed"": false, ""angle_deg"": NaN}]",runs\trial_grid_pumps\exports\6161f3393bb0_pump0.npz
6161f3393bb0,ridge,"{""sidewall_angle"": 5.0, ""substrate_height"": 1000.0, ""topclad_height"": 800.0, ""substrate_material"": ""Al2O3"", ""topclad_material"": ""SiO2"", ""core_eq_o"": ""(1+2.8032/(1-0.015287/x**2)+0.36335/(1-0.036095/x**2)-33508000/(1+367200000/x**2))**0.5"", ""core_eq_e"": ""(1+0.017061/(1-0.043855/x**2)+3.1976/(1-0.022642/x**2)-57269000/(1-74226000/x**2))**0.5"", ""core_chi2"": ""AlN"", ""h_core"": 300.0, ""w_core"": 400.0}",1,TM10,S,0.02133664290817655,1.8659926419587036,1.8376912731367245,1.8958135216548646,450.0,3429.6976089699824,1709.9675405531311,0.10882536978169717,True,4.372977993794506,"[{""name"": ""substrate:Al2O3"", ""extent"": ""bulk"", ""n_region_sh"": 1.8714407356960066, ""allowed"": true, ""angle_deg"": 4.372977993794506}, {""name"": ""topclad:SiO2"", ""extent"": ""bulk"", ""n_region_sh"": 1.524160825947718, ""allowed"": false, ""angle_deg"": NaN}]",runs\trial_grid_pumps\exports\6161f3393bb0_pump1.npz
6161f3393bb0,ridge,"{""sidewall_angle"": 5.0, ""substrate_height"": 1000.0, ""topclad_height"": 800.0, ""substrate_material"": ""Al2O3"", ""topclad_material"": ""SiO2"", ""core_eq_o"": ""(1+2.8032/(1-0.015287/x**2)+0.36335/(1-0.036095/x**2)-33508000/(1+367200000/x**2))**0.5"", ""core_eq_e"": ""(1+0.017061/(1-0.043855/x**2)+3.1976/(1-0.022642/x**2)-57269000/(1-74226000/x**2))**0.5"", ""core_chi2"": ""AlN"", ""h_core"": 300.0, ""w_core"": 400.0}",2,TM01,A,0.17812355558006066,1.793565405541838,1.77329272670129,1.819703549257602,450.0,1758.711526871082,2174.992673203451,0.22815186433661042,True,16.586974267207733,"[{""name"": ""substrate:Al2O3"", ""extent"": ""bulk"", ""n_region_sh"": 1.8714407356960066, ""allowed"": true, ""angle_deg"": 16.586974267207733}, {""name"": ""topclad:SiO2"", ""extent"": ""bulk"", ""n_region_sh"": 1.524160825947718, ""allowed"": false, ""angle_deg"": NaN}]",runs\trial_grid_pumps\exports\6161f3393bb0_pump2.npz
6161f3393bb0,ridge,"{""sidewall_angle"": 5.0, ""substrate_height"": 1000.0, ""topclad_height"": 800.0, ""substrate_material"": ""Al2O3"", ""topclad_material"": ""SiO2"", ""core_eq_o"": ""(1+2.8032/(1-0.015287/x**2)+0.36335/(1-0.036095/x**2)-33508000/(1+367200000/x**2))**0.5"", ""core_eq_e"": ""(1+0.017061/(1-0.043855/x**2)+3.1976/(1-0.022642/x**2)-57269000/(1-74226000/x**2))**0.5"", ""core_chi2"": ""AlN"", ""h_core"": 300.0, ""w_core"": 400.0}",3,TE00,S,0.9978207933346057,1.9706493971571615,1.9535771799227442,1.988713437810608,450.0,1506.5628721475161,1810.8951223869303,0.09507940601243539,False,nan,"[{""name"": ""substrate:Al2O3"", ""extent"": ""bulk"", ""n_region_sh"": 1.8714407356960066, ""allowed"": false, ""angle_deg"": NaN}, {""name"": ""topclad:SiO2"", ""extent"": ""bulk"", ""n_region_sh"": 1.524160825947718, ""allowed"": false, ""angle_deg"": NaN}]",runs\trial_grid_pumps\exports\6161f3393bb0_pump3.npz
6161f3393bb0,ridge,"{""sidewall_angle"": 5.0, ""substrate_height"": 1000.0, ""topclad_height"": 800.0, ""substrate_material"": ""Al2O3"", ""topclad_material"": ""SiO2"", ""core_eq_o"": ""(1+2.8032/(1-0.015287/x**2)+0.36335/(1-0.036095/x**2)-33508000/(1+367200000/x**2))**0.5"", ""core_eq_e"": ""(1+0.017061/(1-0.043855/x**2)+3.1976/(1-0.022642/x**2)-57269000/(1-74226000/x**2))**0.5"", ""core_chi2"": ""AlN"", ""h_core"": 300.0, ""w_core"": 400.0}",4,TE01,S,0.9972737471676545,1.7777522333182214,1.7741117474361008,1.7964291577937912,450.0,323.5810930374976,468.8245105798809,1.4548071421299464,True,18.20628824199225,"[{""name"": ""substrate:Al2O3"", ""extent"": ""bulk"", ""n_region_sh"": 1.8714407356960066, ""allowed"": true, ""angle_deg"": 18.20628824199225}, {""name"": ""topclad:SiO2"", ""extent"": ""bulk"", ""n_region_sh"": 1.524160825947718, ""allowed"": false, ""angle_deg"": NaN}]",runs\trial_grid_pumps\exports\6161f3393bb0_pump4.npz
22014072663e,ridge,"{""sidewall_angle"": 5.0, ""substrate_height"": 1000.0, ""topclad_height"": 800.0, ""substrate_material"": ""Al2O3"", ""topclad_material"": ""SiO2"", ""core_eq_o"": ""(1+2.8032/(1-0.015287/x**2)+0.36335/(1-0.036095/x**2)-33508000/(1+367200000/x**2))**0.5"", ""core_eq_e"": ""(1+0.017061/(1-0.043855/x**2)+3.1976/(1-0.022642/x**2)-57269000/(1-74226000/x**2))**0.5"", ""core_chi2"": ""AlN"", ""h_core"": 300.0, ""w_core"": 500.0}",0,TM00,A,0.0014806907403493437,2.0538305229737146,2.038555455223687,2.070506092327815,450.0,408.8716067009837,1576.9608137222879,0.11510771267483018,False,nan,"[{""name"": ""substrate:Al2O3"", ""extent"": ""bulk"", ""n_region_sh"": 1.8714407356960066, ""allowed"": false, ""angle_deg"": NaN}, {""name"": ""topclad:SiO2"", ""extent"": ""bulk"", ""n_region_sh"": 1.524160825947718, ""allowed"": false, ""angle_deg"": NaN}]",runs\trial_grid_pumps\exports\22014072663e_pump0.npz
22014072663e,ridge,"{""sidewall_angle"": 5.0, ""substrate_height"": 1000.0, ""topclad_height"": 800.0, ""substrate_material"": ""Al2O3"", ""topclad_material"": ""SiO2"", ""core_eq_o"": ""(1+2.8032/(1-0.015287/x**2)+0.36335/(1-0.036095/x**2)-33508000/(1+367200000/x**2))**0.5"", ""core_eq_e"": ""(1+0.017061/(1-0.043855/x**2)+3.1976/(1-0.022642/x**2)-57269000/(1-74226000/x**2))**0.5"", ""core_chi2"": ""AlN"", ""h_core"": 300.0, ""w_core"": 500.0}",1,TM10,S,0.010031255725321249,1.9382687057753611,1.9140507361158232,1.9637711600279024,450.0,1826.0779288263345,1647.3765962246368,0.12236923312148132,False,nan,"[{""name"": ""substrate:Al2O3"", ""extent"": ""bulk"", ""n_region_sh"": 1.8714407356960066, ""allowed"": false, ""angle_deg"": NaN}, {""name"": ""topclad:SiO2"", ""extent"": ""bulk"", ""n_region_sh"": 1.524160825947718, ""allowed"": false, ""angle_deg"": NaN}]",runs\trial_grid_pumps\exports\22014072663e_pump1.npz
22014072663e,ridge,"{""sidewall_angle"": 5.0, ""substrate_height"": 1000.0, ""topclad_height"": 800.0, ""substrate_material"": ""Al2O3"", ""topclad_material"": ""SiO2"", ""core_eq_o"": ""(1+2.8032/(1-0.015287/x**2)+0.36335/(1-0.036095/x**2)-33508000/(1+367200000/x**2))**0.5"", ""core_eq_e"": ""(1+0.017061/(1-0.043855/x**2)+3.1976/(1-0.022642/x**2)-57269000/(1-74226000/x**2))**0.5"", ""core_chi2"": ""AlN"", ""h_core"": 300.0, ""w_core"": 500.0}",2,TM21,A,0.023928763705479493,1.803009286026711,1.7809165770746223,1.8299724120509897,450.0,546.8138150407231,2388.1897830125768,0.22858735823661921,True,15.542103532179626,"[{""name"": ""substrate:Al2O3"", ""extent"": ""bulk"", ""n_region_sh"": 1.8714407356960066, ""allowed"": true, ""angle_deg"": 15.542103532179626}, {""name"": ""topclad:SiO2"", ""extent"": ""bulk"", ""n_region_sh"": 1.524160825947718, ""allowed"": false, ""angle_deg"": NaN}]",runs\trial_grid_pumps\exports\22014072663e_pump2.npz
22014072663e,ridge,"{""sidewall_angle"": 5.0, ""substrate_height"": 1000.0, ""topclad_height"": 800.0, ""substrate_material"": ""Al2O3"", ""topclad_material"": ""SiO2"", ""core_eq_o"": ""(1+2.8032/(1-0.015287/x**2)+0.36335/(1-0.036095/x**2)-33508000/(1+367200000/x**2))**0.5"", ""core_eq_e"": ""(1+0.017061/(1-0.043855/x**2)+3.1976/(1-0.022642/x**2)-57269000/(1-74226000/x**2))**0.5"", ""core_chi2"": ""AlN"", ""h_core"": 300.0, ""w_core"": 500.0}",3,TE00,S,0.9984810895306133,1.9943317583970208,1.978944649790082,2.010706928677767,450.0,787.5758469337788,1766.4182113514294,0.11028984815542164,False,nan,"[{""name"": ""substrate:Al2O3"", ""extent"": ""bulk"", ""n_region_sh"": 1.8714407356960066, ""allowed"": false, ""angle_deg"": NaN}, {""name"": ""topclad:SiO2"", ""extent"": ""bulk"", ""n_region_sh"": 1.524160825947718, ""allowed"": false, ""angle_deg"": NaN}]",runs\trial_grid_pumps\exports\22014072663e_pump3.npz
22014072663e,ridge,"{""sidewall_angle"": 5.0, ""substrate_height"": 1000.0, ""topclad_height"": 800.0, ""substrate_material"": ""Al2O3"", ""topclad_material"": ""SiO2"", ""core_eq_o"": ""(1+2.8032/(1-0.015287/x**2)+0.36335/(1-0.036095/x**2)-33508000/(1+367200000/x**2))**0.5"", ""core_eq_e"": ""(1+0.017061/(1-0.043855/x**2)+3.1976/(1-0.022642/x**2)-57269000/(1-74226000/x**2))**0.5"", ""core_chi2"": ""AlN"", ""h_core"": 300.0, ""w_core"": 500.0}",4,TE10,A,0.9804268614436111,1.8591813957773948,1.8335305629264926,1.8859237961874238,450.0,3528.531612277699,1911.3124161248518,0.14945963880755742,True,6.561762379457976,"[{""name"": ""substrate:Al2O3"", ""extent"": ""bulk"", ""n_region_sh"": 1.8714407356960066, ""allowed"": true, ""angle_deg"": 6.561762379457976}, {""name"": ""topclad:SiO2"", ""extent"": ""bulk"", ""n_region_sh"": 1.524160825947718, ""allowed"": false, ""angle_deg"": NaN}]",runs\trial_grid_pumps\exports\22014072663e_pump4.npz
eb165d8d6f8a,ridge,"{""sidewall_angle"": 5.0, ""substrate_height"": 1000.0, ""topclad_height"": 800.0, ""substrate_material"": ""Al2O3"", ""topclad_material"": ""SiO2"", ""core_eq_o"": ""(1+2.8032/(1-0.015287/x**2)+0.36335/(1-0.036095/x**2)-33508000/(1+367200000/x**2))**0.5"", ""core_eq_e"": ""(1+0.017061/(1-0.043855/x**2)+3.1976/(1-0.022642/x**2)-57269000/(1-74226000/x**2))**0.5"", ""core_chi2"": ""AlN"", ""h_core"": 300.0, ""w_core"": 600.0}",0,TM00,A,0.0011936220434063756,2.064404214794609,2.04987292494207,2.080339750768716,450.0,251.59425755388003,1568.4149992259577,0.13460154684698772,False,nan,"[{""name"": ""substrate:Al2O3"", ""extent"": ""bulk"", ""n_region_sh"": 1.8714407356960066, ""allowed"": false, ""angle_deg"": NaN}, {""name"": ""topclad:SiO2"", ""extent"": ""bulk"", ""n_region_sh"": 1.524160825947718, ""allowed"": false, ""angle_deg"": NaN}]",runs\trial_grid_pumps\exports\eb165d8d6f8a_pump0.npz
eb165d8d6f8a,ridge,"{""sidewall_angle"": 5.0, ""substrate_height"": 1000.0, ""topclad_height"": 800.0, ""substrate_material"": ""Al2O3"", ""topclad_material"": ""SiO2"", ""core_eq_o"": ""(1+2.8032/(1-0.015287/x**2)+0.36335/(1-0.036095/x**2)-33508000/(1+367200000/x**2))**0.5"", ""core_eq_e"": ""(1+0.017061/(1-0.043855/x**2)+3.1976/(1-0.022642/x**2)-57269000/(1-74226000/x**2))**0.5"", ""core_chi2"": ""AlN"", ""h_core"": 300.0, ""w_core"": 600.0}",1,TM10,S,0.0072600883609695,1.9810682879522556,1.9597726716759278,2.0036225663834566,450.0,1080.4345822680891,1615.5635852398555,0.1395977523617169,False,nan,"[{""name"": ""substrate:Al2O3"", ""extent"": ""bulk"", ""n_region_sh"": 1.8714407356960066, ""allowed"": false, ""angle_deg"": NaN}, {""name"": ""topclad:SiO2"", ""extent"": ""bulk"", ""n_region_sh"": 1.524160825947718, ""allowed"": false, ""angle_deg"": NaN}]",runs\trial_grid_pumps\exports\eb165d8d6f8a_pump1.npz
eb165d8d6f8a,ridge,"{""sidewall_angle"": 5.0, ""substrate_height"": 1000.0, ""topclad_height"": 800.0, ""substrate_material"": ""Al2O3"", ""topclad_material"": ""SiO2"", ""core_eq_o"": ""(1+2.8032/(1-0.015287/x**2)+0.36335/(1-0.036095/x**2)-33508000/(1+367200000/x**2))**0.5"", ""core_eq_e"": ""(1+0.017061/(1-0.043855/x**2)+3.1976/(1-0.022642/x**2)-57269000/(1-74226000/x**2))**0.5"", ""core_chi2"": ""AlN"", ""h_core"": 300.0, ""w_core"": 600.0}",2,TM20,A,0.022987148751571845,1.8399999264683762,1.8084491432665137,1.873358182603731,450.0,2736.1395408382728,1707.5597385523981,0.1540273329307937,True,10.51735066281638,"[{""name"": ""substrate:Al2O3"", ""extent"": ""bulk"", ""n_region_sh"": 1.8714407356960066, ""allowed"": true, ""angle_deg"": 10.51735066281638}, {""name"": ""topclad:SiO2"", ""extent"": ""bulk"", ""n_region_sh"": 1.524160825947718, ""allowed"": false, ""angle_deg"": NaN}]",runs\trial_grid_pumps\exports\eb165d8d6f8a_pump2.npz
eb165d8d6f8a,ridge,"{""sidewall_angle"": 5.0, ""substrate_height"": 1000.0, ""topclad_height"": 800.0, ""substrate_material"": ""Al2O3"", ""topclad_material"": ""SiO2"", ""core_eq_o"": ""(1+2.8032/(1-0.015287/x**2)+0.36335/(1-0.036095/x**2)-33508000/(1+367200000/x**2))**0.5"", ""core_eq_e"": ""(1+0.017061/(1-0.043855/x**2)+3.1976/(1-0.022642/x**2)-57269000/(1-74226000/x**2))**0.5"", ""core_chi2"": ""AlN"", ""h_core"": 300.0, ""w_core"": 600.0}",3,TE00,S,0.9982897728865818,2.0076635286880253,1.9933029999683278,2.0230262117783955,450.0,463.3836520889247,1744.6043333215457,0.12722566535580906,False,nan,"[{""name"": ""substrate:Al2O3"", ""extent"": ""bulk"", ""n_region_sh"": 1.8714407356960066, ""allowed"": false, ""angle_deg"": NaN}, {""name"": ""topclad:SiO2"", ""extent"": ""bulk"", ""n_region_sh"": 1.524160825947718, ""allowed"": false, ""angle_deg"": NaN}]",runs\trial_grid_pumps\exports\eb165d8d6f8a_pump3.npz
eb165d8d6f8a,ridge,"{""sidewall_angle"": 5.0, ""substrate_height"": 1000.0, ""topclad_height"": 800.0, ""substrate_material"": ""Al2O3"", ""topclad_material"": ""SiO2"", ""core_eq_o"": ""(1+2.8032/(1-0.015287/x**2)+0.36335/(1-0.036095/x**2)-33508000/(1+367200000/x**2))**0.5"", ""core_eq_e"": ""(1+0.017061/(1-0.043855/x**2)+3.1976/(1-0.022642/x**2)-57269000/(1-74226000/x**2))**0.5"", ""core_chi2"": ""AlN"", ""h_core"": 300.0, ""w_core"": 600.0}",4,TE10,A,0.9945921090361517,1.9112706638335013,1.8888619873061654,1.9345301535949975,450.0,2048.739070194796,1829.8141011930143,0.15405800965191502,False,nan,"[{""name"": ""substrate:Al2O3"", ""extent"": ""bulk"", ""n_region_sh"": 1.8714407356960066, ""allowed"": false, ""angle_deg"": NaN}, {""name"": ""topclad:SiO2"", ""extent"": ""bulk"", ""n_region_sh"": 1.524160825947718, ""allowed"": false, ""angle_deg"": NaN}]",runs\trial_grid_pumps\exports\eb165d8d6f8a_pump4.npz
4ba92adb5fc8,ridge,"{""sidewall_angle"": 5.0, ""substrate_height"": 1000.0, ""topclad_height"": 800.0, ""substrate_material"": ""Al2O3"", ""topclad_material"": ""SiO2"", ""core_eq_o"": ""(1+2.8032/(1-0.015287/x**2)+0.36335/(1-0.036095/x**2)-33508000/(1+367200000/x**2))**0.5"", ""core_eq_e"": ""(1+0.017061/(1-0.043855/x**2)+3.1976/(1-0.022642/x**2)-57269000/(1-74226000/x**2))**0.5"", ""core_chi2"": ""AlN"", ""h_core"": 300.0, ""w_core"": 700.0}",0,TM00,A,0.0009862338551585887,2.071110098274957,2.057077201449198,2.086553195557254,450.0,167.36113737626098,1563.6174684539978,0.1543188786166532,False,nan,"[{""name"": ""substrate:Al2O3"", ""extent"": ""bulk"", ""n_region_sh"": 1.8714407356960066, ""allowed"": false, ""angle_deg"": NaN}, {""name"": ""topclad:SiO2"", ""extent"": ""bulk"", ""n_region_sh"": 1.524160825947718, ""allowed"": false, ""angle_deg"": NaN}]",runs\trial_grid_pumps\exports\4ba92adb5fc8_pump0.npz
4ba92adb5fc8,ridge,"{""sidewall_angle"": 5.0, ""substrate_height"": 1000.0, ""topclad_height"": 800.0, ""substrate_material"": ""Al2O3"", ""topclad_material"": ""SiO2"", ""core_eq_o"": ""(1+2.8032/(1-0.015287/x**2)+0.36335/(1-0.036095/x**2)-33508000/(1+367200000/x**2))**0.5"", ""core_eq_e"": ""(1+0.017061/(1-0.043855/x**2)+3.1976/(1-0.022642/x**2)-57269000/(1-74226000/x**2))**0.5"", ""core_chi2"": ""AlN"", ""h_core"": 300.0, ""w_core"": 700.0}",1,TM10,S,0.010903493055037626,2.0082363381876487,1.9889627878457339,2.0286937574951316,450.0,692.8312869733553,1603.8565390750196,0.15860221987236167,False,nan,"[{""name"": ""substrate:Al2O3"", ""extent"": ""bulk"", ""n_region_sh"": 1.8714407356960066, ""allowed"": false, ""angle_deg"": NaN}, {""name"": ""topclad:SiO2"", ""extent"": ""bulk"", ""n_region_sh"": 1.524160825947718, ""allowed"": false, ""angle_deg"": NaN}]",runs\trial_grid_pumps\exports\4ba92adb5fc8_pump1.npz
4ba92adb5fc8,ridge,"{""sidewall_angle"": 5.0, ""substrate_height"": 1000.0, ""topclad_height"": 800.0, ""substrate_material"": ""Al2O3"", ""topclad_material"": ""SiO2"", ""core_eq_o"": ""(1+2.8032/(1-0.015287/x**2)+0.36335/(1-0.036095/x**2)-33508000/(1+367200000/x**2))**0.5"", ""core_eq_e"": ""(1+0.017061/(1-0.043855/x**2)+3.1976/(1-0.022642/x**2)-57269000/(1-74226000/x**2))**0.5"", ""core_chi2"": ""AlN"", ""h_core"": 300.0, ""w_core"": 700.0}",2,TM20,A,0.015550306463010243,1.901387001523147,1.8731958629237961,1.9306826876177554,450.0,1756.7252981753904,1647.9287327121456,0.1659520983800305,False,nan,"[{""name"": ""substrate:Al2O3"", ""extent"": ""bulk"", ""n_region_sh"": 1.8714407356960066, ""allowed"": false, ""angle_deg"": NaN}, {""name"": ""topclad:SiO2"", ""extent"": ""bulk"", ""n_region_sh"": 1.524160825947718, ""allowed"": false, ""angle_deg"": NaN}]",runs\trial_grid_pumps\exports\4ba92adb5fc8_pump2.npz
4ba92adb5fc8,ridge,"{""sidewall_angle"": 5.0, ""substrate_height"": 1000.0, ""topclad_height"": 800.0, ""substrate_material"": ""Al2O3"", ""topclad_material"": ""SiO2"", ""core_eq_o"": ""(1+2.8032/(1-0.015287/x**2)+0.36335/(1-0.036095/x**2)-33508000/(1+367200000/x**2))**0.5"", ""core_eq_e"": ""(1+0.017061/(1-0.043855/x**2)+3.1976/(1-0.022642/x**2)-57269000/(1-74226000/x**2))**0.5"", ""core_chi2"": ""AlN"", ""h_core"": 300.0, ""w_core"": 700.0}",3,TE00,S,0.9931637750367519,2.0159002217935735,2.0021903868876327,2.0307143656274445,450.0,296.445199743687,1726.8930062746272,0.14558671493729267,False,nan,"[{""name"": ""substrate:Al2O3"", ""extent"": ""bulk"", ""n_region_sh"": 1.8714407356960066, ""allowed"": false, ""angle_deg"": NaN}, {""name"": ""topclad:SiO2"", ""extent"": ""bulk"", ""n_region_sh"": 1.524160825947718, ""allowed"": false, ""angle_deg"": NaN}]",runs\trial_grid_pumps\exports\4ba92adb5fc8_pump3.npz
4ba92adb5fc8,ridge,"{""sidewall_angle"": 5.0, ""substrate_height"": 1000.0, ""topclad_height"": 800.0, ""substrate_material"": ""Al2O3"", ""topclad_material"": ""SiO2"", ""core_eq_o"": ""(1+2.8032/(1-0.015287/x**2)+0.36335/(1-0.036095/x**2)-33508000/(1+367200000/x**2))**0.5"", ""core_eq_e"": ""(1+0.017061/(1-0.043855/x**2)+3.1976/(1-0.022642/x**2)-57269000/(1-74226000/x**2))**0.5"", ""core_chi2"": ""AlN"", ""h_core"": 300.0, ""w_core"": 700.0}",4,TE10,A,0.996350160007751,1.9441401413277275,1.9242224237170582,1.964900682071269,450.0,1274.9754526713955,1786.8768149833504,0.16579472126157915,False,nan,"[{""name"": ""substrate:Al2O3"", ""extent"": ""bulk"", ""n_region_sh"": 1.8714407356960066, ""allowed"": false, ""angle_deg"": NaN}, {""name"": ""topclad:SiO2"", ""extent"": ""bulk"", ""n_region_sh"": 1.524160825947718, ""allowed"": false, ""angle_deg"": NaN}]",runs\trial_grid_pumps\exports\4ba92adb5fc8_pump4.npz
6dc02431d95f,ridge,"{""sidewall_angle"": 5.0, ""substrate_height"": 1000.0, ""topclad_height"": 800.0, ""substrate_material"": ""Al2O3"", ""topclad_material"": ""SiO2"", ""core_eq_o"": ""(1+2.8032/(1-0.015287/x**2)+0.36335/(1-0.036095/x**2)-33508000/(1+367200000/x**2))**0.5"", ""core_eq_e"": ""(1+0.017061/(1-0.043855/x**2)+3.1976/(1-0.022642/x**2)-57269000/(1-74226000/x**2))**0.5"", ""core_chi2"": ""AlN"", ""h_core"": 300.0, ""w_core"": 800.0}",0,TM00,A,0.0008231946628560407,2.0756265671554135,2.061942527794341,2.090726644780183,450.0,118.0756994595666,1560.746418697266,0.17413991729629685,False,nan,"[{""name"": ""substrate:Al2O3"", ""extent"": ""bulk"", ""n_region_sh"": 1.8714407356960066, ""allowed"": false, ""angle_deg"": NaN}, {""name"": ""topclad:SiO2"", ""extent"": ""bulk"", ""n_region_sh"": 1.524160825947718, ""allowed"": false, ""angle_deg"": NaN}]",runs\trial_grid_pumps\exports\6dc02431d95f_pump0.npz
6dc02431d95f,ridge,"{""sidewall_angle"": 5.0, ""substrate_height"": 1000.0, ""topclad_height"": 800.0, ""substrate_material"": ""Al2O3"", ""topclad_material"": ""SiO2"", ""core_eq_o"": ""(1+2.8032/(1-0.015287/x**2)+0.36335/(1-0.036095/x**2)-33508000/(1+367200000/x**2))**0.5"", ""core_eq_e"": ""(1+0.017061/(1-0.043855/x**2)+3.1976/(1-0.022642/x**2)-57269000/(1-74226000/x**2))**0.5"", ""core_chi2"": ""AlN"", ""h_core"": 300.0, ""w_core"": 800.0}",1,TM10,S,0.010239323673690619,2.026616136935409,2.0089688677826927,2.0457602060738833,450.0,468.55489055057575,1571.0410933071587,0.1774838683332735,False,nan,"[{""name"": ""substrate:Al2O3"", ""extent"": ""bulk"", ""n_region_sh"": 1.8714407356960066, ""allowed"": false, ""angle_deg"": NaN}, {""name"": ""topclad:SiO2"", ""extent"": ""bulk"", ""n_region_sh"": 1.524160825947718, ""allowed"": false, ""angle_deg"": NaN}]",runs\trial_grid_pumps\exports\6dc02431d95f_pump1.npz
6dc02431d95f,ridge,"{""sidewall_angle"": 5.0, ""substrate_height"": 1000.0, ""topclad_height"": 800.0, ""substrate_material"": ""Al2O3"", ""topclad_material"": ""SiO2"", ""core_eq_o"": ""(1+2.8032/(1-0.015287/x**2)+0.36335/(1-0.036095/x**2)-33508000/(1+367200000/x**2))**0.5"", ""core_eq_e"": ""(1+0.017061/(1-0.043855/x**2)+3.1976/(1-0.022642/x**2)-57269000/(1-74226000/x**2))**0.5"", ""core_chi2"": ""AlN"", ""h_core"": 300.0, ""w_core"": 800.0}",2,TM20,A,0.01293479825682638,1.9432612437453878,1.918234851421639,1.9693834578775042,450.0,1167.8353741784736,1625.3963808736637,0.1828748628028351,False,nan,"[{""name"": ""substrate:Al2O3"", ""extent"": ""bulk"", ""n_region_sh"": 1.8714407356960066, ""allowed"": false, ""angle_deg"": NaN}, {""name"": ""topclad:SiO2"", ""extent"": ""bulk"", ""n_region_sh"": 1.524160825947718, ""allowed"": false, ""angle_deg"": NaN}]",runs\trial_grid_pumps\exports\6dc02431d95f_pump2.npz
6dc02431d95f,ridge,"{""sidewall_angle"": 5.0, ""substrate_height"": 1000.0, ""topclad_height"": 800.0, ""substrate_material"": ""Al2O3"", ""topclad_material"": ""SiO2"", ""core_eq_o"": ""(1+2.8032/(1-0.015287/x**2)+0.36335/(1-0.036095/x**2)-33508000/(1+367200000/x**2))**0.5"", ""core_eq_e"": ""(1+0.017061/(1-0.043855/x**2)+3.1976/(1-0.022642/x**2)-57269000/(1-74226000/x**2))**0.5"", ""core_chi2"": ""AlN"", ""h_core"": 300.0, ""w_core"": 800.0}",3,TE00,S,0.9936343953876271,2.0212308078360945,2.0077618378178217,2.035523283818092,450.0,207.4623258217653,1742.237884932564,0.16346249700118698,False,nan,"[{""name"": ""substrate:Al2O3"", ""extent"": ""bulk"", ""n_region_sh"": 1.8714407356960066, ""allowed"": false, ""angle_deg"": NaN}, {""name"": ""topclad:SiO2"", ""extent"": ""bulk"", ""n_region_sh"": 1.524160825947718, ""allowed"": false, ""angle_deg"": NaN}]",runs\trial_grid_pumps\exports\6dc02431d95f_pump3.npz
6dc02431d95f,ridge,"{""sidewall_angle"": 5.0, ""substrate_height"": 1000.0, ""topclad_height"": 800.0, ""substrate_material"": ""Al2O3"", ""topclad_material"": ""SiO2"", ""core_eq_o"": ""(1+2.8032/(1-0.015287/x**2)+0.36335/(1-0.036095/x**2)-33508000/(1+367200000/x**2))**0.5"", ""core_eq_e"": ""(1+0.017061/(1-0.043855/x**2)+3.1976/(1-0.022642/x**2)-57269000/(1-74226000/x**2))**0.5"", ""core_chi2"": ""AlN"", ""h_core"": 300.0, ""w_core"": 800.0}",4,TE10,A,0.9957797948196172,1.965937186822045,1.9477846489811528,1.9849630990964493,450.0,845.9425276699425,1759.3661105568594,0.1803355075178869,False,nan,"[{""name"": ""substrate:Al2O3"", ""extent"": ""bulk"", ""n_region_sh"": 1.8714407356960066, ""allowed"": false, ""angle_deg"": NaN}, {""name"": ""topclad:SiO2"", ""extent"": ""bulk"", ""n_region_sh"": 1.524160825947718, ""allowed"": false, ""angle_deg"": NaN}]",runs\trial_grid_pumps\exports\6dc02431d95f_pump4.npz
5575565c7993,ridge,"{""sidewall_angle"": 5.0, ""substrate_height"": 1000.0, ""topclad_height"": 800.0, ""substrate_material"": ""Al2O3"", ""topclad_material"": ""SiO2"", ""core_eq_o"": ""(1+2.8032/(1-0.015287/x**2)+0.36335/(1-0.036095/x**2)-33508000/(1+367200000/x**2))**0.5"", ""core_eq_e"": ""(1+0.017061/(1-0.043855/x**2)+3.1976/(1-0.022642/x**2)-57269000/(1-74226000/x**2))**0.5"", ""core_chi2"": ""AlN"", ""h_core"": 350.0, ""w_core"": 300.0}",0,TM00,A,0.0018138996467235327,2.020128987980555,2.0028797205536644,2.0388117583834044,450.0,1701.794637054302,1212.4449520662895,0.0821590071451143,False,nan,"[{""name"": ""substrate:Al2O3"", ""extent"": ""bulk"", ""n_region_sh"": 1.8714407356960066, ""allowed"": false, ""angle_deg"": NaN}, {""name"": ""topclad:SiO2"", ""extent"": ""bulk"", ""n_region_sh"": 1.524160825947718, ""allowed"": false, ""angle_deg"": NaN}]",runs\trial_grid_pumps\exports\5575565c7993_pump0.npz
5575565c7993,ridge,"{""sidewall_angle"": 5.0, ""substrate_height"": 1000.0, ""topclad_height"": 800.0, ""substrate_material"": ""Al2O3"", ""topclad_material"": ""SiO2"", ""core_eq_o"": ""(1+2.8032/(1-0.015287/x**2)+0.36335/(1-0.036095/x**2)-33508000/(1+367200000/x**2))**0.5"", ""core_eq_e"": ""(1+0.017061/(1-0.043855/x**2)+3.1976/(1-0.022642/x**2)-57269000/(1-74226000/x**2))**0.5"", ""core_chi2"": ""AlN"", ""h_core"": 350.0, ""w_core"": 300.0}",1,TM01,A,0.011639040977902231,1.8133748479113425,1.7879488941556851,1.8426047872825553,450.0,1852.6468812028315,2373.6856053028732,0.14466208652861817,True,14.309995163468551,"[{""name"": ""substrate:Al2O3"", ""extent"": ""bulk"", ""n_region_sh"": 1.8714407356960066, ""allowed"": true, ""angle_deg"": 14.309995163468551}, {""name"": ""topclad:SiO2"", ""extent"": ""bulk"", ""n_region_sh"": 1.524160825947718, ""allowed"": false, ""angle_deg"": NaN}]",runs\trial_grid_pumps\exports\5575565c7993_pump1.npz
5575565c7993,ridge,"{""sidewall_angle"": 5.0, ""substrate_height"": 1000.0, ""topclad_height"": 800.0, ""substrate_material"": ""Al2O3"", ""topclad_material"": ""SiO2"", ""core_eq_o"": ""(1+2.8032/(1-0.015287/x**2)+0.36335/(1-0.036095/x**2)-33508000/(1+367200000/x**2))**0.5"", ""core_eq_e"": ""(1+0.017061/(1-0.043855/x**2)+3.1976/(1-0.022642/x**2)-57269000/(1-74226000/x**2))**0.5"", ""core_chi2"": ""AlN"", ""h_core"": 350.0, ""w_core"": 300.0}",2,TM22,A,0.0002962378524832271,1.7616521224504649,1.7565300696348307,1.7662852396360513,450.0,40.49817309635786,46.595605410887956,0.9930554958755994,True,19.723074724044427,"[{""name"": ""substrate:Al2O3"", ""extent"": ""bulk"", ""n_region_sh"": 1.8714407356960066, ""allowed"": true, ""angle_deg"": 19.723074724044427}, {""name"": ""topclad:SiO2"", ""extent"": ""bulk"", ""n_region_sh"": 1.524160825947718, ""allowed"": false, ""angle_deg"": NaN}]",runs\trial_grid_pumps\exports\5575565c7993_pump2.npz
5575565c7993,ridge,"{""sidewall_angle"": 5.0, ""substrate_height"": 1000.0, ""topclad_height"": 800.0, ""substrate_material"": ""Al2O3"", ""topclad_material"": ""SiO2"", ""core_eq_o"": ""(1+2.8032/(1-0.015287/x**2)+0.36335/(1-0.036095/x**2)-33508000/(1+367200000/x**2))**0.5"", ""core_eq_e"": ""(1+0.017061/(1-0.043855/x**2)+3.1976/(1-0.022642/x**2)-57269000/(1-74226000/x**2))**0.5"", ""core_chi2"": ""AlN"", ""h_core"": 350.0, ""w_core"": 300.0}",3,TE00,S,0.9958878501244534,1.9343710741822673,1.9148628976731807,1.954930624282964,450.0,3546.571605919866,1536.837520493421,0.09137807769280898,False,nan,"[{""name"": ""substrate:Al2O3"", ""extent"": ""bulk"", ""n_region_sh"": 1.8714407356960066, ""allowed"": false, ""angle_deg"": NaN}, {""name"": ""topclad:SiO2"", ""extent"": ""bulk"", ""n_region_sh"": 1.524160825947718, ""allowed"": false, ""angle_deg"": NaN}]",runs\trial_grid_pumps\exports\5575565c7993_pump3.npz
5575565c7993,ridge,"{""sidewall_angle"": 5.0, ""substrate_height"": 1000.0, ""topclad_height"": 800.0, ""substrate_material"": ""Al2O3"", ""topclad_material"": ""SiO2"", ""core_eq_o"": ""(1+2.8032/(1-0.015287/x**2)+0.36335/(1-0.036095/x**2)-33508000/(1+367200000/x**2))**0.5"", ""core_eq_e"": ""(1+0.017061/(1-0.043855/x**2)+3.1976/(1-0.022642/x**2)-57269000/(1-74226000/x**2))**0.5"", ""core_chi2"": ""AlN"", ""h_core"": 350.0, ""w_core"": 300.0}",4,TE01,S,0.9265196416526288,1.7791576867925027,1.7740790006340488,1.8038931746294726,450.0,1923.3096323100592,1158.0022621491823,0.45445087760461955,True,18.068060991362035,"[{""name"": ""substrate:Al2O3"", ""extent"": ""bulk"", ""n_region_sh"": 1.8714407356960066, ""allowed"": true, ""angle_deg"": 18.068060991362035}, {""name"": ""topclad:SiO2"", ""extent"": ""bulk"", ""n_region_sh"": 1.524160825947718, ""allowed"": false, ""angle_deg"": NaN}]",runs\trial_grid_pumps\exports\5575565c7993_pump4.npz
cde1f4a6155a,ridge,"{""sidewall_angle"": 5.0, ""substrate_height"": 1000.0, ""topclad_height"": 800.0, ""substrate_material"": ""Al2O3"", ""topclad_material"": ""SiO2"", ""core_eq_o"": ""(1+2.8032/(1-0.015287/x**2)+0.36335/(1-0.036095/x**2)-33508000/(1+367200000/x**2))**0.5"", ""core_eq_e"": ""(1+0.017061/(1-0.043855/x**2)+3.1976/(1-0.022642/x**2)-57269000/(1-74226000/x**2))**0.5"", ""core_chi2"": ""AlN"", ""h_core"": 350.0, ""w_core"": 400.0}",0,TM00,A,0.0013569407773914028,2.055987037282934,2.0407601742464494,2.072607439656479,450.0,797.9288364990905,1158.3147598431617,0.10179423276048213,False,nan,"[{""name"": ""substrate:Al2O3"", ""extent"": ""bulk"", ""n_region_sh"": 1.8714407356960066, ""allowed"": false, ""angle_deg"": NaN}, {""name"": ""topclad:SiO2"", ""extent"": ""bulk"", ""n_region_sh"": 1.524160825947718, ""allowed"": false, ""angle_deg"": NaN}]",runs\trial_grid_pumps\exports\cde1f4a6155a_pump0.npz
cde1f4a6155a,ridge,"{""sidewall_angle"": 5.0, ""substrate_height"": 1000.0, ""topclad_height"": 800.0, ""substrate_material"": ""Al2O3"", ""topclad_material"": ""SiO2"", ""core_eq_o"": ""(1+2.8032/(1-0.015287/x**2)+0.36335/(1-0.036095/x**2)-33508000/(1+367200000/x**2))**0.5"", ""core_eq_e"": ""(1+0.017061/(1-0.043855/x**2)+3.1976/(1-0.022642/x**2)-57269000/(1-74226000/x**2))**0.5"", ""core_chi2"": ""AlN"", ""h_core"": 350.0, ""w_core"": 400.0}",1,TM10,S,0.02654561808483385,1.883702878742127,1.8562573825518258,1.9125700704455826,450.0,3717.5273939229537,1332.3856346188159,0.11471956261610682,False,nan,"[{""name"": ""substrate:Al2O3"", ""extent"": ""bulk"", ""n_region_sh"": 1.8714407356960066, ""allowed"": false, ""angle_deg"": NaN}, {""name"": ""topclad:SiO2"", ""extent"": ""bulk"", ""n_region_sh"": 1.524160825947718, ""allowed"": false, ""angle_deg"": NaN}]",runs\trial_grid_pumps\exports\cde1f4a6155a_pump1.npz
cde1f4a6155a,ridge,"{""sidewall_angle"": 5.0, ""substrate_height"": 1000.0, ""topclad_height"": 800.0, ""substrate_material"": ""Al2O3"", ""topclad_material"": ""SiO2"", ""core_eq_o"": ""(1+2.8032/(1-0.015287/x**2)+0.36335/(1-0.036095/x**2)-33508000/(1+367200000/x**2))**0.5"", ""core_eq_e"": ""(1+0.017061/(1-0.043855/x**2)+3.1976/(1-0.022642/x**2)-57269000/(1-74226000/x**2))**0.5"", ""core_chi2"": ""AlN"", ""h_core"": 350.0, ""w_core"": 400.0}",2,TM01,A,0.020099436027305885,1.84760389168326,1.8214973145276319,1.876232089857755,450.0,1017.6057756080158,2550.3784809045524,0.16590258553456513,True,9.154529356838003,"[{""name"": ""substrate:Al2O3"", ""extent"": ""bulk"", ""n_region_sh"": 1.8714407356960066, ""allowed"": true, ""angle_deg"": 9.154529356838003}, {""name"": ""topclad:SiO2"", ""extent"": ""bulk"", ""n_region_sh"": 1.524160825947718, ""allowed"": false, ""angle_deg"": NaN}]",runs\trial_grid_pumps\exports\cde1f4a6155a_pump2.npz
cde1f4a6155a,ridge,"{""sidewall_angle"": 5.0, ""substrate_height"": 1000.0, ""topclad_height"": 800.0, ""substrate_material"": ""Al2O3"", ""topclad_material"": ""SiO2"", ""core_eq_o"": ""(1+2.8032/(1-0.015287/x**2)+0.36335/(1-0.036095/x**2)-33508000/(1+367200000/x**2))**0.5"", ""core_eq_e"": ""(1+0.017061/(1-0.043855/x**2)+3.1976/(1-0.022642/x**2)-57269000/(1-74226000/x**2))**0.5"", ""core_chi2"": ""AlN"", ""h_core"": 350.0, ""w_core"": 400.0}",3,TE00,S,0.9978428737677711,1.9838685854978715,1.9673595063251113,2.0013301289627603,450.0,1541.8238111867297,1393.7812234618907,0.10373278386206586,False,nan,"[{""name"": ""substrate:Al2O3"", ""extent"": ""bulk"", ""n_region_sh"": 1.8714407356960066, ""allowed"": false, ""angle_deg"": NaN}, {""name"": ""topclad:SiO2"", ""extent"": ""bulk"", ""n_region_sh"": 1.524160825947718, ""allowed"": false, ""angle_deg"": NaN}]",runs\trial_grid_pumps\exports\cde1f4a6155a_pump3.npz
cde1f4a6155a,ridge,"{""sidewall_angle"": 5.0, ""substrate_height"": 1000.0, ""topclad_height"": 800.0, ""substrate_material"": ""Al2O3"", ""topclad_material"": ""SiO2"", ""core_eq_o"": ""(1+2.8032/(1-0.015287/x**2)+0.36335/(1-0.036095/x**2)-33508000/(1+367200000/x**2))**0.5"", ""core_eq_e"": ""(1+0.017061/(1-0.043855/x**2)+3.1976/(1-0.022642/x**2)-57269000/(1-74226000/x**2))**0.5"", ""core_chi2"": ""AlN"", ""h_core"": 350.0, ""w_core"": 400.0}",4,TE01,S,0.9826136205725731,1.815094112490733,1.7910782307486866,1.8416622921986492,450.0,1732.1201807814607,2543.5579713669927,0.14576133885794754,True,14.09546063903109,"[{""name"": ""substrate:Al2O3"", ""extent"": ""bulk"", ""n_region_sh"": 1.8714407356960066, ""allowed"": true, ""angle_deg"": 14.09546063903109}, {""name"": ""topclad:SiO2"", ""extent"": ""bulk"", ""n_region_sh"": 1.524160825947718, ""allowed"": false, ""angle_deg"": NaN}]",runs\trial_grid_pumps\exports\cde1f4a6155a_pump4.npz
a71d9c3d15aa,ridge,"{""sidewall_angle"": 5.0, ""substrate_height"": 1000.0, ""topclad_height"": 800.0, ""substrate_material"": ""Al2O3"", ""topclad_material"": ""SiO2"", ""core_eq_o"": ""(1+2.8032/(1-0.015287/x**2)+0.36335/(1-0.036095/x**2)-33508000/(1+367200000/x**2))**0.5"", ""core_eq_e"": ""(1+0.017061/(1-0.043855/x**2)+3.1976/(1-0.022642/x**2)-57269000/(1-74226000/x**2))**0.5"", ""core_chi2"": ""AlN"", ""h_core"": 350.0, ""w_core"": 500.0}",0,TM00,A,0.0010752469583030992,2.074512721422347,2.060496422085812,2.089920761258647,450.0,437.0771738187484,1135.7045969540704,0.12237084497973247,False,nan,"[{""name"": ""substrate:Al2O3"", ""extent"": ""bulk"", ""n_region_sh"": 1.8714407356960066, ""allowed"": false, ""angle_deg"": NaN}, {""name"": ""topclad:SiO2"", ""extent"": ""bulk"", ""n_region_sh"": 1.524160825947718, ""allowed"": false, ""angle_deg"": NaN}]",runs\trial_grid_pumps\exports\a71d9c3d15aa_pump0.npz
a71d9c3d15aa,ridge,"{""sidewall_angle"": 5.0, ""substrate_height"": 1000.0, ""topclad_height"": 800.0, ""substrate_material"": ""Al2O3"", ""topclad_material"": ""SiO2"", ""core_eq_o"": ""(1+2.8032/(1-0.015287/x**2)+0.36335/(1-0.036095/x**2)-33508000/(1+367200000/x**2))**0.5"", ""core_eq_e"": ""(1+0.017061/(1-0.043855/x**2)+3.1976/(1-0.022642/x**2)-57269000/(1-74226000/x**2))**0.5"", ""core_chi2"": ""AlN"", ""h_core"": 350.0, ""w_core"": 500.0}",1,TM10,S,0.009215592991121044,1.9577085517373427,1.9345924060268727,1.982068409683442,450.0,1968.5988358136083,1228.7489043345565,0.12953225635354362,False,nan,"[{""name"": ""substrate:Al2O3"", ""extent"": ""bulk"", ""n_region_sh"": 1.8714407356960066, ""allowed"": false, ""angle_deg"": NaN}, {""name"": ""topclad:SiO2"", ""extent"": ""bulk"", ""n_region_sh"": 1.524160825947718, ""allowed"": false, ""angle_deg"": NaN}]",runs\trial_grid_pumps\exports\a71d9c3d15aa_pump1.npz
a71d9c3d15aa,ridge,"{""sidewall_angle"": 5.0, ""substrate_height"": 1000.0, ""topclad_height"": 800.0, ""substrate_material"": ""Al2O3"", ""topclad_material"": ""SiO2"", ""core_eq_o"": ""(1+2.8032/(1-0.015287/x**2)+0.36335/(1-0.036095/x**2)-33508000/(1+367200000/x**2))**0.5"", ""core_eq_e"": ""(1+0.017061/(1-0.043855/x**2)+3.1976/(1-0.022642/x**2)-57269000/(1-74226000/x**2))**0.5"", ""core_chi2"": ""AlN"", ""h_core"": 350.0, ""w_core"": 500.0}",2,TM01,A,0.3071831671405842,1.8611528700305406,1.8342800320638273,1.8897423081483733,450.0,1346.4073488615809,2271.2958385798383,0.21081532638983372,True,6.010510885026743,"[{""name"": ""substrate:Al2O3"", ""extent"": ""bulk"", ""n_region_sh"": 1.8714407356960066, ""allowed"": true, ""angle_deg"": 6.010510885026743}, {""name"": ""topclad:SiO2"", ""extent"": ""bulk"", ""n_region_sh"": 1.524160825947718, ""allowed"": false, ""angle_deg"": NaN}]",runs\trial_grid_pumps\exports\a71d9c3d15aa_pump2.npz
a71d9c3d15aa,ridge,"{""sidewall_angle"": 5.0, ""substrate_height"": 1000.0, ""topclad_height"": 800.0, ""substrate_material"": ""Al2O3"", ""topclad_material"": ""SiO2"", ""core_eq_o"": ""(1+2.8032/(1-0.015287/x**2)+0.36335/(1-0.036095/x**2)-33508000/(1+367200000/x**2))**0.5"", ""core_eq_e"": ""(1+0.017061/(1-0.043855/x**2)+3.1976/(1-0.022642/x**2)-57269000/(1-74226000/x**2))**0.5"", ""core_chi2"": ""AlN"", ""h_core"": 350.0, ""w_core"": 500.0}",3,TE00,S,0.9983741141480335,2.0082342774417716,1.993485579188273,2.0239404759932085,450.0,798.5922557584713,1338.3375811331848,0.12063537187055505,False,nan,"[{""name"": ""substrate:Al2O3"", ""extent"": ""bulk"", ""n_region_sh"": 1.8714407356960066, ""allowed"": false, ""angle_deg"": NaN}, {""name"": ""topclad:SiO2"", ""extent"": ""bulk"", ""n_region_sh"": 1.524160825947718, ""allowed"": false, ""angle_deg"": NaN}]",runs\trial_grid_pumps\exports\a71d9c3d15aa_pump3.npz
a71d9c3d15aa,ridge,"{""sidewall_angle"": 5.0, ""substrate_height"": 1000.0, ""topclad_height"": 800.0, ""substrate_material"": ""Al2O3"", ""topclad_material"": ""SiO2"", ""core_eq_o"": ""(1+2.8032/(1-0.015287/x**2)+0.36335/(1-0.036095/x**2)-33508000/(1+367200000/x**2))**0.5"", ""core_eq_e"": ""(1+0.017061/(1-0.043855/x**2)+3.1976/(1-0.022642/x**2)-57269000/(1-74226000/x**2))**0.5"", ""core_chi2"": ""AlN"", ""h_core"": 350.0, ""w_core"": 500.0}",4,TE10,A,0.7062018916408811,1.8739409619726455,1.8491471370752492,1.9000947235468508,450.0,2628.818131799536,1857.6869473350775,0.20145621483511386,False,nan,"[{""name"": ""substrate:Al2O3"", ""extent"": ""bulk"", ""n_region_sh"": 1.8714407356960066, ""allowed"": false, ""angle_deg"": NaN}, {""name"": ""topclad:SiO2"", ""extent"": ""bulk"", ""n_region_sh"": 1.524160825947718, ""allowed"": false, ""angle_deg"": NaN}]",runs\trial_grid_pumps\exports\a71d9c3d15aa_pump4.npz
8f914b33fc75,ridge,"{""sidewall_angle"": 5.0, ""substrate_height"": 1000.0, ""topclad_height"": 800.0, ""substrate_material"": ""Al2O3"", ""topclad_material"": ""SiO2"", ""core_eq_o"": ""(1+2.8032/(1-0.015287/x**2)+0.36335/(1-0.036095/x**2)-33508000/(1+367200000/x**2))**0.5"", ""core_eq_e"": ""(1+0.017061/(1-0.043855/x**2)+3.1976/(1-0.022642/x**2)-57269000/(1-74226000/x**2))**0.5"", ""core_chi2"": ""AlN"", ""h_core"": 350.0, ""w_core"": 600.0}",0,TM00,A,0.0008762392983729381,2.085281874640924,2.072028844517284,2.099932862013632,450.0,266.63332092821065,1124.5922265021097,0.14339834532700427,False,nan,"[{""name"": ""substrate:Al2O3"", ""extent"": ""bulk"", ""n_region_sh"": 1.8714407356960066, ""allowed"": false, ""angle_deg"": NaN}, {""name"": ""topclad:SiO2"", ""extent"": ""bulk"", ""n_region_sh"": 1.524160825947718, ""allowed"": false, ""angle_deg"": NaN}]",runs\trial_grid_pumps\exports\8f914b33fc75_pump0.npz
8f914b33fc75,ridge,"{""sidewall_angle"": 5.0, ""substrate_height"": 1000.0, ""topclad_height"": 800.0, ""substrate_material"": ""Al2O3"", ""topclad_material"": ""SiO2"", ""core_eq_o"": ""(1+2.8032/(1-0.015287/x**2)+0.36335/(1-0.036095/x**2)-33508000/(1+367200000/x**2))**0.5"", ""core_eq_e"": ""(1+0.017061/(1-0.043855/x**2)+3.1976/(1-0.022642/x**2)-57269000/(1-74226000/x**2))**0.5"", ""core_chi2"": ""AlN"", ""h_core"": 350.0, ""w_core"": 600.0}",1,TM10,S,0.006826476032258754,2.00131636351842,1.9812312183213165,2.022636891069967,450.0,1157.596872131392,1184.3185177738062,0.14838311260905868,False,nan,"[{""name"": ""substrate:Al2O3"", ""extent"": ""bulk"", ""n_region_sh"": 1.8714407356960066, ""allowed"": false, ""angle_deg"": NaN}, {""name"": ""topclad:SiO2"", ""extent"": ""bulk"", ""n_region_sh"": 1.524160825947718, ""allowed"": false, ""angle_deg"": NaN}]",runs\trial_grid_pumps\exports\8f914b33fc75_pump1.npz
8f914b33fc75,ridge,"{""sidewall_angle"": 5.0, ""substrate_height"": 1000.0, ""topclad_height"": 800.0, ""substrate_material"": ""Al2O3"", ""topclad_material"": ""SiO2"", ""core_eq_o"": ""(1+2.8032/(1-0.015287/x**2)+0.36335/(1-0.036095/x**2)-33508000/(1+367200000/x**2))**0.5"", ""core_eq_e"": ""(1+0.017061/(1-0.043855/x**2)+3.1976/(1-0.022642/x**2)-57269000/(1-74226000/x**2))**0.5"", ""core_chi2"": ""AlN"", ""h_core"": 350.0, ""w_core"": 600.0}",2,TM21,A,0.013934666481791138,1.8763101599438847,1.8506791126079796,1.9040223714813658,450.0,467.1929914499726,2565.6756905691445,0.21677875384482911,False,nan,"[{""name"": ""substrate:Al2O3"", ""extent"": ""bulk"", ""n_region_sh"": 1.8714407356960066, ""allowed"": false, ""angle_deg"": NaN}, {""name"": ""topclad:SiO2"", ""extent"": ""bulk"", ""n_region_sh"": 1.524160825947718, ""allowed"": false, ""angle_deg"": NaN}]",runs\trial_grid_pumps\exports\8f914b33fc75_pump2.npz
8f914b33fc75,ridge,"{""sidewall_angle"": 5.0, ""substrate_height"": 1000.0, ""topclad_height"": 800.0, ""substrate_material"": ""Al2O3"", ""topclad_material"": ""SiO2"", ""core_eq_o"": ""(1+2.8032/(1-0.015287/x**2)+0.36335/(1-0.036095/x**2)-33508000/(1+367200000/x**2))**0.5"", ""core_eq_e"": ""(1+0.017061/(1-0.043855/x**2)+3.1976/(1-0.022642/x**2)-57269000/(1-74226000/x**2))**0.5"", ""core_chi2"": ""AlN"", ""h_core"": 350.0, ""w_core"": 600.0}",3,TE00,S,0.9975677064172576,2.0218698303499885,2.0081798333016163,2.036537434138259,450.0,466.2026669531232,1311.295726046168,0.13946391191661775,False,nan,"[{""name"": ""substrate:Al2O3"", ""extent"": ""bulk"", ""n_region_sh"": 1.8714407356960066, ""allowed"": false, ""angle_deg"": NaN}, {""name"": ""topclad:SiO2"", ""extent"": ""bulk"", ""n_region_sh"": 1.524160825947718, ""allowed"": false, ""angle_deg"": NaN}]",runs\trial_grid_pumps\exports\8f914b33fc75_pump3.npz
8f914b33fc75,ridge,"{""sidewall_angle"": 5.0, ""substrate_height"": 1000.0, ""topclad_height"": 800.0, ""substrate_material"": ""Al2O3"", ""topclad_material"": ""SiO2"", ""core_eq_o"": ""(1+2.8032/(1-0.015287/x**2)+0.36335/(1-0.036095/x**2)-33508000/(1+367200000/x**2))**0.5"", ""core_eq_e"": ""(1+0.017061/(1-0.043855/x**2)+3.1976/(1-0.022642/x**2)-57269000/(1-74226000/x**2))**0.5"", ""core_chi2"": ""AlN"", ""h_core"": 350.0, ""w_core"": 600.0}",4,TE10,A,0.991087549504232,1.9244936288392231,1.9026237574499847,1.9471645645139384,450.0,2061.632958393311,1426.8013447628882,0.16905445567890148,False,nan,"[{""name"": ""substrate:Al2O3"", ""extent"": ""bulk"", ""n_region_sh"": 1.8714407356960066, ""allowed"": false, ""angle_deg"": NaN}, {""name"": ""topclad:SiO2"", ""extent"": ""bulk"", ""n_region_sh"": 1.524160825947718, ""allowed"": false, ""angle_deg"": NaN}]",runs\trial_grid_pumps\exports\8f914b33fc75_pump4.npz
00ba18d567d4,ridge,"{""sidewall_angle"": 5.0, ""substrate_height"": 1000.0, ""topclad_height"": 800.0, ""substrate_material"": ""Al2O3"", ""topclad_material"": ""SiO2"", ""core_eq_o"": ""(1+2.8032/(1-0.015287/x**2)+0.36335/(1-0.036095/x**2)-33508000/(1+367200000/x**2))**0.5"", ""core_eq_e"": ""(1+0.017061/(1-0.043855/x**2)+3.1976/(1-0.022642/x**2)-57269000/(1-74226000/x**2))**0.5"", ""core_chi2"": ""AlN"", ""h_core"": 350.0, ""w_core"": 700.0}",0,TM00,A,0.0007275704308773522,2.092083940328374,2.079338850668224,2.1062342204183,450.0,175.54593504555663,1118.5318331460765,0.1646193485323419,False,nan,"[{""name"": ""substrate:Al2O3"", ""extent"": ""bulk"", ""n_region_sh"": 1.8714407356960066, ""allowed"": false, ""angle_deg"": NaN}, {""name"": ""topclad:SiO2"", ""extent"": ""bulk"", ""n_region_sh"": 1.524160825947718, ""allowed"": false, ""angle_deg"": NaN}]",runs\trial_grid_pumps\exports\00ba18d567d4_pump0.npz
00ba18d567d4,ridge,"{""sidewall_angle"": 5.0, ""substrate_height"": 1000.0, ""topclad_height"": 800.0, ""substrate_material"": ""Al2O3"", ""topclad_material"": ""SiO2"", ""core_eq_o"": ""(1+2.8032/(1-0.015287/x**2)+0.36335/(1-0.036095/x**2)-33508000/(1+367200000/x**2))**0.5"", ""core_eq_e"": ""(1+0.017061/(1-0.043855/x**2)+3.1976/(1-0.022642/x**2)-57269000/(1-74226000/x**2))**0.5"", ""core_chi2"": ""AlN"", ""h_core"": 350.0, ""w_core"": 700.0}",1,TM10,S,0.13936348473313492,2.028703343177978,2.010840615155153,2.0482968757054216,450.0,695.3880841003142,1213.8752161355085,0.18236164978154804,False,nan,"[{""name"": ""substrate:Al2O3"", ""extent"": ""bulk"", ""n_region_sh"": 1.8714407356960066, ""allowed"": false, ""angle_deg"": NaN}, {""name"": ""topclad:SiO2"", ""extent"": ""bulk"", ""n_region_sh"": 1.524160825947718, ""allowed"": false, ""angle_deg"": NaN}]",runs\trial_grid_pumps\exports\00ba18d567d4_pump1.npz
00ba18d567d4,ridge,"{""sidewall_angle"": 5.0, ""substrate_height"": 1000.0, ""topclad_height"": 800.0, ""substrate_material"": ""Al2O3"", ""topclad_material"": ""SiO2"", ""core_eq_o"": ""(1+2.8032/(1-0.015287/x**2)+0.36335/(1-0.036095/x**2)-33508000/(1+367200000/x**2))**0.5"", ""core_eq_e"": ""(1+0.017061/(1-0.043855/x**2)+3.1976/(1-0.022642/x**2)-57269000/(1-74226000/x**2))**0.5"", ""core_chi2"": ""AlN"", ""h_core"": 350.0, ""w_core"": 700.0}",2,TM20,A,0.014481596403585763,1.921538068296139,1.8945299335478192,1.9496114848223867,450.0,1869.5534642105847,1234.1858718362564,0.17586220434119726,False,nan,"[{""name"": ""substrate:Al2O3"", ""extent"": ""bulk"", ""n_region_sh"": 1.8714407356960066, ""allowed"": false, ""angle_deg"": NaN}, {""name"": ""topclad:SiO2"", ""extent"": ""bulk"", ""n_region_sh"": 1.524160825947718, ""allowed"": false, ""angle_deg"": NaN}]",runs\trial_grid_pumps\exports\00ba18d567d4_pump2.npz
00ba18d567d4,ridge,"{""sidewall_angle"": 5.0, ""substrate_height"": 1000.0, ""topclad_height"": 800.0, ""substrate_material"": ""Al2O3"", ""topclad_material"": ""SiO2"", ""core_eq_o"": ""(1+2.8032/(1-0.015287/x**2)+0.36335/(1-0.036095/x**2)-33508000/(1+367200000/x**2))**0.5"", ""core_eq_e"": ""(1+0.017061/(1-0.043855/x**2)+3.1976/(1-0.022642/x**2)-57269000/(1-74226000/x**2))**0.5"", ""core_chi2"": ""AlN"", ""h_core"": 350.0, ""w_core"": 700.0}",3,TE00,S,0.8623717298707408,2.0304341785754114,2.0172603248138956,2.044128073926543,450.0,321.0001162643969,1243.868137685976,0.17495004752590498,False,nan,"[{""name"": ""substrate:Al2O3"", ""extent"": ""bulk"", ""n_region_sh"": 1.8714407356960066, ""allowed"": false, ""angle_deg"": NaN}, {""name"": ""topclad:SiO2"", ""extent"": ""bulk"", ""n_region_sh"": 1.524160825947718, ""allowed"": false, ""angle_deg"": NaN}]",runs\trial_grid_pumps\exports\00ba18d567d4_pump3.npz
00ba18d567d4,ridge,"{""sidewall_angle"": 5.0, ""substrate_height"": 1000.0, ""topclad_height"": 800.0, ""substrate_material"": ""Al2O3"", ""topclad_material"": ""SiO2"", ""core_eq_o"": ""(1+2.8032/(1-0.015287/x**2)+0.36335/(1-0.036095/x**2)-33508000/(1+367200000/x**2))**0.5"", ""core_eq_e"": ""(1+0.017061/(1-0.043855/x**2)+3.1976/(1-0.022642/x**2)-57269000/(1-74226000/x**2))**0.5"", ""core_chi2"": ""AlN"", ""h_core"": 350.0, ""w_core"": 700.0}",4,TE10,A,0.9953787233962703,1.9579047229544895,1.9385977378848347,1.9780168280251391,450.0,1281.2565888974739,1365.9212969013577,0.18173381046348686,False,nan,"[{""name"": ""substrate:Al2O3"", ""extent"": ""bulk"", ""n_region_sh"": 1.8714407356960066, ""allowed"": false, ""angle_deg"": NaN}, {""name"": ""topclad:SiO2"", ""extent"": ""bulk"", ""n_region_sh"": 1.524160825947718, ""allowed"": false, ""angle_deg"": NaN}]",runs\trial_grid_pumps\exports\00ba18d567d4_pump4.npz
7dda556f8dbe,ridge,"{""sidewall_angle"": 5.0, ""substrate_height"": 1000.0, ""topclad_height"": 800.0, ""substrate_material"": ""Al2O3"", ""topclad_material"": ""SiO2"", ""core_eq_o"": ""(1+2.8032/(1-0.015287/x**2)+0.36335/(1-0.036095/x**2)-33508000/(1+367200000/x**2))**0.5"", ""core_eq_e"": ""(1+0.017061/(1-0.043855/x**2)+3.1976/(1-0.022642/x**2)-57269000/(1-74226000/x**2))**0.5"", ""core_chi2"": ""AlN"", ""h_core"": 350.0, ""w_core"": 800.0}",0,TM00,A,0.0006123538173367439,2.0966512430887474,2.08425994387844,2.1104542765407333,450.0,122.46791216924134,1114.9496365689467,0.1859456102113378,False,nan,"[{""name"": ""substrate:Al2O3"", ""extent"": ""bulk"", ""n_region_sh"": 1.8714407356960066, ""allowed"": false, ""angle_deg"": NaN}, {""name"": ""topclad:SiO2"", ""extent"": ""bulk"", ""n_region_sh"": 1.524160825947718, ""allowed"": false, ""angle_deg"": NaN}]",runs\trial_grid_pumps\exports\7dda556f8dbe_pump0.npz
7dda556f8dbe,ridge,"{""sidewall_angle"": 5.0, ""substrate_height"": 1000.0, ""topclad_height"": 800.0, ""substrate_material"": ""Al2O3"", ""topclad_material"": ""SiO2"", ""core_eq_o"": ""(1+2.8032/(1-0.015287/x**2)+0.36335/(1-0.036095/x**2)-33508000/(1+367200000/x**2))**0.5"", ""core_eq_e"": ""(1+0.017061/(1-0.043855/x**2)+3.1976/(1-0.022642/x**2)-57269000/(1-74226000/x**2))**0.5"", ""core_chi2"": ""AlN"", ""h_core"": 350.0, ""w_core"": 800.0}",1,TM10,S,0.004104074398678732,2.0474605072928114,2.0308884426886684,2.0653284295383263,450.0,499.10901595754655,1135.9893987022376,0.188711377290314,False,nan,"[{""name"": ""substrate:Al2O3"", ""extent"": ""bulk"", ""n_region_sh"": 1.8714407356960066, ""allowed"": false, ""angle_deg"": NaN}, {""name"": ""topclad:SiO2"", ""extent"": ""bulk"", ""n_region_sh"": 1.524160825947718, ""allowed"": false, ""angle_deg"": NaN}]",runs\trial_grid_pumps\exports\7dda556f8dbe_pump1.npz
7dda556f8dbe,ridge,"{""sidewall_angle"": 5.0, ""substrate_height"": 1000.0, ""topclad_height"": 800.0, ""substrate_material"": ""Al2O3"", ""topclad_material"": ""SiO2"", ""core_eq_o"": ""(1+2.8032/(1-0.015287/x**2)+0.36335/(1-0.036095/x**2)-33508000/(1+367200000/x**2))**0.5"", ""core_eq_e"": ""(1+0.017061/(1-0.043855/x**2)+3.1976/(1-0.022642/x**2)-57269000/(1-74226000/x**2))**0.5"", ""core_chi2"": ""AlN"", ""h_core"": 350.0, ""w_core"": 800.0}",2,TM20,A,0.013706432808707758,1.9638281240448403,1.9400517885282638,1.9886651249044056,450.0,1243.638110150508,1197.251654507394,0.1947872287814156,False,nan,"[{""name"": ""substrate:Al2O3"", ""extent"": ""bulk"", ""n_region_sh"": 1.8714407356960066, ""allowed"": false, ""angle_deg"": NaN}, {""name"": ""topclad:SiO2"", ""extent"": ""bulk"", ""n_region_sh"": 1.524160825947718, ""allowed"": false, ""angle_deg"": NaN}]",runs\trial_grid_pumps\exports\7dda556f8dbe_pump2.npz
7dda556f8dbe,ridge,"{""sidewall_angle"": 5.0, ""substrate_height"": 1000.0, ""topclad_height"": 800.0, ""substrate_material"": ""Al2O3"", ""topclad_material"": ""SiO2"", ""core_eq_o"": ""(1+2.8032/(1-0.015287/x**2)+0.36335/(1-0.036095/x**2)-33508000/(1+367200000/x**2))**0.5"", ""core_eq_e"": ""(1+0.017061/(1-0.043855/x**2)+3.1976/(1-0.022642/x**2)-57269000/(1-74226000/x**2))**0.5"", ""core_chi2"": ""AlN"", ""h_core"": 350.0, ""w_core"": 800.0}",3,TE00,S,0.9986498450052019,2.0356761316189234,2.023111987957608,2.0492327070752063,450.0,203.80725468792033,1299.8872357433831,0.17885596676946017,False,nan,"[{""name"": ""substrate:Al2O3"", ""extent"": ""bulk"", ""n_region_sh"": 1.8714407356960066, ""allowed"": false, ""angle_deg"": NaN}, {""name"": ""topclad:SiO2"", ""extent"": ""bulk"", ""n_region_sh"": 1.524160825947718, ""allowed"": false, ""angle_deg"": NaN}]",runs\trial_grid_pumps\exports\7dda556f8dbe_pump3.npz
7dda556f8dbe,ridge,"{""sidewall_angle"": 5.0, ""substrate_height"": 1000.0, ""topclad_height"": 800.0, ""substrate_material"": ""Al2O3"", ""topclad_material"": ""SiO2"", ""core_eq_o"": ""(1+2.8032/(1-0.015287/x**2)+0.36335/(1-0.036095/x**2)-33508000/(1+367200000/x**2))**0.5"", ""core_eq_e"": ""(1+0.017061/(1-0.043855/x**2)+3.1976/(1-0.022642/x**2)-57269000/(1-74226000/x**2))**0.5"", ""core_chi2"": ""AlN"", ""h_core"": 350.0, ""w_core"": 800.0}",4,TE10,A,0.9930496299854913,1.9800303509400026,1.9625261033425838,1.9983880671444807,450.0,846.312528866301,1329.8344404121615,0.1981578653454475,False,nan,"[{""name"": ""substrate:Al2O3"", ""extent"": ""bulk"", ""n_region_sh"": 1.8714407356960066, ""allowed"": false, ""angle_deg"": NaN}, {""name"": ""topclad:SiO2"", ""extent"": ""bulk"", ""n_region_sh"": 1.524160825947718, ""allowed"": false, ""angle_deg"": NaN}]",runs\trial_grid_pumps\exports\7dda556f8dbe_pump4.npz
9cc0f83b393e,ridge,"{""sidewall_angle"": 5.0, ""substrate_height"": 1000.0, ""topclad_height"": 800.0, ""substrate_material"": ""Al2O3"", ""topclad_material"": ""SiO2"", ""core_eq_o"": ""(1+2.8032/(1-0.015287/x**2)+0.36335/(1-0.036095/x**2)-33508000/(1+367200000/x**2))**0.5"", ""core_eq_e"": ""(1+0.017061/(1-0.043855/x**2)+3.1976/(1-0.022642/x**2)-57269000/(1-74226000/x**2))**0.5"", ""core_chi2"": ""AlN"", ""h_core"": 400.0, ""w_core"": 300.0}",0,TM00,A,0.0013795111177277552,2.032916340791598,2.016515028821931,2.0507480013692425,450.0,1819.7851468452159,934.0590867090118,0.08728804806948041,False,nan,"[{""name"": ""substrate:Al2O3"", ""extent"": ""bulk"", ""n_region_sh"": 1.8714407356960066, ""allowed"": false, ""angle_deg"": NaN}, {""name"": ""topclad:SiO2"", ""extent"": ""bulk"", ""n_region_sh"": 1.524160825947718, ""allowed"": false, ""angle_deg"": NaN}]",runs\trial_grid_pumps\exports\9cc0f83b393e_pump0.npz
9cc0f83b393e,ridge,"{""sidewall_angle"": 5.0, ""substrate_height"": 1000.0, ""topclad_height"": 800.0, ""substrate_material"": ""Al2O3"", ""topclad_material"": ""SiO2"", ""core_eq_o"": ""(1+2.8032/(1-0.015287/x**2)+0.36335/(1-0.036095/x**2)-33508000/(1+367200000/x**2))**0.5"", ""core_eq_e"": ""(1+0.017061/(1-0.043855/x**2)+3.1976/(1-0.022642/x**2)-57269000/(1-74226000/x**2))**0.5"", ""core_chi2"": ""AlN"", ""h_core"": 400.0, ""w_core"": 300.0}",1,TM01,A,0.007097322581237137,1.8594588873382532,1.8324305878226135,1.888564298586309,450.0,2079.7496997956105,2219.658348164476,0.12991152323286353,True,6.486993848231675,"[{""name"": ""substrate:Al2O3"", ""extent"": ""bulk"", ""n_region_sh"": 1.8714407356960066, ""allowed"": true, ""angle_deg"": 6.486993848231675}, {""name"": ""topclad:SiO2"", ""extent"": ""bulk"", ""n_region_sh"": 1.524160825947718, ""allowed"": false, ""angle_deg"": NaN}]",runs\trial_grid_pumps\exports\9cc0f83b393e_pump1.npz
9cc0f83b393e,ridge,"{""sidewall_angle"": 5.0, ""substrate_height"": 1000.0, ""topclad_height"": 800.0, ""substrate_material"": ""Al2O3"", ""topclad_material"": ""SiO2"", ""core_eq_o"": ""(1+2.8032/(1-0.015287/x**2)+0.36335/(1-0.036095/x**2)-33508000/(1+367200000/x**2))**0.5"", ""core_eq_e"": ""(1+0.017061/(1-0.043855/x**2)+3.1976/(1-0.022642/x**2)-57269000/(1-74226000/x**2))**0.5"", ""core_chi2"": ""AlN"", ""h_core"": 400.0, ""w_core"": 300.0}",2,TM22,A,0.000104699190221458,1.762625921608902,1.7584387836056108,1.7669691814287019,450.0,24.484768317746042,4.924774916801436,0.9735807880692289,True,19.634540283010747,"[{""name"": ""substrate:Al2O3"", ""extent"": ""bulk"", ""n_region_sh"": 1.8714407356960066, ""allowed"": true, ""angle_deg"": 19.634540283010747}, {""name"": ""topclad:SiO2"", ""extent"": ""bulk"", ""n_region_sh"": 1.524160825947718, ""allowed"": false, ""angle_deg"": NaN}]",runs\trial_grid_pumps\exports\9cc0f83b393e_pump2.npz
9cc0f83b393e,ridge,"{""sidewall_angle"": 5.0, ""substrate_height"": 1000.0, ""topclad_height"": 800.0, ""substrate_material"": ""Al2O3"", ""topclad_material"": ""SiO2"", ""core_eq_o"": ""(1+2.8032/(1-0.015287/x**2)+0.36335/(1-0.036095/x**2)-33508000/(1+367200000/x**2))**0.5"", ""core_eq_e"": ""(1+0.017061/(1-0.043855/x**2)+3.1976/(1-0.022642/x**2)-57269000/(1-74226000/x**2))**0.5"", ""core_chi2"": ""AlN"", ""h_core"": 400.0, ""w_core"": 300.0}",3,TE00,S,0.9960351680262736,1.941868377186688,1.922663163192082,1.9620906513441616,450.0,3642.2948892615495,1274.3035452384333,0.0987387924367492,False,nan,"[{""name"": ""substrate:Al2O3"", ""extent"": ""bulk"", ""n_region_sh"": 1.8714407356960066, ""allowed"": false, ""angle_deg"": NaN}, {""name"": ""topclad:SiO2"", ""extent"": ""bulk"", ""n_region_sh"": 1.524160825947718, ""allowed"": false, ""angle_deg"": NaN}]",runs\trial_grid_pumps\exports\9cc0f83b393e_pump3.npz
9cc0f83b393e,ridge,"{""sidewall_angle"": 5.0, ""substrate_height"": 1000.0, ""topclad_height"": 800.0, ""substrate_material"": ""Al2O3"", ""topclad_material"": ""SiO2"", ""core_eq_o"": ""(1+2.8032/(1-0.015287/x**2)+0.36335/(1-0.036095/x**2)-33508000/(1+367200000/x**2))**0.5"", ""core_eq_e"": ""(1+0.017061/(1-0.043855/x**2)+3.1976/(1-0.022642/x**2)-57269000/(1-74226000/x**2))**0.5"", ""core_chi2"": ""AlN"", ""h_core"": 400.0, ""w_core"": 300.0}",4,TE01,S,0.9345502549012665,1.8050168208827995,1.7810848206571657,1.832366449733748,450.0,3774.3595602299847,2139.648145298199,0.13656796146519304,True,15.311044464742327,"[{""name"": ""substrate:Al2O3"", ""extent"": ""bulk"", ""n_region_sh"": 1.8714407356960066, ""allowed"": true, ""angle_deg"": 15.311044464742327}, {""name"": ""topclad:SiO2"", ""extent"": ""bulk"", ""n_region_sh"": 1.524160825947718, ""allowed"": false, ""angle_deg"": NaN}]",runs\trial_grid_pumps\exports\9cc0f83b393e_pump4.npz
9b37ff52622b,ridge,"{""sidewall_angle"": 5.0, ""substrate_height"": 1000.0, ""topclad_height"": 800.0, ""substrate_material"": ""Al2O3"", ""topclad_material"": ""SiO2"", ""core_eq_o"": ""(1+2.8032/(1-0.015287/x**2)+0.36335/(1-0.036095/x**2)-33508000/(1+367200000/x**2))**0.5"", ""core_eq_e"": ""(1+0.017061/(1-0.043855/x**2)+3.1976/(1-0.022642/x**2)-57269000/(1-74226000/x**2))**0.5"", ""core_chi2"": ""AlN"", ""h_core"": 400.0, ""w_core"": 400.0}",0,TM00,A,0.001025386675560932,2.069894179388831,2.0555952521819187,2.08559003027148,450.0,844.6017320012238,869.2967397118418,0.10856871932076226,False,nan,"[{""name"": ""substrate:Al2O3"", ""extent"": ""bulk"", ""n_region_sh"": 1.8714407356960066, ""allowed"": false, ""angle_deg"": NaN}, {""name"": ""topclad:SiO2"", ""extent"": ""bulk"", ""n_region_sh"": 1.524160825947718, ""allowed"": false, ""angle_deg"": NaN}]",runs\trial_grid_pumps\exports\9b37ff52622b_pump0.npz
9b37ff52622b,ridge,"{""sidewall_angle"": 5.0, ""substrate_height"": 1000.0, ""topclad_height"": 800.0, ""substrate_material"": ""Al2O3"", ""topclad_material"": ""SiO2"", ""core_eq_o"": ""(1+2.8032/(1-0.015287/x**2)+0.36335/(1-0.036095/x**2)-33508000/(1+367200000/x**2))**0.5"", ""core_eq_e"": ""(1+0.017061/(1-0.043855/x**2)+3.1976/(1-0.022642/x**2)-57269000/(1-74226000/x**2))**0.5"", ""core_chi2"": ""AlN"", ""h_core"": 400.0, ""w_core"": 400.0}",1,TM01,A,0.006900041307349941,1.8969545458702488,1.8711018830644437,1.9244836255502926,450.0,1006.7603752191618,2268.956244639446,0.15640083677657549,False,nan,"[{""name"": ""substrate:Al2O3"", ""extent"": ""bulk"", ""n_region_sh"": 1.8714407356960066, ""allowed"": false, ""angle_deg"": NaN}, {""name"": ""topclad:SiO2"", ""extent"": ""bulk"", ""n_region_sh"": 1.524160825947718, ""allowed"": false, ""angle_deg"": NaN}]",runs\trial_grid_pumps\exports\9b37ff52622b_pump1.npz
9b37ff52622b,ridge,"{""sidewall_angle"": 5.0, ""substrate_height"": 1000.0, ""topclad_height"": 800.0, ""substrate_material"": ""Al2O3"", ""topclad_material"": ""SiO2"", ""core_eq_o"": ""(1+2.8032/(1-0.015287/x**2)+0.36335/(1-0.036095/x**2)-33508000/(1+367200000/x**2))**0.5"", ""core_eq_e"": ""(1+0.017061/(1-0.043855/x**2)+3.1976/(1-0.022642/x**2)-57269000/(1-74226000/x**2))**0.5"", ""core_chi2"": ""AlN"", ""h_core"": 400.0, ""w_core"": 400.0}",2,TM10,S,0.04206899901649252,1.8953534301304285,1.8687054018454112,1.9234145634297068,450.0,3896.8077599699814,1097.6078245290412,0.1232589343584152,False,nan,"[{""name"": ""substrate:Al2O3"", ""extent"": ""bulk"", ""n_region_sh"": 1.8714407356960066, ""allowed"": false, ""angle_deg"": NaN}, {""name"": ""topclad:SiO2"", ""extent"": ""bulk"", ""n_region_sh"": 1.524160825947718, ""allowed"": false, ""angle_deg"": NaN}]",runs\trial_grid_pumps\exports\9b37ff52622b_pump2.npz
9b37ff52622b,ridge,"{""sidewall_angle"": 5.0, ""substrate_height"": 1000.0, ""topclad_height"": 800.0, ""substrate_material"": ""Al2O3"", ""topclad_material"": ""SiO2"", ""core_eq_o"": ""(1+2.8032/(1-0.015287/x**2)+0.36335/(1-0.036095/x**2)-33508000/(1+367200000/x**2))**0.5"", ""core_eq_e"": ""(1+0.017061/(1-0.043855/x**2)+3.1976/(1-0.022642/x**2)-57269000/(1-74226000/x**2))**0.5"", ""core_chi2"": ""AlN"", ""h_core"": 400.0, ""w_core"": 400.0}",3,TE00,S,0.9978444682063129,1.9930625010822305,1.9770019937181604,2.0100543178273065,450.0,1570.1205916853773,1103.4820914415795,0.11266000209390213,False,nan,"[{""name"": ""substrate:Al2O3"", ""extent"": ""bulk"", ""n_region_sh"": 1.8714407356960066, ""allowed"": false, ""angle_deg"": NaN}, {""name"": ""topclad:SiO2"", ""extent"": ""bulk"", ""n_region_sh"": 1.524160825947718, ""allowed"": false, ""angle_deg"": NaN}]",runs\trial_grid_pumps\exports\9b37ff52622b_pump3.npz
9b37ff52622b,ridge,"{""sidewall_angle"": 5.0, ""substrate_height"": 1000.0, ""topclad_height"": 800.0, ""substrate_material"": ""Al2O3"", ""topclad_material"": ""SiO2"", ""core_eq_o"": ""(1+2.8032/(1-0.015287/x**2)+0.36335/(1-0.036095/x**2)-33508000/(1+367200000/x**2))**0.5"", ""core_eq_e"": ""(1+0.017061/(1-0.043855/x**2)+3.1976/(1-0.022642/x**2)-57269000/(1-74226000/x**2))**0.5"", ""core_chi2"": ""AlN"", ""h_core"": 400.0, ""w_core"": 400.0}",4,TE01,S,0.9673615348318217,1.8514067949439839,1.8266285405003606,1.8775349778417516,450.0,1867.3392397497541,2347.531021957628,0.14092044995824227,True,8.391140177769103,"[{""name"": ""substrate:Al2O3"", ""extent"": ""bulk"", ""n_region_sh"": 1.8714407356960066, ""allowed"": true, ""angle_deg"": 8.391140177769103}, {""name"": ""topclad:SiO2"", ""extent"": ""bulk"", ""n_region_sh"": 1.524160825947718, ""allowed"": false, ""angle_deg"": NaN}]",runs\trial_grid_pumps\exports\9b37ff52622b_pump4.npz
71b2c9782f1d,ridge,"{""sidewall_angle"": 5.0, ""substrate_height"": 1000.0, ""topclad_height"": 800.0, ""substrate_material"": ""Al2O3"", ""topclad_material"": ""SiO2"", ""core_eq_o"": ""(1+2.8032/(1-0.015287/x**2)+0.36335/(1-0.036095/x**2)-33508000/(1+367200000/x**2))**0.5"", ""core_eq_e"": ""(1+0.017061/(1-0.043855/x**2)+3.1976/(1-0.022642/x**2)-57269000/(1-74226000/x**2))**0.5"", ""core_chi2"": ""AlN"", ""h_core"": 400.0, ""w_core"": 500.0}",0,TM00,A,0.0008138323059157858,2.0888649744459675,2.0758100217764084,2.1033176819129364,450.0,458.9501633206934,842.904283550173,0.1308139175571506,False,nan,"[{""name"": ""substrate:Al2O3"", ""extent"": ""bulk"", ""n_region_sh"": 1.8714407356960066, ""allowed"": false, ""angle_deg"": NaN}, {""name"": ""topclad:SiO2"", ""extent"": ""bulk"", ""n_region_sh"": 1.524160825947718, ""allowed"": false, ""angle_deg"": NaN}]",runs\trial_grid_pumps\exports\71b2c9782f1d_pump0.npz
71b2c9782f1d,ridge,"{""sidewall_angle"": 5.0, ""substrate_height"": 1000.0, ""topclad_height"": 800.0, ""substrate_material"": ""Al2O3"", ""topclad_material"": ""SiO2"", ""core_eq_o"": ""(1+2.8032/(1-0.015287/x**2)+0.36335/(1-0.036095/x**2)-33508000/(1+367200000/x**2))**0.5"", ""core_eq_e"": ""(1+0.017061/(1-0.043855/x**2)+3.1976/(1-0.022642/x**2)-57269000/(1-74226000/x**2))**0.5"", ""core_chi2"": ""AlN"", ""h_core"": 400.0, ""w_core"": 500.0}",1,TM10,S,0.009082758985565246,1.9707475819417886,1.9484813897820814,1.9942488574962978,450.0,2072.7187080487333,951.0731016465805,0.13809915700389527,False,nan,"[{""name"": ""substrate:Al2O3"", ""extent"": ""bulk"", ""n_region_sh"": 1.8714407356960066, ""allowed"": false, ""angle_deg"": NaN}, {""name"": ""topclad:SiO2"", ""extent"": ""bulk"", ""n_region_sh"": 1.524160825947718, ""allowed"": false, ""angle_deg"": NaN}]",runs\trial_grid_pumps\exports\71b2c9782f1d_pump1.npz
71b2c9782f1d,ridge,"{""sidewall_angle"": 5.0, ""substrate_height"": 1000.0, ""topclad_height"": 800.0, ""substrate_material"": ""Al2O3"", ""topclad_material"": ""SiO2"", ""core_eq_o"": ""(1+2.8032/(1-0.015287/x**2)+0.36335/(1-0.036095/x**2)-33508000/(1+367200000/x**2))**0.5"", ""core_eq_e"": ""(1+0.017061/(1-0.043855/x**2)+3.1976/(1-0.022642/x**2)-57269000/(1-74226000/x**2))**0.5"", ""core_chi2"": ""AlN"", ""h_core"": 400.0, ""w_core"": 500.0}",2,TM01,A,0.014371945157642485,1.9166882429508294,1.891919957385038,1.9430399095400321,450.0,594.0409338868657,2273.935822622629,0.18750086429765414,False,nan,"[{""name"": ""substrate:Al2O3"", ""extent"": ""bulk"", ""n_region_sh"": 1.8714407356960066, ""allowed"": false, ""angle_deg"": NaN}, {""name"": ""topclad:SiO2"", ""extent"": ""bulk"", ""n_region_sh"": 1.524160825947718, ""allowed"": false, ""angle_deg"": NaN}]",runs\trial_grid_pumps\exports\71b2c9782f1d_pump2.npz
71b2c9782f1d,ridge,"{""sidewall_angle"": 5.0, ""substrate_height"": 1000.0, ""topclad_height"": 800.0, ""substrate_material"": ""Al2O3"", ""topclad_material"": ""SiO2"", ""core_eq_o"": ""(1+2.8032/(1-0.015287/x**2)+0.36335/(1-0.036095/x**2)-33508000/(1+367200000/x**2))**0.5"", ""core_eq_e"": ""(1+0.017061/(1-0.043855/x**2)+3.1976/(1-0.022642/x**2)-57269000/(1-74226000/x**2))**0.5"", ""core_chi2"": ""AlN"", ""h_core"": 400.0, ""w_core"": 500.0}",3,TE00,S,0.9982658773752698,2.018101092998085,2.0038619199301015,2.0332818126066425,450.0,807.1317415638376,1039.304319492841,0.13128404329060103,False,nan,"[{""name"": ""substrate:Al2O3"", ""extent"": ""bulk"", ""n_region_sh"": 1.8714407356960066, ""allowed"": false, ""angle_deg"": NaN}, {""name"": ""topclad:SiO2"", ""extent"": ""bulk"", ""n_region_sh"": 1.524160825947718, ""allowed"": false, ""angle_deg"": NaN}]",runs\trial_grid_pumps\exports\71b2c9782f1d_pump3.npz
71b2c9782f1d,ridge,"{""sidewall_angle"": 5.0, ""substrate_height"": 1000.0, ""topclad_height"": 800.0, ""substrate_material"": ""Al2O3"", ""topclad_material"": ""SiO2"", ""core_eq_o"": ""(1+2.8032/(1-0.015287/x**2)+0.36335/(1-0.036095/x**2)-33508000/(1+367200000/x**2))**0.5"", ""core_eq_e"": ""(1+0.017061/(1-0.043855/x**2)+3.1976/(1-0.022642/x**2)-57269000/(1-74226000/x**2))**0.5"", ""core_chi2"": ""AlN"", ""h_core"": 400.0, ""w_core"": 500.0}",4,TE01,S,0.9953076678497923,1.87799572903285,1.8548732207171612,1.9022960771576451,450.0,937.1623090630352,2429.6905711432014,0.15311779967708503,False,nan,"[{""name"": ""substrate:Al2O3"", ""extent"": ""bulk"", ""n_region_sh"": 1.8714407356960066, ""allowed"": false, ""angle_deg"": NaN}, {""name"": ""topclad:SiO2"", ""extent"": ""bulk"", ""n_region_sh"": 1.524160825947718, ""allowed"": false, ""angle_deg"": NaN}]",runs\trial_grid_pumps\exports\71b2c9782f1d_pump4.npz
93b2e9cb174c,ridge,"{""sidewall_angle"": 5.0, ""substrate_height"": 1000.0, ""topclad_height"": 800.0, ""substrate_material"": ""Al2O3"", ""topclad_material"": ""SiO2"", ""core_eq_o"": ""(1+2.8032/(1-0.015287/x**2)+0.36335/(1-0.036095/x**2)-33508000/(1+367200000/x**2))**0.5"", ""core_eq_e"": ""(1+0.017061/(1-0.043855/x**2)+3.1976/(1-0.022642/x**2)-57269000/(1-74226000/x**2))**0.5"", ""core_chi2"": ""AlN"", ""h_core"": 400.0, ""w_core"": 600.0}",0,TM00,A,0.000666173122761852,2.0998378453307827,2.0875617248976255,2.113519160044301,450.0,277.9800896104521,830.1561898947158,0.15352686817895458,False,nan,"[{""name"": ""substrate:Al2O3"", ""extent"": ""bulk"", ""n_region_sh"": 1.8714407356960066, ""allowed"": false, ""angle_deg"": NaN}, {""name"": ""topclad:SiO2"", ""extent"": ""bulk"", ""n_region_sh"": 1.524160825947718, ""allowed"": false, ""angle_deg"": NaN}]",runs\trial_grid_pumps\exports\93b2e9cb174c_pump0.npz
93b2e9cb174c,ridge,"{""sidewall_angle"": 5.0, ""substrate_height"": 1000.0, ""topclad_height"": 800.0, ""substrate_material"": ""Al2O3"", ""topclad_material"": ""SiO2"", ""core_eq_o"": ""(1+2.8032/(1-0.015287/x**2)+0.36335/(1-0.036095/x**2)-33508000/(1+367200000/x**2))**0.5"", ""core_eq_e"": ""(1+0.017061/(1-0.043855/x**2)+3.1976/(1-0.022642/x**2)-57269000/(1-74226000/x**2))**0.5"", ""core_chi2"": ""AlN"", ""h_core"": 400.0, ""w_core"": 600.0}",1,TM10,S,0.006938971282870902,2.0151390869496897,1.9959779213657938,2.0355327109555588,450.0,1213.7574701451376,898.0050116105049,0.1586991493306494,False,nan,"[{""name"": ""substrate:Al2O3"", ""extent"": ""bulk"", ""n_region_sh"": 1.8714407356960066, ""allowed"": false, ""angle_deg"": NaN}, {""name"": ""topclad:SiO2"", ""extent"": ""bulk"", ""n_region_sh"": 1.524160825947718, ""allowed"": false, ""angle_deg"": NaN}]",runs\trial_grid_pumps\exports\93b2e9cb174c_pump1.npz
93b2e9cb174c,ridge,"{""sidewall_angle"": 5.0, ""substrate_height"": 1000.0, ""topclad_height"": 800.0, ""substrate_material"": ""Al2O3"", ""topclad_material"": ""SiO2"", ""core_eq_o"": ""(1+2.8032/(1-0.015287/x**2)+0.36335/(1-0.036095/x**2)-33508000/(1+367200000/x**2))**0.5"", ""core_eq_e"": ""(1+0.017061/(1-0.043855/x**2)+3.1976/(1-0.022642/x**2)-57269000/(1-74226000/x**2))**0.5"", ""core_chi2"": ""AlN"", ""h_core"": 400.0, ""w_core"": 600.0}",2,TM01,A,0.17626412233571162,1.926366972153981,1.9020534216439302,1.9518146998229073,450.0,644.0172216063352,2079.421593165222,0.23383117730977826,False,nan,"[{""name"": ""substrate:Al2O3"", ""extent"": ""bulk"", ""n_region_sh"": 1.8714407356960066, ""allowed"": false, ""angle_deg"": NaN}, {""name"": ""topclad:SiO2"", ""extent"": ""bulk"", ""n_region_sh"": 1.524160825947718, ""allowed"": false, ""angle_deg"": NaN}]",runs\trial_grid_pumps\exports\93b2e9cb174c_pump2.npz
93b2e9cb174c,ridge,"{""sidewall_angle"": 5.0, ""substrate_height"": 1000.0, ""topclad_height"": 800.0, ""substrate_material"": ""Al2O3"", ""topclad_material"": ""SiO2"", ""core_eq_o"": ""(1+2.8032/(1-0.015287/x**2)+0.36335/(1-0.036095/x**2)-33508000/(1+367200000/x**2))**0.5"", ""core_eq_e"": ""(1+0.017061/(1-0.043855/x**2)+3.1976/(1-0.022642/x**2)-57269000/(1-74226000/x**2))**0.5"", ""core_chi2"": ""AlN"", ""h_core"": 400.0, ""w_core"": 600.0}",3,TE00,S,0.9966600654324149,2.03204392790595,2.0188899055225784,2.046165407826907,450.0,467.92499794645454,1008.2767888546648,0.15206357413834898,False,nan,"[{""name"": ""substrate:Al2O3"", ""extent"": ""bulk"", ""n_region_sh"": 1.8714407356960066, ""allowed"": false, ""angle_deg"": NaN}, {""name"": ""topclad:SiO2"", ""extent"": ""bulk"", ""n_region_sh"": 1.524160825947718, ""allowed"": false, ""angle_deg"": NaN}]",runs\trial_grid_pumps\exports\93b2e9cb174c_pump3.npz
93b2e9cb174c,ridge,"{""sidewall_angle"": 5.0, ""substrate_height"": 1000.0, ""topclad_height"": 800.0, ""substrate_material"": ""Al2O3"", ""topclad_material"": ""SiO2"", ""core_eq_o"": ""(1+2.8032/(1-0.015287/x**2)+0.36335/(1-0.036095/x**2)-33508000/(1+367200000/x**2))**0.5"", ""core_eq_e"": ""(1+0.017061/(1-0.043855/x**2)+3.1976/(1-0.022642/x**2)-57269000/(1-74226000/x**2))**0.5"", ""core_chi2"": ""AlN"", ""h_core"": 400.0, ""w_core"": 600.0}",4,TE10,A,0.8426194096856928,1.9346109601659558,1.913109939745419,1.9572225139667168,450.0,1770.3451246315738,1333.484061699744,0.21224326416871056,False,nan,"[{""name"": ""substrate:Al2O3"", ""extent"": ""bulk"", ""n_region_sh"": 1.8714407356960066, ""allowed"": false, ""angle_deg"": NaN}, {""name"": ""topclad:SiO2"", ""extent"": ""bulk"", ""n_region_sh"": 1.524160825947718, ""allowed"": false, ""angle_deg"": NaN}]",runs\trial_grid_pumps\exports\93b2e9cb174c_pump4.npz
8719e9d5c176,ridge,"{""sidewall_angle"": 5.0, ""substrate_height"": 1000.0, ""topclad_height"": 800.0, ""substrate_material"": ""Al2O3"", ""topclad_material"": ""SiO2"", ""core_eq_o"": ""(1+2.8032/(1-0.015287/x**2)+0.36335/(1-0.036095/x**2)-33508000/(1+367200000/x**2))**0.5"", ""core_eq_e"": ""(1+0.017061/(1-0.043855/x**2)+3.1976/(1-0.022642/x**2)-57269000/(1-74226000/x**2))**0.5"", ""core_chi2"": ""AlN"", ""h_core"": 400.0, ""w_core"": 700.0}",0,TM00,A,0.0005559092882221083,2.106743352169857,2.094983014478285,2.1199167353249937,450.0,181.76179801191415,823.2707899219744,0.1764442063173002,False,nan,"[{""name"": ""substrate:Al2O3"", ""extent"": ""bulk"", ""n_region_sh"": 1.8714407356960066, ""allowed"": false, ""angle_deg"": NaN}, {""name"": ""topclad:SiO2"", ""extent"": ""bulk"", ""n_region_sh"": 1.524160825947718, ""allowed"": false, ""angle_deg"": NaN}]",runs\trial_grid_pumps\exports\8719e9d5c176_pump0.npz
8719e9d5c176,ridge,"{""sidewall_angle"": 5.0, ""substrate_height"": 1000.0, ""topclad_height"": 800.0, ""substrate_material"": ""Al2O3"", ""topclad_material"": ""SiO2"", ""core_eq_o"": ""(1+2.8032/(1-0.015287/x**2)+0.36335/(1-0.036095/x**2)-33508000/(1+367200000/x**2))**0.5"", ""core_eq_e"": ""(1+0.017061/(1-0.043855/x**2)+3.1976/(1-0.022642/x**2)-57269000/(1-74226000/x**2))**0.5"", ""core_chi2"": ""AlN"", ""h_core"": 400.0, ""w_core"": 700.0}",1,TM10,S,0.04517302475888342,2.043305370764312,2.028264495603989,2.0615533715165446,450.0,741.8547242139085,850.338120099381,0.18468306530959835,False,nan,"[{""name"": ""substrate:Al2O3"", ""extent"": ""bulk"", ""n_region_sh"": 1.8714407356960066, ""allowed"": false, ""angle_deg"": NaN}, {""name"": ""topclad:SiO2"", ""extent"": ""bulk"", ""n_region_sh"": 1.524160825947718, ""allowed"": false, ""angle_deg"": NaN}]",runs\trial_grid_pumps\exports\8719e9d5c176_pump1.npz
8719e9d5c176,ridge,"{""sidewall_angle"": 5.0, ""substrate_height"": 1000.0, ""topclad_height"": 800.0, ""substrate_material"": ""Al2O3"", ""topclad_material"": ""SiO2"", ""core_eq_o"": ""(1+2.8032/(1-0.015287/x**2)+0.36335/(1-0.036095/x**2)-33508000/(1+367200000/x**2))**0.5"", ""core_eq_e"": ""(1+0.017061/(1-0.043855/x**2)+3.1976/(1-0.022642/x**2)-57269000/(1-74226000/x**2))**0.5"", ""core_chi2"": ""AlN"", ""h_core"": 400.0, ""w_core"": 700.0}",2,TM21,A,0.015156160916740777,1.9375519082251116,1.9130376909394895,1.9637343839682126,450.0,1119.3642924227076,1584.8639945443804,0.19204599287115717,False,nan,"[{""name"": ""substrate:Al2O3"", ""extent"": ""bulk"", ""n_region_sh"": 1.8714407356960066, ""allowed"": false, ""angle_deg"": NaN}, {""name"": ""topclad:SiO2"", ""extent"": ""bulk"", ""n_region_sh"": 1.524160825947718, ""allowed"": false, ""angle_deg"": NaN}]",runs\trial_grid_pumps\exports\8719e9d5c176_pump2.npz
8719e9d5c176,ridge,"{""sidewall_angle"": 5.0, ""substrate_height"": 1000.0, ""topclad_height"": 800.0, ""substrate_material"": ""Al2O3"", ""topclad_material"": ""SiO2"", ""core_eq_o"": ""(1+2.8032/(1-0.015287/x**2)+0.36335/(1-0.036095/x**2)-33508000/(1+367200000/x**2))**0.5"", ""core_eq_e"": ""(1+0.017061/(1-0.043855/x**2)+3.1976/(1-0.022642/x**2)-57269000/(1-74226000/x**2))**0.5"", ""core_chi2"": ""AlN"", ""h_core"": 400.0, ""w_core"": 700.0}",3,TE00,S,0.9574106289085726,2.040391379961661,2.025906348804468,2.0539124811738407,450.0,319.3322640284716,1012.3672760532761,0.1780520347758229,False,nan,"[{""name"": ""substrate:Al2O3"", ""extent"": ""bulk"", ""n_region_sh"": 1.8714407356960066, ""allowed"": false, ""angle_deg"": NaN}, {""name"": ""topclad:SiO2"", ""extent"": ""bulk"", ""n_region_sh"": 1.524160825947718, ""allowed"": false, ""angle_deg"": NaN}]",runs\trial_grid_pumps\exports\8719e9d5c176_pump3.npz
8719e9d5c176,ridge,"{""sidewall_angle"": 5.0, ""substrate_height"": 1000.0, ""topclad_height"": 800.0, ""substrate_material"": ""Al2O3"", ""topclad_material"": ""SiO2"", ""core_eq_o"": ""(1+2.8032/(1-0.015287/x**2)+0.36335/(1-0.036095/x**2)-33508000/(1+367200000/x**2))**0.5"", ""core_eq_e"": ""(1+0.017061/(1-0.043855/x**2)+3.1976/(1-0.022642/x**2)-57269000/(1-74226000/x**2))**0.5"", ""core_chi2"": ""AlN"", ""h_core"": 400.0, ""w_core"": 700.0}",4,TE10,A,0.9920804142222983,1.9676276945548938,1.9488123586076873,1.9872319016689228,450.0,1279.7383612422648,1076.217310166684,0.19895437103871125,False,nan,"[{""name"": ""substrate:Al2O3"", ""extent"": ""bulk"", ""n_region_sh"": 1.8714407356960066, ""allowed"": false, ""angle_deg"": NaN}, {""name"": ""topclad:SiO2"", ""extent"": ""bulk"", ""n_region_sh"": 1.524160825947718, ""allowed"": false, ""angle_deg"": NaN}]",runs\trial_grid_pumps\exports\8719e9d5c176_pump4.npz
e5520e5aabf0,ridge,"{""sidewall_angle"": 5.0, ""substrate_height"": 1000.0, ""topclad_height"": 800.0, ""substrate_material"": ""Al2O3"", ""topclad_material"": ""SiO2"", ""core_eq_o"": ""(1+2.8032/(1-0.015287/x**2)+0.36335/(1-0.036095/x**2)-33508000/(1+367200000/x**2))**0.5"", ""core_eq_e"": ""(1+0.017061/(1-0.043855/x**2)+3.1976/(1-0.022642/x**2)-57269000/(1-74226000/x**2))**0.5"", ""core_chi2"": ""AlN"", ""h_core"": 400.0, ""w_core"": 800.0}",0,TM00,A,0.00047012536965795496,2.111367362805457,2.0999649922570587,2.1241896516153074,450.0,125.90766426697404,819.2270303200287,0.199471759792817,False,nan,"[{""name"": ""substrate:Al2O3"", ""extent"": ""bulk"", ""n_region_sh"": 1.8714407356960066, ""allowed"": false, ""angle_deg"": NaN}, {""name"": ""topclad:SiO2"", ""extent"": ""bulk"", ""n_region_sh"": 1.524160825947718, ""allowed"": false, ""angle_deg"": NaN}]",runs\trial_grid_pumps\exports\e5520e5aabf0_pump0.npz
e5520e5aabf0,ridge,"{""sidewall_angle"": 5.0, ""substrate_height"": 1000.0, ""topclad_height"": 800.0, ""substrate_material"": ""Al2O3"", ""topclad_material"": ""SiO2"", ""core_eq_o"": ""(1+2.8032/(1-0.015287/x**2)+0.36335/(1-0.036095/x**2)-33508000/(1+367200000/x**2))**0.5"", ""core_eq_e"": ""(1+0.017061/(1-0.043855/x**2)+3.1976/(1-0.022642/x**2)-57269000/(1-74226000/x**2))**0.5"", ""core_chi2"": ""AlN"", ""h_core"": 400.0, ""w_core"": 800.0}",1,TM10,S,0.0029559441744409602,2.06192426442681,2.0463224727026175,2.0788240795107176,450.0,519.57640446918,844.6937687707455,0.20221730150021047,False,nan,"[{""name"": ""substrate:Al2O3"", ""extent"": ""bulk"", ""n_region_sh"": 1.8714407356960066, ""allowed"": false, ""angle_deg"": NaN}, {""name"": ""topclad:SiO2"", ""extent"": ""bulk"", ""n_region_sh"": 1.524160825947718, ""allowed"": false, ""angle_deg"": NaN}]",runs\trial_grid_pumps\exports\e5520e5aabf0_pump1.npz
e5520e5aabf0,ridge,"{""sidewall_angle"": 5.0, ""substrate_height"": 1000.0, ""topclad_height"": 800.0, ""substrate_material"": ""Al2O3"", ""topclad_material"": ""SiO2"", ""core_eq_o"": ""(1+2.8032/(1-0.015287/x**2)+0.36335/(1-0.036095/x**2)-33508000/(1+367200000/x**2))**0.5"", ""core_eq_e"": ""(1+0.017061/(1-0.043855/x**2)+3.1976/(1-0.022642/x**2)-57269000/(1-74226000/x**2))**0.5"", ""core_chi2"": ""AlN"", ""h_core"": 400.0, ""w_core"": 800.0}",2,TM20,A,0.016870450424713215,1.9779051495263376,1.955096861934865,2.0017465756083697,450.0,1294.6613614592632,915.36890283916,0.20896544786831922,False,nan,"[{""name"": ""substrate:Al2O3"", ""extent"": ""bulk"", ""n_region_sh"": 1.8714407356960066, ""allowed"": false, ""angle_deg"": NaN}, {""name"": ""topclad:SiO2"", ""extent"": ""bulk"", ""n_region_sh"": 1.524160825947718, ""allowed"": false, ""angle_deg"": NaN}]",runs\trial_grid_pumps\exports\e5520e5aabf0_pump2.npz
e5520e5aabf0,ridge,"{""sidewall_angle"": 5.0, ""substrate_height"": 1000.0, ""topclad_height"": 800.0, ""substrate_material"": ""Al2O3"", ""topclad_material"": ""SiO2"", ""core_eq_o"": ""(1+2.8032/(1-0.015287/x**2)+0.36335/(1-0.036095/x**2)-33508000/(1+367200000/x**2))**0.5"", ""core_eq_e"": ""(1+0.017061/(1-0.043855/x**2)+3.1976/(1-0.022642/x**2)-57269000/(1-74226000/x**2))**0.5"", ""core_chi2"": ""AlN"", ""h_core"": 400.0, ""w_core"": 800.0}",3,TE00,S,0.9992051865841056,2.0460811581712726,2.034084208687059,2.0590634547393054,450.0,202.2033016544469,992.9249830330401,0.19518592338723145,False,nan,"[{""name"": ""substrate:Al2O3"", ""extent"": ""bulk"", ""n_region_sh"": 1.8714407356960066, ""allowed"": false, ""angle_deg"": NaN}, {""name"": ""topclad:SiO2"", ""extent"": ""bulk"", ""n_region_sh"": 1.524160825947718, ""allowed"": false, ""angle_deg"": NaN}]",runs\trial_grid_pumps\exports\e5520e5aabf0_pump3.npz
e5520e5aabf0,ridge,"{""sidewall_angle"": 5.0, ""substrate_height"": 1000.0, ""topclad_height"": 800.0, ""substrate_material"": ""Al2O3"", ""topclad_material"": ""SiO2"", ""core_eq_o"": ""(1+2.8032/(1-0.015287/x**2)+0.36335/(1-0.036095/x**2)-33508000/(1+367200000/x**2))**0.5"", ""core_eq_e"": ""(1+0.017061/(1-0.043855/x**2)+3.1976/(1-0.022642/x**2)-57269000/(1-74226000/x**2))**0.5"", ""core_chi2"": ""AlN"", ""h_core"": 400.0, ""w_core"": 800.0}",4,TE10,A,0.9881545625158147,1.9900603498216818,1.973069251956635,2.007918983596714,450.0,843.4935795841158,1029.6587164848256,0.21702532045818598,False,nan,"[{""name"": ""substrate:Al2O3"", ""extent"": ""bulk"", ""n_region_sh"": 1.8714407356960066, ""allowed"": false, ""angle_deg"": NaN}, {""name"": ""topclad:SiO2"", ""extent"": ""bulk"", ""n_region_sh"": 1.524160825947718, ""allowed"": false, ""angle_deg"": NaN}]",runs\trial_grid_pumps\exports\e5520e5aabf0_pump4.npz
