fingerprint,family,params,status,pump_id,pump_label,pump_sym_class,pump_te_fraction,sh_label,sh_te_fraction,sh_track,wavelength_sh,wavelength_sh_corrected,n_eff_pump,n_eff_sh,delta_n_residual,eta_pct_per_W_cm2,A_shg_um2,overlap_shape,overlap_linear_emode,A_eff_pump_um2,A_eff_sh_um2,pump_scattering_dB_per_m,pump_absorption_dB_per_m,sh_scattering_dB_per_m,sh_absorption_dB_per_m,L_opt_mm,L_eff_mm,peak_efficiency_pct_per_W,cerenkov_allowed_any,eta_screen_pct_per_W_cm2,overlap_shape_screen,sh_label_screen,export_path,pump_identify_similarity,sh_identify_similarity,sh_label_old,h,w,pair
873267229ce9,ridge,"{""sidewall_angle"": 5.0, ""substrate_height"": 1000.0, ""topclad_height"": 800.0, ""substrate_material"": ""Al2O3"", ""topclad_material"": ""SiO2"", ""core_eq_o"": ""(1+2.8032/(1-0.015287/x**2)+0.36335/(1-0.036095/x**2)-33508000/(1+367200000/x**2))**0.5"", ""core_eq_e"": ""(1+0.017061/(1-0.043855/x**2)+3.1976/(1-0.022642/x**2)-57269000/(1-74226000/x**2))**0.5"", ""core_chi2"": ""AlN"", ""h_core"": 300.0, ""w_core"": 500.0}",refined,1,TM10,S,0.0126153244159803,TM60,0.1281195887902299,46,240.9419078800983,240.96407069049084,1.900177071829238,1.900393385974763,-0.0002163141455249,19.089936115289618,216.020616934258,0.0269179473050099,2.8378779246308752e-27,0.1331920178878885,0.0899273385959294,1746.119456376868,1696.577389214291,43504.36873013566,0.0,0.4409978,0.1411670955164919,0.0038042708856775,False,16.856652728298236,0.0255113177615045,TM60,runs\wide_window\exports\873267229ce9_x00.npz,0.9998822572768752,0.9999882953260392,TM60,300.0,500.0,TM10->TM60
9c232fee5f27,ridge,"{""sidewall_angle"": 5.0, ""substrate_height"": 1000.0, ""topclad_height"": 800.0, ""substrate_material"": ""Al2O3"", ""topclad_material"": ""SiO2"", ""core_eq_o"": ""(1+2.8032/(1-0.015287/x**2)+0.36335/(1-0.036095/x**2)-33508000/(1+367200000/x**2))**0.5"", ""core_eq_e"": ""(1+0.017061/(1-0.043855/x**2)+3.1976/(1-0.022642/x**2)-57269000/(1-74226000/x**2))**0.5"", ""core_chi2"": ""AlN"", ""h_core"": 350.0, ""w_core"": 500.0}",refined,1,TM10,S,0.0114684419325006,TM60,0.0732881294196092,46,239.1592639919226,239.1834007468321,1.9252870652396448,1.9255290717514413,-0.000242006511796,15.770944313290055,255.14252149792483,0.0249049488280386,4.112655076348511e-27,0.1380589790158266,0.0910974280767647,1898.854719739972,1275.348662054418,44051.78084236057,0.0,0.45099775,0.1422908903708777,0.0031930953852512,False,13.071147397971629,0.0228858833583824,TM60,runs\wide_window\exports\9c232fee5f27_x00.npz,0.9998135744326268,0.9999753099889048,TM60,350.0,500.0,TM10->TM60
9c232fee5f27,ridge,"{""sidewall_angle"": 5.0, ""substrate_height"": 1000.0, ""topclad_height"": 800.0, ""substrate_material"": ""Al2O3"", ""topclad_material"": ""SiO2"", ""core_eq_o"": ""(1+2.8032/(1-0.015287/x**2)+0.36335/(1-0.036095/x**2)-33508000/(1+367200000/x**2))**0.5"", ""core_eq_e"": ""(1+0.017061/(1-0.043855/x**2)+3.1976/(1-0.022642/x**2)-57269000/(1-74226000/x**2))**0.5"", ""core_chi2"": ""AlN"", ""h_core"": 350.0, ""w_core"": 500.0}",refined,0,TM00,A,0.0018339627060866,TM22,0.1304254656688773,51,263.2739398416634,263.2962462048514,2.026374753033441,2.0264990173897544,-0.0001242643563128,5.264171528131731,541.0337004736323,0.0171733436845071,1.6442984951694335e-05,0.1399905345474766,0.1212856543346905,390.0191891874639,1250.9562864183265,7116.224622205632,0.0,1.75099125,0.629309241840526,0.0208477049180899,False,5.460017662475658,0.017406352252257,TM22,runs\wide_window\exports\9c232fee5f27_x01.npz,0.9999755934023712,0.999589227540328,TM22,350.0,500.0,TM00->TM22
9c232fee5f27,ridge,"{""sidewall_angle"": 5.0, ""substrate_height"": 1000.0, ""topclad_height"": 800.0, ""substrate_material"": ""Al2O3"", ""topclad_material"": ""SiO2"", ""core_eq_o"": ""(1+2.8032/(1-0.015287/x**2)+0.36335/(1-0.036095/x**2)-33508000/(1+367200000/x**2))**0.5"", ""core_eq_e"": ""(1+0.017061/(1-0.043855/x**2)+3.1976/(1-0.022642/x**2)-57269000/(1-74226000/x**2))**0.5"", ""core_chi2"": ""AlN"", ""h_core"": 350.0, ""w_core"": 500.0}",refined,0,TM00,A,0.0011223648590091,TM04,0.0057830318496588,33,227.845184215966,227.85921653363883,2.0703956249087585,2.070567804033039,-0.0001721791242803,4.763152470803273,748.4894680830001,0.0139550833989336,0.0079360096219117,0.1235792536007435,0.1375089666504479,434.0957724420992,1145.1891737729145,1181.1961587883798,0.0,4.3209784,1.5281013081347858,0.1112240688813652,False,4.599115297307759,0.0137512936480947,TM04,runs\wide_window\exports\9c232fee5f27_x02.npz,0.9999891845090092,0.9999954520793974,TM04,350.0,500.0,TM00->TM04
9c232fee5f27,ridge,"{""sidewall_angle"": 5.0, ""substrate_height"": 1000.0, ""topclad_height"": 800.0, ""substrate_material"": ""Al2O3"", ""topclad_material"": ""SiO2"", ""core_eq_o"": ""(1+2.8032/(1-0.015287/x**2)+0.36335/(1-0.036095/x**2)-33508000/(1+367200000/x**2))**0.5"", ""core_eq_e"": ""(1+0.017061/(1-0.043855/x**2)+3.1976/(1-0.022642/x**2)-57269000/(1-74226000/x**2))**0.5"", ""core_chi2"": ""AlN"", ""h_core"": 350.0, ""w_core"": 500.0}",refined,1,TM10,S,0.0116895694180991,TM04,0.0087767450130424,47,240.43031722447373,240.45493594480672,1.922476138523076,1.9226667005998608,-0.0001905620767854,4.754374748680006,841.1205307311131,0.0151908548028665,3.200492475094677e-28,0.1388757844599125,0.1531992333853903,1891.8698982624503,1279.2438969997154,1346.4587813820658,0.0,2.6909865500000003,0.9019286752780532,0.0386756659277118,False,4.358932135861934,0.0146068550899308,TM04,runs\wide_window\exports\9c232fee5f27_x03.npz,0.9998854992785268,0.9999189150818968,TM04,350.0,500.0,TM10->TM04
873267229ce9,ridge,"{""sidewall_angle"": 5.0, ""substrate_height"": 1000.0, ""topclad_height"": 800.0, ""substrate_material"": ""Al2O3"", ""topclad_material"": ""SiO2"", ""core_eq_o"": ""(1+2.8032/(1-0.015287/x**2)+0.36335/(1-0.036095/x**2)-33508000/(1+367200000/x**2))**0.5"", ""core_eq_e"": ""(1+0.017061/(1-0.043855/x**2)+3.1976/(1-0.022642/x**2)-57269000/(1-74226000/x**2))**0.5"", ""core_chi2"": ""AlN"", ""h_core"": 300.0, ""w_core"": 500.0}",refined,0,TM00,A,0.0026148271889038,TM40,0.0743369236588034,50,267.40003296278667,267.4329793239859,1.996000090190667,1.9961803817998605,-0.0001802916091935,4.543354408764497,635.8220709236451,0.015775996369252,0.0023495496816343,0.1372276304980616,0.0911024060579735,353.7828076091479,1709.1809208839006,17098.17202752394,0.0,0.9509952500000002,0.323211231396272,0.0047462379044627,False,5.075370848803583,0.0164444578326218,TM40,runs\wide_window\exports\873267229ce9_x01.npz,0.9998265089669044,0.999882161107322,TM40,300.0,500.0,TM00->TM40
873267229ce9,ridge,"{""sidewall_angle"": 5.0, ""substrate_height"": 1000.0, ""topclad_height"": 800.0, ""substrate_material"": ""Al2O3"", ""topclad_material"": ""SiO2"", ""core_eq_o"": ""(1+2.8032/(1-0.015287/x**2)+0.36335/(1-0.036095/x**2)-33508000/(1+367200000/x**2))**0.5"", ""core_eq_e"": ""(1+0.017061/(1-0.043855/x**2)+3.1976/(1-0.022642/x**2)-57269000/(1-74226000/x**2))**0.5"", ""core_chi2"": ""AlN"", ""h_core"": 300.0, ""w_core"": 500.0}",refined,1,TM10,S,0.008809434661506,TM80,0.0278877250041997,4,216.3614455514309,216.3555010872899,1.960213599057804,1.9600587659484816,0.0001548331093219,3.982923880274672,1169.8182188616922,0.0106703707305593,1.0365640980869704e-27,0.1171353144301464,0.0739778234383739,1861.7247384440368,1615.5148149101826,78491.41286285146,0.0,0.29099855,0.0874280010506628,0.0003044409749666,False,3.945800478283919,0.0106170257529317,TM80,runs\wide_window\exports\873267229ce9_x03.npz,0.9999885635009254,0.9999751991380458,TM80,300.0,500.0,TM10->TM80
873267229ce9,ridge,"{""sidewall_angle"": 5.0, ""substrate_height"": 1000.0, ""topclad_height"": 800.0, ""substrate_material"": ""Al2O3"", ""topclad_material"": ""SiO2"", ""core_eq_o"": ""(1+2.8032/(1-0.015287/x**2)+0.36335/(1-0.036095/x**2)-33508000/(1+367200000/x**2))**0.5"", ""core_eq_e"": ""(1+0.017061/(1-0.043855/x**2)+3.1976/(1-0.022642/x**2)-57269000/(1-74226000/x**2))**0.5"", ""core_chi2"": ""AlN"", ""h_core"": 300.0, ""w_core"": 500.0}",refined,0,TM00,A,0.0013318286569854,TM04,0.0641108525933389,1,218.02155109923723,218.03611703136565,2.0653016258580417,2.0655639237188126,-0.0002622978607709,3.9351120143015663,996.7688585150332,0.0117754676108526,0.0119175965386142,0.1118617933122524,0.1263294543864462,415.6269245173646,1549.955015978963,3151.1001469867806,0.0,2.4609877000000004,0.9041883530110592,0.0321717671136059,False,4.238589384067172,0.0121677777266608,TM04,runs\wide_window\exports\873267229ce9_x02.npz,0.9999713439668904,0.9999991076778336,TM04,300.0,500.0,TM00->TM04
873267229ce9,ridge,"{""sidewall_angle"": 5.0, ""substrate_height"": 1000.0, ""topclad_height"": 800.0, ""substrate_material"": ""Al2O3"", ""topclad_material"": ""SiO2"", ""core_eq_o"": ""(1+2.8032/(1-0.015287/x**2)+0.36335/(1-0.036095/x**2)-33508000/(1+367200000/x**2))**0.5"", ""core_eq_e"": ""(1+0.017061/(1-0.043855/x**2)+3.1976/(1-0.022642/x**2)-57269000/(1-74226000/x**2))**0.5"", ""core_chi2"": ""AlN"", ""h_core"": 300.0, ""w_core"": 500.0}",refined,1,TM10,S,0.0101406605700775,TM04,0.1337956333237036,33,225.7298213613693,225.7503613178296,1.9364607832983896,1.9366989522547944,-0.000238168956405,3.791811794429495,1170.7167855402556,0.0123092051094316,1.6052322312193515e-27,0.122830234106384,0.1460419690082928,1822.8278970157687,1649.909507020692,4358.694595597241,0.0,1.5609922,0.5703763391828772,0.0123358697743059,False,3.6083670367200944,0.0121374556441036,TM04,runs\wide_window\exports\873267229ce9_x04.npz,0.9998811520221048,0.9999191874780944,TM04,300.0,500.0,TM10->TM04
9c232fee5f27,ridge,"{""sidewall_angle"": 5.0, ""substrate_height"": 1000.0, ""topclad_height"": 800.0, ""substrate_material"": ""Al2O3"", ""topclad_material"": ""SiO2"", ""core_eq_o"": ""(1+2.8032/(1-0.015287/x**2)+0.36335/(1-0.036095/x**2)-33508000/(1+367200000/x**2))**0.5"", ""core_eq_e"": ""(1+0.017061/(1-0.043855/x**2)+3.1976/(1-0.022642/x**2)-57269000/(1-74226000/x**2))**0.5"", ""core_chi2"": ""AlN"", ""h_core"": 350.0, ""w_core"": 500.0}",refined,1,TM10,S,0.0079719035918069,TM80,0.0419192046762045,4,215.7435371801001,215.73265274771288,1.9802080552811447,1.9798929537596155,0.0003151015215301,3.246546124208499,1400.2175005389756,0.0099938679669544,5.4275547032599566e-31,0.1244716372185861,0.0786150451485138,2001.7058560449525,1195.3680064792725,75093.9912879023,0.0,0.31099845,0.0919679513832845,0.0002745962502439,False,3.2590353429255794,0.0100163398635664,TM80,runs\wide_window\exports\9c232fee5f27_x04.npz,0.9999972856378824,0.9895901574305762,TM80,350.0,500.0,TM10->TM80
873267229ce9,ridge,"{""sidewall_angle"": 5.0, ""substrate_height"": 1000.0, ""topclad_height"": 800.0, ""substrate_material"": ""Al2O3"", ""topclad_material"": ""SiO2"", ""core_eq_o"": ""(1+2.8032/(1-0.015287/x**2)+0.36335/(1-0.036095/x**2)-33508000/(1+367200000/x**2))**0.5"", ""core_eq_e"": ""(1+0.017061/(1-0.043855/x**2)+3.1976/(1-0.022642/x**2)-57269000/(1-74226000/x**2))**0.5"", ""core_chi2"": ""AlN"", ""h_core"": 300.0, ""w_core"": 500.0}",refined,0,TM00,A,0.0022260272589686,TM22,0.0937276556450398,45,254.46077444351528,254.49264239724616,2.0119365630256136,2.012142083733189,-0.0002055207075755,2.667007502312865,1167.8925466432852,0.0115517282204911,0.0003484801378239,0.1299831985279398,0.1199130889644139,372.3454303348071,1674.793578002836,6370.197598295627,0.0,1.69099155,0.6156086382412507,0.0101072648911929,False,2.304292937724647,0.0108479892054715,TM22,runs\wide_window\exports\873267229ce9_x05.npz,0.9999027987639608,0.9997680382257808,TM22,300.0,500.0,TM00->TM22
9c232fee5f27,ridge,"{""sidewall_angle"": 5.0, ""substrate_height"": 1000.0, ""topclad_height"": 800.0, ""substrate_material"": ""Al2O3"", ""topclad_material"": ""SiO2"", ""core_eq_o"": ""(1+2.8032/(1-0.015287/x**2)+0.36335/(1-0.036095/x**2)-33508000/(1+367200000/x**2))**0.5"", ""core_eq_e"": ""(1+0.017061/(1-0.043855/x**2)+3.1976/(1-0.022642/x**2)-57269000/(1-74226000/x**2))**0.5"", ""core_chi2"": ""AlN"", ""h_core"": 350.0, ""w_core"": 500.0}",refined,1,TM10,S,0.0131821235705647,TM42,0.0800944658874756,54,248.60433918792427,248.6221609591779,1.904737158155272,1.904882142495876,-0.0001449843406042,2.4768114910710337,1552.7711093397004,0.0104573900986961,1.3877895892900095e-26,0.1443545549896725,0.1286582638108381,1845.1849192351024,1303.102645782655,19493.10271562246,0.0,0.7409963,0.2598735124316609,0.0016726958777454,False,2.794949771485318,0.0110390261111986,TM42,runs\wide_window\exports\9c232fee5f27_x05.npz,0.9999271443784096,0.9999831795052097,TM42,350.0,500.0,TM10->TM42
9c232fee5f27,ridge,"{""sidewall_angle"": 5.0, ""substrate_height"": 1000.0, ""topclad_height"": 800.0, ""substrate_material"": ""Al2O3"", ""topclad_material"": ""SiO2"", ""core_eq_o"": ""(1+2.8032/(1-0.015287/x**2)+0.36335/(1-0.036095/x**2)-33508000/(1+367200000/x**2))**0.5"", ""core_eq_e"": ""(1+0.017061/(1-0.043855/x**2)+3.1976/(1-0.022642/x**2)-57269000/(1-74226000/x**2))**0.5"", ""core_chi2"": ""AlN"", ""h_core"": 350.0, ""w_core"": 500.0}",refined,1,TM10,S,0.0097824884510745,TM24,0.139453611477944,34,228.8098609314384,228.8162777034936,1.948768997047284,1.9488493839806391,-8.038693335543634e-05,2.04466980705422,2073.4060721640367,0.0087304844031702,4.456456495560983e-28,0.1317287631924642,0.1381567978424848,1951.650661257247,1241.8799357399164,10788.488558179482,0.0,1.03099485,0.3762589068173463,0.0028946546867402,False,2.016952881353957,0.0086849917683919,TM24,runs\wide_window\exports\9c232fee5f27_x06.npz,0.9999926944157054,0.999971714741186,TM24,350.0,500.0,TM10->TM24
873267229ce9,ridge,"{""sidewall_angle"": 5.0, ""substrate_height"": 1000.0, ""topclad_height"": 800.0, ""substrate_material"": ""Al2O3"", ""topclad_material"": ""SiO2"", ""core_eq_o"": ""(1+2.8032/(1-0.015287/x**2)+0.36335/(1-0.036095/x**2)-33508000/(1+367200000/x**2))**0.5"", ""core_eq_e"": ""(1+0.017061/(1-0.043855/x**2)+3.1976/(1-0.022642/x**2)-57269000/(1-74226000/x**2))**0.5"", ""core_chi2"": ""AlN"", ""h_core"": 300.0, ""w_core"": 500.0}",refined,1,TM10,S,0.0091520446186567,TM24,0.1279486302074243,3,218.88665688270825,218.8996486942719,1.9536894602795447,1.9539302869864088,-0.0002408267068634,1.6657007319540873,2759.944438437876,0.0074306978582299,1.821110482358072e-30,0.1186241180235753,0.1319917936773073,1851.8435017738348,1625.1800123300598,9262.707526433487,0.0,1.0809946,0.3954219391579328,0.0026044648449998,False,1.881782305672992,0.0078541441467428,TM24,runs\wide_window\exports\873267229ce9_x06.npz,0.999906331471703,0.9999882900801372,TM24,300.0,500.0,TM10->TM24
9c232fee5f27,ridge,"{""sidewall_angle"": 5.0, ""substrate_height"": 1000.0, ""topclad_height"": 800.0, ""substrate_material"": ""Al2O3"", ""topclad_material"": ""SiO2"", ""core_eq_o"": ""(1+2.8032/(1-0.015287/x**2)+0.36335/(1-0.036095/x**2)-33508000/(1+367200000/x**2))**0.5"", ""core_eq_e"": ""(1+0.017061/(1-0.043855/x**2)+3.1976/(1-0.022642/x**2)-57269000/(1-74226000/x**2))**0.5"", ""core_chi2"": ""AlN"", ""h_core"": 350.0, ""w_core"": 500.0}",refined,0,TM00,A,0.0018638933008725,TE12,0.7447135644381689,55,264.5390778919597,264.5703106315901,2.024996306522344,2.025137213407576,-0.0001409068852322,1.450732756394918,1948.435398520411,0.0090109219833849,0.0005407309430646,0.1406248213277849,0.1191751447789721,388.33984741221934,1254.307726752986,8408.870274118954,0.0,1.59099205,0.5654019143355946,0.0046376926793433,False,1.3599868779683786,0.0086567082579205,TE12?,runs\wide_window\exports\9c232fee5f27_x07.npz,0.9999530739493576,0.9959646319487436,TE12,350.0,500.0,TM00->TE12
9c232fee5f27,ridge,"{""sidewall_angle"": 5.0, ""substrate_height"": 1000.0, ""topclad_height"": 800.0, ""substrate_material"": ""Al2O3"", ""topclad_material"": ""SiO2"", ""core_eq_o"": ""(1+2.8032/(1-0.015287/x**2)+0.36335/(1-0.036095/x**2)-33508000/(1+367200000/x**2))**0.5"", ""core_eq_e"": ""(1+0.017061/(1-0.043855/x**2)+3.1976/(1-0.022642/x**2)-57269000/(1-74226000/x**2))**0.5"", ""core_chi2"": ""AlN"", ""h_core"": 350.0, ""w_core"": 500.0}",refined,1,TM10,S,0.0183497239077657,TM41,0.0629032019121639,65,273.0606864510528,273.07517254641294,1.8546106934337896,1.8546866680736007,-7.597463981179331e-05,1.2690090936398777,2721.428103323092,0.0085440241588274,3.6224410547376833e-22,0.1635726388590156,0.1195272846769253,1690.7612220476967,1360.4359458830995,21636.61921657816,0.0,0.71099645,0.24416501778358,0.0007565395158033,False,1.1761724507622775,0.0082617495678337,TM41,runs\wide_window\exports\9c232fee5f27_x08.npz,0.9999738887639804,0.9999994436748632,TM41,350.0,500.0,TM10->TM41
873267229ce9,ridge,"{""sidewall_angle"": 5.0, ""substrate_height"": 1000.0, ""topclad_height"": 800.0, ""substrate_material"": ""Al2O3"", ""topclad_material"": ""SiO2"", ""core_eq_o"": ""(1+2.8032/(1-0.015287/x**2)+0.36335/(1-0.036095/x**2)-33508000/(1+367200000/x**2))**0.5"", ""core_eq_e"": ""(1+0.017061/(1-0.043855/x**2)+3.1976/(1-0.022642/x**2)-57269000/(1-74226000/x**2))**0.5"", ""core_chi2"": ""AlN"", ""h_core"": 300.0, ""w_core"": 500.0}",refined,1,TM10,S,0.0183068069906403,TM41,0.0603864588847304,55,270.433314884336,270.46313387388943,1.835911488007703,1.836075986963938,-0.000164498956235,1.2643458160689474,2870.6195324301543,0.0084168732519149,1.6123820320914442e-19,0.1587508682050326,0.1125340396740822,1548.8528678753953,1747.1913982582162,20659.523403044448,0.0,0.7009965000000001,0.2461571014788596,0.0007661090886435,False,1.0700282586962524,0.0078481330406664,TM41,runs\wide_window\exports\873267229ce9_x07.npz,0.9997924752832792,0.9999124707963524,TM41,300.0,500.0,TM10->TM41
9c232fee5f27,ridge,"{""sidewall_angle"": 5.0, ""substrate_height"": 1000.0, ""topclad_height"": 800.0, ""substrate_material"": ""Al2O3"", ""topclad_material"": ""SiO2"", ""core_eq_o"": ""(1+2.8032/(1-0.015287/x**2)+0.36335/(1-0.036095/x**2)-33508000/(1+367200000/x**2))**0.5"", ""core_eq_e"": ""(1+0.017061/(1-0.043855/x**2)+3.1976/(1-0.022642/x**2)-57269000/(1-74226000/x**2))**0.5"", ""core_chi2"": ""AlN"", ""h_core"": 350.0, ""w_core"": 500.0}",refined,0,TM00,A,0.0011307744318539,TM60,0.0222248679304431,34,228.34421728755447,228.3538839156931,2.069684597137962,2.06980976815252,-0.0001251710145582,1.0130008218471716,3507.740228203853,0.0062165328406056,0.0015538099749139,0.1237971377358875,0.0832966458560615,433.6200857449418,1146.8311101367528,33837.7546041705,0.0,0.6709966500000001,0.2010597363045756,0.0004095057601436,False,0.946149100796844,0.0060255584105694,TM60,runs\wide_window\exports\9c232fee5f27_x09.npz,0.9999935923998968,0.999991099489898,TM60,350.0,500.0,TM00->TM60
873267229ce9,ridge,"{""sidewall_angle"": 5.0, ""substrate_height"": 1000.0, ""topclad_height"": 800.0, ""substrate_material"": ""Al2O3"", ""topclad_material"": ""SiO2"", ""core_eq_o"": ""(1+2.8032/(1-0.015287/x**2)+0.36335/(1-0.036095/x**2)-33508000/(1+367200000/x**2))**0.5"", ""core_eq_e"": ""(1+0.017061/(1-0.043855/x**2)+3.1976/(1-0.022642/x**2)-57269000/(1-74226000/x**2))**0.5"", ""core_chi2"": ""AlN"", ""h_core"": 300.0, ""w_core"": 500.0}",refined,0,TM00,A,0.0015885445932968,TM60,0.0404972273719064,35,229.77558409212992,229.77588224978845,2.0463782650397264,2.0463820105788697,-3.745539143285015e-06,0.9973740024951158,3640.2539739721474,0.0059945168164481,0.001205530665841,0.1173736842377109,0.0796970911748479,403.5996626778893,1594.6534633627002,33415.959266565405,0.0,0.63099685,0.1947903022266346,0.0003784362293062,False,1.0055398393971855,0.0060178957520106,TM60,runs\wide_window\exports\873267229ce9_x08.npz,0.9999998425486306,0.999976813312616,TM60,300.0,500.0,TM00->TM60
9c232fee5f27,ridge,"{""sidewall_angle"": 5.0, ""substrate_height"": 1000.0, ""topclad_height"": 800.0, ""substrate_material"": ""Al2O3"", ""topclad_material"": ""SiO2"", ""core_eq_o"": ""(1+2.8032/(1-0.015287/x**2)+0.36335/(1-0.036095/x**2)-33508000/(1+367200000/x**2))**0.5"", ""core_eq_e"": ""(1+0.017061/(1-0.043855/x**2)+3.1976/(1-0.022642/x**2)-57269000/(1-74226000/x**2))**0.5"", ""core_chi2"": ""AlN"", ""h_core"": 350.0, ""w_core"": 500.0}",refined,1,TM10,S,0.0100738495791916,TM61,0.1766535713220105,35,230.69410354206423,230.695926885892,1.944409864233512,1.9444326165718453,-2.2752338333376088e-05,0.849874757639145,4940.371145451485,0.0055348986944551,1.9688615003868018e-29,0.132840609614572,0.1123489281409904,1942.695813619827,1248.202873618584,37085.61600469358,0.0,0.5009975000000001,0.1624612659513445,0.0002243130788967,False,0.882148526616862,0.005630247724582,TM61,runs\wide_window\exports\9c232fee5f27_x10.npz,0.9999975035840576,0.9995268661820382,TM61,350.0,500.0,TM10->TM61
873267229ce9,ridge,"{""sidewall_angle"": 5.0, ""substrate_height"": 1000.0, ""topclad_height"": 800.0, ""substrate_material"": ""Al2O3"", ""topclad_material"": ""SiO2"", ""core_eq_o"": ""(1+2.8032/(1-0.015287/x**2)+0.36335/(1-0.036095/x**2)-33508000/(1+367200000/x**2))**0.5"", ""core_eq_e"": ""(1+0.017061/(1-0.043855/x**2)+3.1976/(1-0.022642/x**2)-57269000/(1-74226000/x**2))**0.5"", ""core_chi2"": ""AlN"", ""h_core"": 300.0, ""w_core"": 500.0}",refined,1,TM10,S,0.0124529847410195,TE50,0.7738684659532419,43,240.0058131007953,240.03638182760784,1.90233939117558,1.9025907191707148,-0.0002513279951346,0.7474392318371901,5541.345609017119,0.0053593696567075,8.806230171805002e-27,0.1325094714808557,0.1221473013915412,1751.3496122343645,1694.0610332517426,53517.7716810861,0.0,0.3809981,0.1198815121226542,0.0001074188043491,False,0.5972704238800917,0.0048416276332072,TE50,runs\wide_window\exports\873267229ce9_x11.npz,0.9998222627641176,0.999999747697987,TE50,300.0,500.0,TM10->TE50
873267229ce9,ridge,"{""sidewall_angle"": 5.0, ""substrate_height"": 1000.0, ""topclad_height"": 800.0, ""substrate_material"": ""Al2O3"", ""topclad_material"": ""SiO2"", ""core_eq_o"": ""(1+2.8032/(1-0.015287/x**2)+0.36335/(1-0.036095/x**2)-33508000/(1+367200000/x**2))**0.5"", ""core_eq_e"": ""(1+0.017061/(1-0.043855/x**2)+3.1976/(1-0.022642/x**2)-57269000/(1-74226000/x**2))**0.5"", ""core_chi2"": ""AlN"", ""h_core"": 300.0, ""w_core"": 500.0}",refined,1,TM10,S,0.0159872965280596,TM03,0.0089166533992672,51,259.0618569452436,259.0738032228617,1.8598659600305296,1.8599112729835583,-4.531295302867555e-05,0.7036715367042651,5406.591694687647,0.0071104947990588,1.465735686805303e-21,0.1478259198890868,0.1634798105826986,1631.8982489315986,1734.8520010862749,1094.6204906172818,0.0,2.8009860000000004,0.9066023289703286,0.0057836718604924,False,0.6962658822128985,0.0070816580153336,TM03,runs\wide_window\exports\873267229ce9_x09.npz,0.9999927055559472,0.9999956453568452,TM03,300.0,500.0,TM10->TM03
873267229ce9,ridge,"{""sidewall_angle"": 5.0, ""substrate_height"": 1000.0, ""topclad_height"": 800.0, ""substrate_material"": ""Al2O3"", ""topclad_material"": ""SiO2"", ""core_eq_o"": ""(1+2.8032/(1-0.015287/x**2)+0.36335/(1-0.036095/x**2)-33508000/(1+367200000/x**2))**0.5"", ""core_eq_e"": ""(1+0.017061/(1-0.043855/x**2)+3.1976/(1-0.022642/x**2)-57269000/(1-74226000/x**2))**0.5"", ""core_chi2"": ""AlN"", ""h_core"": 300.0, ""w_core"": 500.0}",refined,1,TM10,S,0.0132247478479438,TE13,0.6253212485963147,48,244.3948418565484,244.39558032711372,1.892273591928168,1.89227874825612,-5.156327951727491e-06,0.6682791228235938,6073.808432464826,0.0053925734134318,1.3152948768325322e-25,0.1357661799866455,0.1366515078406507,1726.239302268989,1705.428227280535,10385.742343504882,0.0,1.0209949,0.3731134099998597,0.0009303355366789,False,0.6780219180538127,0.0054300681089346,TE13,runs\wide_window\exports\873267229ce9_x10.npz,0.9999973461500472,0.99954938499687,TE13,300.0,500.0,TM10->TE13
9c232fee5f27,ridge,"{""sidewall_angle"": 5.0, ""substrate_height"": 1000.0, ""topclad_height"": 800.0, ""substrate_material"": ""Al2O3"", ""topclad_material"": ""SiO2"", ""core_eq_o"": ""(1+2.8032/(1-0.015287/x**2)+0.36335/(1-0.036095/x**2)-33508000/(1+367200000/x**2))**0.5"", ""core_eq_e"": ""(1+0.017061/(1-0.043855/x**2)+3.1976/(1-0.022642/x**2)-57269000/(1-74226000/x**2))**0.5"", ""core_chi2"": ""AlN"", ""h_core"": 350.0, ""w_core"": 500.0}",refined,0,TM00,A,0.0018427935682848,TM40,0.4458674735485451,52,263.648631606655,263.67828977161804,2.0259653911688065,2.026116421652424,-0.0001510304836176,0.6040087641429086,4704.714779966507,0.0057692711414818,0.0013266067635858,0.1401780218276052,0.1321320678681571,389.522287698477,1251.9520374253364,15827.732789033184,0.0,1.09099455,0.3635923069304087,0.0007984957547215,False,0.8034198569135413,0.0066168520657091,TM40,runs\wide_window\exports\9c232fee5f27_x11.npz,0.9999696844162572,0.9985049465871596,TM40,350.0,500.0,TM00->TM40
9c232fee5f27,ridge,"{""sidewall_angle"": 5.0, ""substrate_height"": 1000.0, ""topclad_height"": 800.0, ""substrate_material"": ""Al2O3"", ""topclad_material"": ""SiO2"", ""core_eq_o"": ""(1+2.8032/(1-0.015287/x**2)+0.36335/(1-0.036095/x**2)-33508000/(1+367200000/x**2))**0.5"", ""core_eq_e"": ""(1+0.017061/(1-0.043855/x**2)+3.1976/(1-0.022642/x**2)-57269000/(1-74226000/x**2))**0.5"", ""core_chi2"": ""AlN"", ""h_core"": 350.0, ""w_core"": 500.0}",screened,1,TM10,S,,TE50,0.9189204237993724,43,237.7765619776983,,1.9286321918127425,1.9286321918127425,,0.557666256367034,7262.653696180386,0.0047447967826837,,,,,,,,,,,,0.557666256367034,0.0047447967826837,TE50,,,,TE50,350.0,500.0,TM10->TE50
