fingerprint,family,params,pump_id,label,sym_class,te_fraction,n_eff_center,n_eff_min,n_eff_max,wavelength_pump_center,scattering_dB_per_m,absorption_dB_per_m,A_eff_um2,cerenkov_allowed_any,cerenkov_best_angle_deg,cerenkov_json
1a03c9579098,ridge,"{""sidewall_angle"": 5.0, ""substrate_height"": 1000.0, ""topclad_height"": 800.0, ""substrate_material"": ""Al2O3"", ""topclad_material"": ""SiO2"", ""core_eq_o"": ""(1+2.8032/(1-0.015287/x**2)+0.36335/(1-0.036095/x**2)-33508000/(1+367200000/x**2))**0.5"", ""core_eq_e"": ""(1+0.017061/(1-0.043855/x**2)+3.1976/(1-0.022642/x**2)-57269000/(1-74226000/x**2))**0.5"", ""core_chi2"": ""AlN"", ""h_core"": 300.0, ""w_core"": 300.0}",0,TM00,A,0.002501156928536011,2.0010323287841203,1.9826761864031155,2.0208490289113814,450.0,1552.4708544934347,1633.8113389779662,0.07783662822614917,False,nan,"[{""name"": ""substrate:Al2O3"", ""extent"": ""bulk"", ""n_region_sh"": 1.8714407356960066, ""allowed"": false, ""angle_deg"": NaN}, {""name"": ""topclad:SiO2"", ""extent"": ""bulk"", ""n_region_sh"": 1.524160825947718, ""allowed"": false, ""angle_deg"": NaN}]"
1a03c9579098,ridge,"{""sidewall_angle"": 5.0, ""substrate_height"": 1000.0, ""topclad_height"": 800.0, ""substrate_material"": ""Al2O3"", ""topclad_material"": ""SiO2"", ""core_eq_o"": ""(1+2.8032/(1-0.015287/x**2)+0.36335/(1-0.036095/x**2)-33508000/(1+367200000/x**2))**0.5"", ""core_eq_e"": ""(1+0.017061/(1-0.043855/x**2)+3.1976/(1-0.022642/x**2)-57269000/(1-74226000/x**2))**0.5"", ""core_chi2"": ""AlN"", ""h_core"": 300.0, ""w_core"": 300.0}",1,TM01,A,0.010098164645720584,1.7697038667980374,1.7620464307322141,1.78868531910435,450.0,676.0869591376716,856.0395586972688,0.5544171399245453,True,18.979122983404388,"[{""name"": ""substrate:Al2O3"", ""extent"": ""bulk"", ""n_region_sh"": 1.8714407356960066, ""allowed"": true, ""angle_deg"": 18.979122983404388}, {""name"": ""topclad:SiO2"", ""extent"": ""bulk"", ""n_region_sh"": 1.524160825947718, ""allowed"": false, ""angle_deg"": NaN}]"
1a03c9579098,ridge,"{""sidewall_angle"": 5.0, ""substrate_height"": 1000.0, ""topclad_height"": 800.0, ""substrate_material"": ""Al2O3"", ""topclad_material"": ""SiO2"", ""core_eq_o"": ""(1+2.8032/(1-0.015287/x**2)+0.36335/(1-0.036095/x**2)-33508000/(1+367200000/x**2))**0.5"", ""core_eq_e"": ""(1+0.017061/(1-0.043855/x**2)+3.1976/(1-0.022642/x**2)-57269000/(1-74226000/x**2))**0.5"", ""core_chi2"": ""AlN"", ""h_core"": 300.0, ""w_core"": 300.0}",2,TM02,A,0.016556946437224905,1.7540754752449652,1.739274728237297,1.7642283993460917,450.0,700.7902630836671,943.2209144943607,0.65681426656524,True,20.399316717779808,"[{""name"": ""substrate:Al2O3"", ""extent"": ""bulk"", ""n_region_sh"": 1.8714407356960066, ""allowed"": true, ""angle_deg"": 20.399316717779808}, {""name"": ""topclad:SiO2"", ""extent"": ""bulk"", ""n_region_sh"": 1.524160825947718, ""allowed"": false, ""angle_deg"": NaN}]"
1a03c9579098,ridge,"{""sidewall_angle"": 5.0, ""substrate_height"": 1000.0, ""topclad_height"": 800.0, ""substrate_material"": ""Al2O3"", ""topclad_material"": ""SiO2"", ""core_eq_o"": ""(1+2.8032/(1-0.015287/x**2)+0.36335/(1-0.036095/x**2)-33508000/(1+367200000/x**2))**0.5"", ""core_eq_e"": ""(1+0.017061/(1-0.043855/x**2)+3.1976/(1-0.022642/x**2)-57269000/(1-74226000/x**2))**0.5"", ""core_chi2"": ""AlN"", ""h_core"": 300.0, ""w_core"": 300.0}",3,TE00,S,0.9957040380740426,1.922962383457387,1.9030876518601545,1.9439521894879697,450.0,3422.498586271577,1920.7348051811146,0.08420364000292853,False,nan,"[{""name"": ""substrate:Al2O3"", ""extent"": ""bulk"", ""n_region_sh"": 1.8714407356960066, ""allowed"": false, ""angle_deg"": NaN}, {""name"": ""topclad:SiO2"", ""extent"": ""bulk"", ""n_region_sh"": 1.524160825947718, ""allowed"": false, ""angle_deg"": NaN}]"
1a03c9579098,ridge,"{""sidewall_angle"": 5.0, ""substrate_height"": 1000.0, ""topclad_height"": 800.0, ""substrate_material"": ""Al2O3"", ""topclad_material"": ""SiO2"", ""core_eq_o"": ""(1+2.8032/(1-0.015287/x**2)+0.36335/(1-0.036095/x**2)-33508000/(1+367200000/x**2))**0.5"", ""core_eq_e"": ""(1+0.017061/(1-0.043855/x**2)+3.1976/(1-0.022642/x**2)-57269000/(1-74226000/x**2))**0.5"", ""core_chi2"": ""AlN"", ""h_core"": 300.0, ""w_core"": 300.0}",4,TE01,S,0.9993758280745417,1.776411812436052,1.773830614045784,1.7799401108237063,450.0,21.680136105139486,10.429538225886056,1.3478845686231937,True,18.33718140940232,"[{""name"": ""substrate:Al2O3"", ""extent"": ""bulk"", ""n_region_sh"": 1.8714407356960066, ""allowed"": true, ""angle_deg"": 18.33718140940232}, {""name"": ""topclad:SiO2"", ""extent"": ""bulk"", ""n_region_sh"": 1.524160825947718, ""allowed"": false, ""angle_deg"": NaN}]"
6161f3393bb0,ridge,"{""sidewall_angle"": 5.0, ""substrate_height"": 1000.0, ""topclad_height"": 800.0, ""substrate_material"": ""Al2O3"", ""topclad_material"": ""SiO2"", ""core_eq_o"": ""(1+2.8032/(1-0.015287/x**2)+0.36335/(1-0.036095/x**2)-33508000/(1+367200000/x**2))**0.5"", ""core_eq_e"": ""(1+0.017061/(1-0.043855/x**2)+3.1976/(1-0.022642/x**2)-57269000/(1-74226000/x**2))**0.5"", ""core_chi2"": ""AlN"", ""h_core"": 300.0, ""w_core"": 400.0}",0,TM00,A,0.0018735026284770408,2.0357446054736354,2.0193021988155464,2.0535945701119234,450.0,737.66099249229,1594.2295226636693,0.09598766321445645,False,nan,"[{""name"": ""substrate:Al2O3"", ""extent"": ""bulk"", ""n_region_sh"": 1.8714407356960066, ""allowed"": false, ""angle_deg"": NaN}, {""name"": ""topclad:SiO2"", ""extent"": ""bulk"", ""n_region_sh"": 1.524160825947718, ""allowed"": false, ""angle_deg"": NaN}]"
6161f3393bb0,ridge,"{""sidewall_angle"": 5.0, ""substrate_height"": 1000.0, ""topclad_height"": 800.0, ""substrate_material"": ""Al2O3"", ""topclad_material"": ""SiO2"", ""core_eq_o"": ""(1+2.8032/(1-0.015287/x**2)+0.36335/(1-0.036095/x**2)-33508000/(1+367200000/x**2))**0.5"", ""core_eq_e"": ""(1+0.017061/(1-0.043855/x**2)+3.1976/(1-0.022642/x**2)-57269000/(1-74226000/x**2))**0.5"", ""core_chi2"": ""AlN"", ""h_core"": 300.0, ""w_core"": 400.0}",1,TM10,S,0.02133664290817644,1.8659926419587038,1.837691273136724,1.8958135216548646,450.0,3429.6976089698774,1709.9675405531339,0.10882536978169711,True,4.372977993794422,"[{""name"": ""substrate:Al2O3"", ""extent"": ""bulk"", ""n_region_sh"": 1.8714407356960066, ""allowed"": true, ""angle_deg"": 4.372977993794422}, {""name"": ""topclad:SiO2"", ""extent"": ""bulk"", ""n_region_sh"": 1.524160825947718, ""allowed"": false, ""angle_deg"": NaN}]"
6161f3393bb0,ridge,"{""sidewall_angle"": 5.0, ""substrate_height"": 1000.0, ""topclad_height"": 800.0, ""substrate_material"": ""Al2O3"", ""topclad_material"": ""SiO2"", ""core_eq_o"": ""(1+2.8032/(1-0.015287/x**2)+0.36335/(1-0.036095/x**2)-33508000/(1+367200000/x**2))**0.5"", ""core_eq_e"": ""(1+0.017061/(1-0.043855/x**2)+3.1976/(1-0.022642/x**2)-57269000/(1-74226000/x**2))**0.5"", ""core_chi2"": ""AlN"", ""h_core"": 300.0, ""w_core"": 400.0}",2,TM01,A,0.17812355558005774,1.7935654055418386,1.7732927267012888,1.819703549257602,450.0,1758.7115268712182,2174.9926732034864,0.22815186433660886,True,16.586974267207644,"[{""name"": ""substrate:Al2O3"", ""extent"": ""bulk"", ""n_region_sh"": 1.8714407356960066, ""allowed"": true, ""angle_deg"": 16.586974267207644}, {""name"": ""topclad:SiO2"", ""extent"": ""bulk"", ""n_region_sh"": 1.524160825947718, ""allowed"": false, ""angle_deg"": NaN}]"
6161f3393bb0,ridge,"{""sidewall_angle"": 5.0, ""substrate_height"": 1000.0, ""topclad_height"": 800.0, ""substrate_material"": ""Al2O3"", ""topclad_material"": ""SiO2"", ""core_eq_o"": ""(1+2.8032/(1-0.015287/x**2)+0.36335/(1-0.036095/x**2)-33508000/(1+367200000/x**2))**0.5"", ""core_eq_e"": ""(1+0.017061/(1-0.043855/x**2)+3.1976/(1-0.022642/x**2)-57269000/(1-74226000/x**2))**0.5"", ""core_chi2"": ""AlN"", ""h_core"": 300.0, ""w_core"": 400.0}",3,TE00,S,0.9978207933346056,1.9706493971571615,1.9535771799227435,1.9887134378106077,450.0,1506.5628721475339,1810.8951223869294,0.09507940601243559,False,nan,"[{""name"": ""substrate:Al2O3"", ""extent"": ""bulk"", ""n_region_sh"": 1.8714407356960066, ""allowed"": false, ""angle_deg"": NaN}, {""name"": ""topclad:SiO2"", ""extent"": ""bulk"", ""n_region_sh"": 1.524160825947718, ""allowed"": false, ""angle_deg"": NaN}]"
6161f3393bb0,ridge,"{""sidewall_angle"": 5.0, ""substrate_height"": 1000.0, ""topclad_height"": 800.0, ""substrate_material"": ""Al2O3"", ""topclad_material"": ""SiO2"", ""core_eq_o"": ""(1+2.8032/(1-0.015287/x**2)+0.36335/(1-0.036095/x**2)-33508000/(1+367200000/x**2))**0.5"", ""core_eq_e"": ""(1+0.017061/(1-0.043855/x**2)+3.1976/(1-0.022642/x**2)-57269000/(1-74226000/x**2))**0.5"", ""core_chi2"": ""AlN"", ""h_core"": 300.0, ""w_core"": 400.0}",4,TE01,S,0.997273747167654,1.7777522333182212,1.7741117474361023,1.7964291577937912,450.0,323.5810930374994,468.82451057988436,1.4548071421299356,True,18.206288241992272,"[{""name"": ""substrate:Al2O3"", ""extent"": ""bulk"", ""n_region_sh"": 1.8714407356960066, ""allowed"": true, ""angle_deg"": 18.206288241992272}, {""name"": ""topclad:SiO2"", ""extent"": ""bulk"", ""n_region_sh"": 1.524160825947718, ""allowed"": false, ""angle_deg"": NaN}]"
22014072663e,ridge,"{""sidewall_angle"": 5.0, ""substrate_height"": 1000.0, ""topclad_height"": 800.0, ""substrate_material"": ""Al2O3"", ""topclad_material"": ""SiO2"", ""core_eq_o"": ""(1+2.8032/(1-0.015287/x**2)+0.36335/(1-0.036095/x**2)-33508000/(1+367200000/x**2))**0.5"", ""core_eq_e"": ""(1+0.017061/(1-0.043855/x**2)+3.1976/(1-0.022642/x**2)-57269000/(1-74226000/x**2))**0.5"", ""core_chi2"": ""AlN"", ""h_core"": 300.0, ""w_core"": 500.0}",0,TM00,A,0.0014806907403493476,2.0538305229737146,2.038555455223687,2.070506092327815,450.0,408.871606700977,1576.960813722163,0.11510771267482833,False,nan,"[{""name"": ""substrate:Al2O3"", ""extent"": ""bulk"", ""n_region_sh"": 1.8714407356960066, ""allowed"": false, ""angle_deg"": NaN}, {""name"": ""topclad:SiO2"", ""extent"": ""bulk"", ""n_region_sh"": 1.524160825947718, ""allowed"": false, ""angle_deg"": NaN}]"
22014072663e,ridge,"{""sidewall_angle"": 5.0, ""substrate_height"": 1000.0, ""topclad_height"": 800.0, ""substrate_material"": ""Al2O3"", ""topclad_material"": ""SiO2"", ""core_eq_o"": ""(1+2.8032/(1-0.015287/x**2)+0.36335/(1-0.036095/x**2)-33508000/(1+367200000/x**2))**0.5"", ""core_eq_e"": ""(1+0.017061/(1-0.043855/x**2)+3.1976/(1-0.022642/x**2)-57269000/(1-74226000/x**2))**0.5"", ""core_chi2"": ""AlN"", ""h_core"": 300.0, ""w_core"": 500.0}",1,TM10,S,0.010031255725321186,1.938268705775361,1.914050736115823,1.9637711600279018,450.0,1826.0779288263532,1647.376596224637,0.12236923312148129,False,nan,"[{""name"": ""substrate:Al2O3"", ""extent"": ""bulk"", ""n_region_sh"": 1.8714407356960066, ""allowed"": false, ""angle_deg"": NaN}, {""name"": ""topclad:SiO2"", ""extent"": ""bulk"", ""n_region_sh"": 1.524160825947718, ""allowed"": false, ""angle_deg"": NaN}]"
22014072663e,ridge,"{""sidewall_angle"": 5.0, ""substrate_height"": 1000.0, ""topclad_height"": 800.0, ""substrate_material"": ""Al2O3"", ""topclad_material"": ""SiO2"", ""core_eq_o"": ""(1+2.8032/(1-0.015287/x**2)+0.36335/(1-0.036095/x**2)-33508000/(1+367200000/x**2))**0.5"", ""core_eq_e"": ""(1+0.017061/(1-0.043855/x**2)+3.1976/(1-0.022642/x**2)-57269000/(1-74226000/x**2))**0.5"", ""core_chi2"": ""AlN"", ""h_core"": 300.0, ""w_core"": 500.0}",2,TM21,A,0.02392876370547911,1.8030092860267113,1.780916577074622,1.8299724120509897,450.0,546.8138150407144,2388.189783012673,0.22858735823661797,True,15.542103532179599,"[{""name"": ""substrate:Al2O3"", ""extent"": ""bulk"", ""n_region_sh"": 1.8714407356960066, ""allowed"": true, ""angle_deg"": 15.542103532179599}, {""name"": ""topclad:SiO2"", ""extent"": ""bulk"", ""n_region_sh"": 1.524160825947718, ""allowed"": false, ""angle_deg"": NaN}]"
22014072663e,ridge,"{""sidewall_angle"": 5.0, ""substrate_height"": 1000.0, ""topclad_height"": 800.0, ""substrate_material"": ""Al2O3"", ""topclad_material"": ""SiO2"", ""core_eq_o"": ""(1+2.8032/(1-0.015287/x**2)+0.36335/(1-0.036095/x**2)-33508000/(1+367200000/x**2))**0.5"", ""core_eq_e"": ""(1+0.017061/(1-0.043855/x**2)+3.1976/(1-0.022642/x**2)-57269000/(1-74226000/x**2))**0.5"", ""core_chi2"": ""AlN"", ""h_core"": 300.0, ""w_core"": 500.0}",3,TE00,S,0.9984810895306133,1.994331758397021,1.9789446497900822,2.010706928677767,450.0,787.5758469337791,1766.4182113514298,0.11028984815542162,False,nan,"[{""name"": ""substrate:Al2O3"", ""extent"": ""bulk"", ""n_region_sh"": 1.8714407356960066, ""allowed"": false, ""angle_deg"": NaN}, {""name"": ""topclad:SiO2"", ""extent"": ""bulk"", ""n_region_sh"": 1.524160825947718, ""allowed"": false, ""angle_deg"": NaN}]"
22014072663e,ridge,"{""sidewall_angle"": 5.0, ""substrate_height"": 1000.0, ""topclad_height"": 800.0, ""substrate_material"": ""Al2O3"", ""topclad_material"": ""SiO2"", ""core_eq_o"": ""(1+2.8032/(1-0.015287/x**2)+0.36335/(1-0.036095/x**2)-33508000/(1+367200000/x**2))**0.5"", ""core_eq_e"": ""(1+0.017061/(1-0.043855/x**2)+3.1976/(1-0.022642/x**2)-57269000/(1-74226000/x**2))**0.5"", ""core_chi2"": ""AlN"", ""h_core"": 300.0, ""w_core"": 500.0}",4,TE10,A,0.9804268614436111,1.8591813957773953,1.8335305629264926,1.8859237961874238,450.0,3528.531612277583,1911.312416124847,0.14945963880755783,True,6.561762379457864,"[{""name"": ""substrate:Al2O3"", ""extent"": ""bulk"", ""n_region_sh"": 1.8714407356960066, ""allowed"": true, ""angle_deg"": 6.561762379457864}, {""name"": ""topclad:SiO2"", ""extent"": ""bulk"", ""n_region_sh"": 1.524160825947718, ""allowed"": false, ""angle_deg"": NaN}]"
eb165d8d6f8a,ridge,"{""sidewall_angle"": 5.0, ""substrate_height"": 1000.0, ""topclad_height"": 800.0, ""substrate_material"": ""Al2O3"", ""topclad_material"": ""SiO2"", ""core_eq_o"": ""(1+2.8032/(1-0.015287/x**2)+0.36335/(1-0.036095/x**2)-33508000/(1+367200000/x**2))**0.5"", ""core_eq_e"": ""(1+0.017061/(1-0.043855/x**2)+3.1976/(1-0.022642/x**2)-57269000/(1-74226000/x**2))**0.5"", ""core_chi2"": ""AlN"", ""h_core"": 300.0, ""w_core"": 600.0}",0,TM00,A,0.001193622043406375,2.064404214794609,2.04987292494207,2.080339750768716,450.0,251.59425755388156,1568.4149992259556,0.13460154684698775,False,nan,"[{""name"": ""substrate:Al2O3"", ""extent"": ""bulk"", ""n_region_sh"": 1.8714407356960066, ""allowed"": false, ""angle_deg"": NaN}, {""name"": ""topclad:SiO2"", ""extent"": ""bulk"", ""n_region_sh"": 1.524160825947718, ""allowed"": false, ""angle_deg"": NaN}]"
eb165d8d6f8a,ridge,"{""sidewall_angle"": 5.0, ""substrate_height"": 1000.0, ""topclad_height"": 800.0, ""substrate_material"": ""Al2O3"", ""topclad_material"": ""SiO2"", ""core_eq_o"": ""(1+2.8032/(1-0.015287/x**2)+0.36335/(1-0.036095/x**2)-33508000/(1+367200000/x**2))**0.5"", ""core_eq_e"": ""(1+0.017061/(1-0.043855/x**2)+3.1976/(1-0.022642/x**2)-57269000/(1-74226000/x**2))**0.5"", ""core_chi2"": ""AlN"", ""h_core"": 300.0, ""w_core"": 600.0}",1,TM10,S,0.007260088360969478,1.9810682879522559,1.9597726716759285,2.0036225663834575,450.0,1080.4345822681005,1615.5635852398589,0.139597752361717,False,nan,"[{""name"": ""substrate:Al2O3"", ""extent"": ""bulk"", ""n_region_sh"": 1.8714407356960066, ""allowed"": false, ""angle_deg"": NaN}, {""name"": ""topclad:SiO2"", ""extent"": ""bulk"", ""n_region_sh"": 1.524160825947718, ""allowed"": false, ""angle_deg"": NaN}]"
eb165d8d6f8a,ridge,"{""sidewall_angle"": 5.0, ""substrate_height"": 1000.0, ""topclad_height"": 800.0, ""substrate_material"": ""Al2O3"", ""topclad_material"": ""SiO2"", ""core_eq_o"": ""(1+2.8032/(1-0.015287/x**2)+0.36335/(1-0.036095/x**2)-33508000/(1+367200000/x**2))**0.5"", ""core_eq_e"": ""(1+0.017061/(1-0.043855/x**2)+3.1976/(1-0.022642/x**2)-57269000/(1-74226000/x**2))**0.5"", ""core_chi2"": ""AlN"", ""h_core"": 300.0, ""w_core"": 600.0}",2,TM20,A,0.022987148751571814,1.8399999264683762,1.8084491432665142,1.873358182603731,450.0,2736.1395408382723,1707.5597385523986,0.1540273329307937,True,10.51735066281638,"[{""name"": ""substrate:Al2O3"", ""extent"": ""bulk"", ""n_region_sh"": 1.8714407356960066, ""allowed"": true, ""angle_deg"": 10.51735066281638}, {""name"": ""topclad:SiO2"", ""extent"": ""bulk"", ""n_region_sh"": 1.524160825947718, ""allowed"": false, ""angle_deg"": NaN}]"
eb165d8d6f8a,ridge,"{""sidewall_angle"": 5.0, ""substrate_height"": 1000.0, ""topclad_height"": 800.0, ""substrate_material"": ""Al2O3"", ""topclad_material"": ""SiO2"", ""core_eq_o"": ""(1+2.8032/(1-0.015287/x**2)+0.36335/(1-0.036095/x**2)-33508000/(1+367200000/x**2))**0.5"", ""core_eq_e"": ""(1+0.017061/(1-0.043855/x**2)+3.1976/(1-0.022642/x**2)-57269000/(1-74226000/x**2))**0.5"", ""core_chi2"": ""AlN"", ""h_core"": 300.0, ""w_core"": 600.0}",3,TE00,S,0.9982897728865816,2.0076635286880253,1.993302999968328,2.0230262117783955,450.0,463.38365208892486,1744.6043333215453,0.12722566535580923,False,nan,"[{""name"": ""substrate:Al2O3"", ""extent"": ""bulk"", ""n_region_sh"": 1.8714407356960066, ""allowed"": false, ""angle_deg"": NaN}, {""name"": ""topclad:SiO2"", ""extent"": ""bulk"", ""n_region_sh"": 1.524160825947718, ""allowed"": false, ""angle_deg"": NaN}]"
eb165d8d6f8a,ridge,"{""sidewall_angle"": 5.0, ""substrate_height"": 1000.0, ""topclad_height"": 800.0, ""substrate_material"": ""Al2O3"", ""topclad_material"": ""SiO2"", ""core_eq_o"": ""(1+2.8032/(1-0.015287/x**2)+0.36335/(1-0.036095/x**2)-33508000/(1+367200000/x**2))**0.5"", ""core_eq_e"": ""(1+0.017061/(1-0.043855/x**2)+3.1976/(1-0.022642/x**2)-57269000/(1-74226000/x**2))**0.5"", ""core_chi2"": ""AlN"", ""h_core"": 300.0, ""w_core"": 600.0}",4,TE10,A,0.9945921090361515,1.9112706638335017,1.8888619873061656,1.9345301535949975,450.0,2048.7390701948243,1829.814101193015,0.15405800965191507,False,nan,"[{""name"": ""substrate:Al2O3"", ""extent"": ""bulk"", ""n_region_sh"": 1.8714407356960066, ""allowed"": false, ""angle_deg"": NaN}, {""name"": ""topclad:SiO2"", ""extent"": ""bulk"", ""n_region_sh"": 1.524160825947718, ""allowed"": false, ""angle_deg"": NaN}]"
4ba92adb5fc8,ridge,"{""sidewall_angle"": 5.0, ""substrate_height"": 1000.0, ""topclad_height"": 800.0, ""substrate_material"": ""Al2O3"", ""topclad_material"": ""SiO2"", ""core_eq_o"": ""(1+2.8032/(1-0.015287/x**2)+0.36335/(1-0.036095/x**2)-33508000/(1+367200000/x**2))**0.5"", ""core_eq_e"": ""(1+0.017061/(1-0.043855/x**2)+3.1976/(1-0.022642/x**2)-57269000/(1-74226000/x**2))**0.5"", ""core_chi2"": ""AlN"", ""h_core"": 300.0, ""w_core"": 700.0}",0,TM00,A,0.0009862338551585895,2.071110098274957,2.057077201449198,2.086553195557254,450.0,167.3611373762611,1563.6174684540008,0.1543188786166533,False,nan,"[{""name"": ""substrate:Al2O3"", ""extent"": ""bulk"", ""n_region_sh"": 1.8714407356960066, ""allowed"": false, ""angle_deg"": NaN}, {""name"": ""topclad:SiO2"", ""extent"": ""bulk"", ""n_region_sh"": 1.524160825947718, ""allowed"": false, ""angle_deg"": NaN}]"
4ba92adb5fc8,ridge,"{""sidewall_angle"": 5.0, ""substrate_height"": 1000.0, ""topclad_height"": 800.0, ""substrate_material"": ""Al2O3"", ""topclad_material"": ""SiO2"", ""core_eq_o"": ""(1+2.8032/(1-0.015287/x**2)+0.36335/(1-0.036095/x**2)-33508000/(1+367200000/x**2))**0.5"", ""core_eq_e"": ""(1+0.017061/(1-0.043855/x**2)+3.1976/(1-0.022642/x**2)-57269000/(1-74226000/x**2))**0.5"", ""core_chi2"": ""AlN"", ""h_core"": 300.0, ""w_core"": 700.0}",1,TM10,S,0.010903493055036769,2.0082363381876487,1.9889627878457343,2.0286937574951316,450.0,692.8312869733559,1603.8565390750168,0.15860221987236164,False,nan,"[{""name"": ""substrate:Al2O3"", ""extent"": ""bulk"", ""n_region_sh"": 1.8714407356960066, ""allowed"": false, ""angle_deg"": NaN}, {""name"": ""topclad:SiO2"", ""extent"": ""bulk"", ""n_region_sh"": 1.524160825947718, ""allowed"": false, ""angle_deg"": NaN}]"
4ba92adb5fc8,ridge,"{""sidewall_angle"": 5.0, ""substrate_height"": 1000.0, ""topclad_height"": 800.0, ""substrate_material"": ""Al2O3"", ""topclad_material"": ""SiO2"", ""core_eq_o"": ""(1+2.8032/(1-0.015287/x**2)+0.36335/(1-0.036095/x**2)-33508000/(1+367200000/x**2))**0.5"", ""core_eq_e"": ""(1+0.017061/(1-0.043855/x**2)+3.1976/(1-0.022642/x**2)-57269000/(1-74226000/x**2))**0.5"", ""core_chi2"": ""AlN"", ""h_core"": 300.0, ""w_core"": 700.0}",2,TM20,A,0.015550306463010246,1.9013870015231475,1.8731958629237955,1.9306826876177554,450.0,1756.7252981753911,1647.928732712146,0.1659520983800304,False,nan,"[{""name"": ""substrate:Al2O3"", ""extent"": ""bulk"", ""n_region_sh"": 1.8714407356960066, ""allowed"": false, ""angle_deg"": NaN}, {""name"": ""topclad:SiO2"", ""extent"": ""bulk"", ""n_region_sh"": 1.524160825947718, ""allowed"": false, ""angle_deg"": NaN}]"
4ba92adb5fc8,ridge,"{""sidewall_angle"": 5.0, ""substrate_height"": 1000.0, ""topclad_height"": 800.0, ""substrate_material"": ""Al2O3"", ""topclad_material"": ""SiO2"", ""core_eq_o"": ""(1+2.8032/(1-0.015287/x**2)+0.36335/(1-0.036095/x**2)-33508000/(1+367200000/x**2))**0.5"", ""core_eq_e"": ""(1+0.017061/(1-0.043855/x**2)+3.1976/(1-0.022642/x**2)-57269000/(1-74226000/x**2))**0.5"", ""core_chi2"": ""AlN"", ""h_core"": 300.0, ""w_core"": 700.0}",3,TE00,S,0.9931637750367485,2.0159002217935735,2.0021903868876327,2.030714365627445,450.0,296.4451997436866,1726.8930062746185,0.1455867149372928,False,nan,"[{""name"": ""substrate:Al2O3"", ""extent"": ""bulk"", ""n_region_sh"": 1.8714407356960066, ""allowed"": false, ""angle_deg"": NaN}, {""name"": ""topclad:SiO2"", ""extent"": ""bulk"", ""n_region_sh"": 1.524160825947718, ""allowed"": false, ""angle_deg"": NaN}]"
4ba92adb5fc8,ridge,"{""sidewall_angle"": 5.0, ""substrate_height"": 1000.0, ""topclad_height"": 800.0, ""substrate_material"": ""Al2O3"", ""topclad_material"": ""SiO2"", ""core_eq_o"": ""(1+2.8032/(1-0.015287/x**2)+0.36335/(1-0.036095/x**2)-33508000/(1+367200000/x**2))**0.5"", ""core_eq_e"": ""(1+0.017061/(1-0.043855/x**2)+3.1976/(1-0.022642/x**2)-57269000/(1-74226000/x**2))**0.5"", ""core_chi2"": ""AlN"", ""h_core"": 300.0, ""w_core"": 700.0}",4,TE10,A,0.996350160007751,1.9441401413277275,1.9242224237170578,1.964900682071269,450.0,1274.9754526713982,1786.8768149833502,0.16579472126157918,False,nan,"[{""name"": ""substrate:Al2O3"", ""extent"": ""bulk"", ""n_region_sh"": 1.8714407356960066, ""allowed"": false, ""angle_deg"": NaN}, {""name"": ""topclad:SiO2"", ""extent"": ""bulk"", ""n_region_sh"": 1.524160825947718, ""allowed"": false, ""angle_deg"": NaN}]"
6dc02431d95f,ridge,"{""sidewall_angle"": 5.0, ""substrate_height"": 1000.0, ""topclad_height"": 800.0, ""substrate_material"": ""Al2O3"", ""topclad_material"": ""SiO2"", ""core_eq_o"": ""(1+2.8032/(1-0.015287/x**2)+0.36335/(1-0.036095/x**2)-33508000/(1+367200000/x**2))**0.5"", ""core_eq_e"": ""(1+0.017061/(1-0.043855/x**2)+3.1976/(1-0.022642/x**2)-57269000/(1-74226000/x**2))**0.5"", ""core_chi2"": ""AlN"", ""h_core"": 300.0, ""w_core"": 800.0}",0,TM00,A,0.0008231946628560442,2.0756265671554135,2.061942527794341,2.090726644780183,450.0,118.0756994595665,1560.7464186972875,0.1741399172962972,False,nan,"[{""name"": ""substrate:Al2O3"", ""extent"": ""bulk"", ""n_region_sh"": 1.8714407356960066, ""allowed"": false, ""angle_deg"": NaN}, {""name"": ""topclad:SiO2"", ""extent"": ""bulk"", ""n_region_sh"": 1.524160825947718, ""allowed"": false, ""angle_deg"": NaN}]"
6dc02431d95f,ridge,"{""sidewall_angle"": 5.0, ""substrate_height"": 1000.0, ""topclad_height"": 800.0, ""substrate_material"": ""Al2O3"", ""topclad_material"": ""SiO2"", ""core_eq_o"": ""(1+2.8032/(1-0.015287/x**2)+0.36335/(1-0.036095/x**2)-33508000/(1+367200000/x**2))**0.5"", ""core_eq_e"": ""(1+0.017061/(1-0.043855/x**2)+3.1976/(1-0.022642/x**2)-57269000/(1-74226000/x**2))**0.5"", ""core_chi2"": ""AlN"", ""h_core"": 300.0, ""w_core"": 800.0}",1,TM10,S,0.010239323673690631,2.026616136935409,2.0089688677826927,2.045760206073884,450.0,468.55489055057706,1571.0410933071585,0.17748386833327348,False,nan,"[{""name"": ""substrate:Al2O3"", ""extent"": ""bulk"", ""n_region_sh"": 1.8714407356960066, ""allowed"": false, ""angle_deg"": NaN}, {""name"": ""topclad:SiO2"", ""extent"": ""bulk"", ""n_region_sh"": 1.524160825947718, ""allowed"": false, ""angle_deg"": NaN}]"
6dc02431d95f,ridge,"{""sidewall_angle"": 5.0, ""substrate_height"": 1000.0, ""topclad_height"": 800.0, ""substrate_material"": ""Al2O3"", ""topclad_material"": ""SiO2"", ""core_eq_o"": ""(1+2.8032/(1-0.015287/x**2)+0.36335/(1-0.036095/x**2)-33508000/(1+367200000/x**2))**0.5"", ""core_eq_e"": ""(1+0.017061/(1-0.043855/x**2)+3.1976/(1-0.022642/x**2)-57269000/(1-74226000/x**2))**0.5"", ""core_chi2"": ""AlN"", ""h_core"": 300.0, ""w_core"": 800.0}",2,TM20,A,0.012934798256825954,1.9432612437453882,1.918234851421639,1.9693834578775042,450.0,1167.8353741784933,1625.3963808736617,0.1828748628028351,False,nan,"[{""name"": ""substrate:Al2O3"", ""extent"": ""bulk"", ""n_region_sh"": 1.8714407356960066, ""allowed"": false, ""angle_deg"": NaN}, {""name"": ""topclad:SiO2"", ""extent"": ""bulk"", ""n_region_sh"": 1.524160825947718, ""allowed"": false, ""angle_deg"": NaN}]"
6dc02431d95f,ridge,"{""sidewall_angle"": 5.0, ""substrate_height"": 1000.0, ""topclad_height"": 800.0, ""substrate_material"": ""Al2O3"", ""topclad_material"": ""SiO2"", ""core_eq_o"": ""(1+2.8032/(1-0.015287/x**2)+0.36335/(1-0.036095/x**2)-33508000/(1+367200000/x**2))**0.5"", ""core_eq_e"": ""(1+0.017061/(1-0.043855/x**2)+3.1976/(1-0.022642/x**2)-57269000/(1-74226000/x**2))**0.5"", ""core_chi2"": ""AlN"", ""h_core"": 300.0, ""w_core"": 800.0}",3,TE00,S,0.9936343953876264,2.0212308078360945,2.0077618378178217,2.035523283818092,450.0,207.46232582176407,1742.237884932561,0.16346249700118645,False,nan,"[{""name"": ""substrate:Al2O3"", ""extent"": ""bulk"", ""n_region_sh"": 1.8714407356960066, ""allowed"": false, ""angle_deg"": NaN}, {""name"": ""topclad:SiO2"", ""extent"": ""bulk"", ""n_region_sh"": 1.524160825947718, ""allowed"": false, ""angle_deg"": NaN}]"
6dc02431d95f,ridge,"{""sidewall_angle"": 5.0, ""substrate_height"": 1000.0, ""topclad_height"": 800.0, ""substrate_material"": ""Al2O3"", ""topclad_material"": ""SiO2"", ""core_eq_o"": ""(1+2.8032/(1-0.015287/x**2)+0.36335/(1-0.036095/x**2)-33508000/(1+367200000/x**2))**0.5"", ""core_eq_e"": ""(1+0.017061/(1-0.043855/x**2)+3.1976/(1-0.022642/x**2)-57269000/(1-74226000/x**2))**0.5"", ""core_chi2"": ""AlN"", ""h_core"": 300.0, ""w_core"": 800.0}",4,TE10,A,0.9957797948196172,1.9659371868220452,1.9477846489811526,1.9849630990964493,450.0,845.9425276699469,1759.3661105568576,0.18033550751788693,False,nan,"[{""name"": ""substrate:Al2O3"", ""extent"": ""bulk"", ""n_region_sh"": 1.8714407356960066, ""allowed"": false, ""angle_deg"": NaN}, {""name"": ""topclad:SiO2"", ""extent"": ""bulk"", ""n_region_sh"": 1.524160825947718, ""allowed"": false, ""angle_deg"": NaN}]"
5575565c7993,ridge,"{""sidewall_angle"": 5.0, ""substrate_height"": 1000.0, ""topclad_height"": 800.0, ""substrate_material"": ""Al2O3"", ""topclad_material"": ""SiO2"", ""core_eq_o"": ""(1+2.8032/(1-0.015287/x**2)+0.36335/(1-0.036095/x**2)-33508000/(1+367200000/x**2))**0.5"", ""core_eq_e"": ""(1+0.017061/(1-0.043855/x**2)+3.1976/(1-0.022642/x**2)-57269000/(1-74226000/x**2))**0.5"", ""core_chi2"": ""AlN"", ""h_core"": 350.0, ""w_core"": 300.0}",0,TM00,A,0.0018138996467235303,2.020128987980555,2.0028797205536644,2.0388117583834044,450.0,1701.7946370542795,1212.4449520663372,0.08215900714511457,False,nan,"[{""name"": ""substrate:Al2O3"", ""extent"": ""bulk"", ""n_region_sh"": 1.8714407356960066, ""allowed"": false, ""angle_deg"": NaN}, {""name"": ""topclad:SiO2"", ""extent"": ""bulk"", ""n_region_sh"": 1.524160825947718, ""allowed"": false, ""angle_deg"": NaN}]"
5575565c7993,ridge,"{""sidewall_angle"": 5.0, ""substrate_height"": 1000.0, ""topclad_height"": 800.0, ""substrate_material"": ""Al2O3"", ""topclad_material"": ""SiO2"", ""core_eq_o"": ""(1+2.8032/(1-0.015287/x**2)+0.36335/(1-0.036095/x**2)-33508000/(1+367200000/x**2))**0.5"", ""core_eq_e"": ""(1+0.017061/(1-0.043855/x**2)+3.1976/(1-0.022642/x**2)-57269000/(1-74226000/x**2))**0.5"", ""core_chi2"": ""AlN"", ""h_core"": 350.0, ""w_core"": 300.0}",1,TM01,A,0.011639040977902216,1.8133748479113425,1.7879488941556838,1.8426047872825553,450.0,1852.6468812029202,2373.6856053028932,0.14466208652861612,True,14.309995163468551,"[{""name"": ""substrate:Al2O3"", ""extent"": ""bulk"", ""n_region_sh"": 1.8714407356960066, ""allowed"": true, ""angle_deg"": 14.309995163468551}, {""name"": ""topclad:SiO2"", ""extent"": ""bulk"", ""n_region_sh"": 1.524160825947718, ""allowed"": false, ""angle_deg"": NaN}]"
5575565c7993,ridge,"{""sidewall_angle"": 5.0, ""substrate_height"": 1000.0, ""topclad_height"": 800.0, ""substrate_material"": ""Al2O3"", ""topclad_material"": ""SiO2"", ""core_eq_o"": ""(1+2.8032/(1-0.015287/x**2)+0.36335/(1-0.036095/x**2)-33508000/(1+367200000/x**2))**0.5"", ""core_eq_e"": ""(1+0.017061/(1-0.043855/x**2)+3.1976/(1-0.022642/x**2)-57269000/(1-74226000/x**2))**0.5"", ""core_chi2"": ""AlN"", ""h_core"": 350.0, ""w_core"": 300.0}",2,TM22,A,0.00029623785248346037,1.7616521224504669,1.75653006963483,1.7662852396360513,450.0,40.4981730963588,46.59560541089999,0.9930554958755997,True,19.72307472404426,"[{""name"": ""substrate:Al2O3"", ""extent"": ""bulk"", ""n_region_sh"": 1.8714407356960066, ""allowed"": true, ""angle_deg"": 19.72307472404426}, {""name"": ""topclad:SiO2"", ""extent"": ""bulk"", ""n_region_sh"": 1.524160825947718, ""allowed"": false, ""angle_deg"": NaN}]"
5575565c7993,ridge,"{""sidewall_angle"": 5.0, ""substrate_height"": 1000.0, ""topclad_height"": 800.0, ""substrate_material"": ""Al2O3"", ""topclad_material"": ""SiO2"", ""core_eq_o"": ""(1+2.8032/(1-0.015287/x**2)+0.36335/(1-0.036095/x**2)-33508000/(1+367200000/x**2))**0.5"", ""core_eq_e"": ""(1+0.017061/(1-0.043855/x**2)+3.1976/(1-0.022642/x**2)-57269000/(1-74226000/x**2))**0.5"", ""core_chi2"": ""AlN"", ""h_core"": 350.0, ""w_core"": 300.0}",3,TE00,S,0.9958878501244537,1.9343710741822673,1.9148628976731812,1.954930624282964,450.0,3546.571605919868,1536.83752049342,0.09137807769280896,False,nan,"[{""name"": ""substrate:Al2O3"", ""extent"": ""bulk"", ""n_region_sh"": 1.8714407356960066, ""allowed"": false, ""angle_deg"": NaN}, {""name"": ""topclad:SiO2"", ""extent"": ""bulk"", ""n_region_sh"": 1.524160825947718, ""allowed"": false, ""angle_deg"": NaN}]"
5575565c7993,ridge,"{""sidewall_angle"": 5.0, ""substrate_height"": 1000.0, ""topclad_height"": 800.0, ""substrate_material"": ""Al2O3"", ""topclad_material"": ""SiO2"", ""core_eq_o"": ""(1+2.8032/(1-0.015287/x**2)+0.36335/(1-0.036095/x**2)-33508000/(1+367200000/x**2))**0.5"", ""core_eq_e"": ""(1+0.017061/(1-0.043855/x**2)+3.1976/(1-0.022642/x**2)-57269000/(1-74226000/x**2))**0.5"", ""core_chi2"": ""AlN"", ""h_core"": 350.0, ""w_core"": 300.0}",4,TE01,S,0.9265196416526593,1.7791576867924987,1.774079000634047,1.803893174629471,450.0,1923.3096323093234,1158.002262148736,0.45445087760492,True,18.068060991362426,"[{""name"": ""substrate:Al2O3"", ""extent"": ""bulk"", ""n_region_sh"": 1.8714407356960066, ""allowed"": true, ""angle_deg"": 18.068060991362426}, {""name"": ""topclad:SiO2"", ""extent"": ""bulk"", ""n_region_sh"": 1.524160825947718, ""allowed"": false, ""angle_deg"": NaN}]"
cde1f4a6155a,ridge,"{""sidewall_angle"": 5.0, ""substrate_height"": 1000.0, ""topclad_height"": 800.0, ""substrate_material"": ""Al2O3"", ""topclad_material"": ""SiO2"", ""core_eq_o"": ""(1+2.8032/(1-0.015287/x**2)+0.36335/(1-0.036095/x**2)-33508000/(1+367200000/x**2))**0.5"", ""core_eq_e"": ""(1+0.017061/(1-0.043855/x**2)+3.1976/(1-0.022642/x**2)-57269000/(1-74226000/x**2))**0.5"", ""core_chi2"": ""AlN"", ""h_core"": 350.0, ""w_core"": 400.0}",0,TM00,A,0.0013569407773914037,2.055987037282934,2.04076017424645,2.072607439656479,450.0,797.9288364990643,1158.3147598431824,0.10179423276048219,False,nan,"[{""name"": ""substrate:Al2O3"", ""extent"": ""bulk"", ""n_region_sh"": 1.8714407356960066, ""allowed"": false, ""angle_deg"": NaN}, {""name"": ""topclad:SiO2"", ""extent"": ""bulk"", ""n_region_sh"": 1.524160825947718, ""allowed"": false, ""angle_deg"": NaN}]"
cde1f4a6155a,ridge,"{""sidewall_angle"": 5.0, ""substrate_height"": 1000.0, ""topclad_height"": 800.0, ""substrate_material"": ""Al2O3"", ""topclad_material"": ""SiO2"", ""core_eq_o"": ""(1+2.8032/(1-0.015287/x**2)+0.36335/(1-0.036095/x**2)-33508000/(1+367200000/x**2))**0.5"", ""core_eq_e"": ""(1+0.017061/(1-0.043855/x**2)+3.1976/(1-0.022642/x**2)-57269000/(1-74226000/x**2))**0.5"", ""core_chi2"": ""AlN"", ""h_core"": 350.0, ""w_core"": 400.0}",1,TM10,S,0.026545618084833727,1.883702878742127,1.856257382551824,1.9125700704455824,450.0,3717.527393923061,1332.3856346188056,0.11471956261610645,False,nan,"[{""name"": ""substrate:Al2O3"", ""extent"": ""bulk"", ""n_region_sh"": 1.8714407356960066, ""allowed"": false, ""angle_deg"": NaN}, {""name"": ""topclad:SiO2"", ""extent"": ""bulk"", ""n_region_sh"": 1.524160825947718, ""allowed"": false, ""angle_deg"": NaN}]"
cde1f4a6155a,ridge,"{""sidewall_angle"": 5.0, ""substrate_height"": 1000.0, ""topclad_height"": 800.0, ""substrate_material"": ""Al2O3"", ""topclad_material"": ""SiO2"", ""core_eq_o"": ""(1+2.8032/(1-0.015287/x**2)+0.36335/(1-0.036095/x**2)-33508000/(1+367200000/x**2))**0.5"", ""core_eq_e"": ""(1+0.017061/(1-0.043855/x**2)+3.1976/(1-0.022642/x**2)-57269000/(1-74226000/x**2))**0.5"", ""core_chi2"": ""AlN"", ""h_core"": 350.0, ""w_core"": 400.0}",2,TM01,A,0.020099436027305833,1.847603891683261,1.8214973145276312,1.8762320898577545,450.0,1017.6057756078985,2550.3784809048484,0.1659025855345626,True,9.154529356837845,"[{""name"": ""substrate:Al2O3"", ""extent"": ""bulk"", ""n_region_sh"": 1.8714407356960066, ""allowed"": true, ""angle_deg"": 9.154529356837845}, {""name"": ""topclad:SiO2"", ""extent"": ""bulk"", ""n_region_sh"": 1.524160825947718, ""allowed"": false, ""angle_deg"": NaN}]"
cde1f4a6155a,ridge,"{""sidewall_angle"": 5.0, ""substrate_height"": 1000.0, ""topclad_height"": 800.0, ""substrate_material"": ""Al2O3"", ""topclad_material"": ""SiO2"", ""core_eq_o"": ""(1+2.8032/(1-0.015287/x**2)+0.36335/(1-0.036095/x**2)-33508000/(1+367200000/x**2))**0.5"", ""core_eq_e"": ""(1+0.017061/(1-0.043855/x**2)+3.1976/(1-0.022642/x**2)-57269000/(1-74226000/x**2))**0.5"", ""core_chi2"": ""AlN"", ""h_core"": 350.0, ""w_core"": 400.0}",3,TE00,S,0.997842873767771,1.9838685854978724,1.9673595063251108,2.0013301289627603,450.0,1541.8238111867133,1393.7812234619366,0.1037327838620661,False,nan,"[{""name"": ""substrate:Al2O3"", ""extent"": ""bulk"", ""n_region_sh"": 1.8714407356960066, ""allowed"": false, ""angle_deg"": NaN}, {""name"": ""topclad:SiO2"", ""extent"": ""bulk"", ""n_region_sh"": 1.524160825947718, ""allowed"": false, ""angle_deg"": NaN}]"
cde1f4a6155a,ridge,"{""sidewall_angle"": 5.0, ""substrate_height"": 1000.0, ""topclad_height"": 800.0, ""substrate_material"": ""Al2O3"", ""topclad_material"": ""SiO2"", ""core_eq_o"": ""(1+2.8032/(1-0.015287/x**2)+0.36335/(1-0.036095/x**2)-33508000/(1+367200000/x**2))**0.5"", ""core_eq_e"": ""(1+0.017061/(1-0.043855/x**2)+3.1976/(1-0.022642/x**2)-57269000/(1-74226000/x**2))**0.5"", ""core_chi2"": ""AlN"", ""h_core"": 350.0, ""w_core"": 400.0}",4,TE01,S,0.982613620572573,1.8150941124907318,1.791078230748686,1.8416622921986496,450.0,1732.1201807814782,2543.5579713669895,0.14576133885794787,True,14.09546063903122,"[{""name"": ""substrate:Al2O3"", ""extent"": ""bulk"", ""n_region_sh"": 1.8714407356960066, ""allowed"": true, ""angle_deg"": 14.09546063903122}, {""name"": ""topclad:SiO2"", ""extent"": ""bulk"", ""n_region_sh"": 1.524160825947718, ""allowed"": false, ""angle_deg"": NaN}]"
a71d9c3d15aa,ridge,"{""sidewall_angle"": 5.0, ""substrate_height"": 1000.0, ""topclad_height"": 800.0, ""substrate_material"": ""Al2O3"", ""topclad_material"": ""SiO2"", ""core_eq_o"": ""(1+2.8032/(1-0.015287/x**2)+0.36335/(1-0.036095/x**2)-33508000/(1+367200000/x**2))**0.5"", ""core_eq_e"": ""(1+0.017061/(1-0.043855/x**2)+3.1976/(1-0.022642/x**2)-57269000/(1-74226000/x**2))**0.5"", ""core_chi2"": ""AlN"", ""h_core"": 350.0, ""w_core"": 500.0}",0,TM00,A,0.001075246958303095,2.0745127214223475,2.060496422085812,2.0899207612586475,450.0,437.0771738187437,1135.704596954072,0.12237084497973234,False,nan,"[{""name"": ""substrate:Al2O3"", ""extent"": ""bulk"", ""n_region_sh"": 1.8714407356960066, ""allowed"": false, ""angle_deg"": NaN}, {""name"": ""topclad:SiO2"", ""extent"": ""bulk"", ""n_region_sh"": 1.524160825947718, ""allowed"": false, ""angle_deg"": NaN}]"
a71d9c3d15aa,ridge,"{""sidewall_angle"": 5.0, ""substrate_height"": 1000.0, ""topclad_height"": 800.0, ""substrate_material"": ""Al2O3"", ""topclad_material"": ""SiO2"", ""core_eq_o"": ""(1+2.8032/(1-0.015287/x**2)+0.36335/(1-0.036095/x**2)-33508000/(1+367200000/x**2))**0.5"", ""core_eq_e"": ""(1+0.017061/(1-0.043855/x**2)+3.1976/(1-0.022642/x**2)-57269000/(1-74226000/x**2))**0.5"", ""core_chi2"": ""AlN"", ""h_core"": 350.0, ""w_core"": 500.0}",1,TM10,S,0.009215592991120984,1.9577085517373425,1.9345924060268724,1.9820684096834424,450.0,1968.5988358135742,1228.7489043345752,0.12953225635354362,False,nan,"[{""name"": ""substrate:Al2O3"", ""extent"": ""bulk"", ""n_region_sh"": 1.8714407356960066, ""allowed"": false, ""angle_deg"": NaN}, {""name"": ""topclad:SiO2"", ""extent"": ""bulk"", ""n_region_sh"": 1.524160825947718, ""allowed"": false, ""angle_deg"": NaN}]"
a71d9c3d15aa,ridge,"{""sidewall_angle"": 5.0, ""substrate_height"": 1000.0, ""topclad_height"": 800.0, ""substrate_material"": ""Al2O3"", ""topclad_material"": ""SiO2"", ""core_eq_o"": ""(1+2.8032/(1-0.015287/x**2)+0.36335/(1-0.036095/x**2)-33508000/(1+367200000/x**2))**0.5"", ""core_eq_e"": ""(1+0.017061/(1-0.043855/x**2)+3.1976/(1-0.022642/x**2)-57269000/(1-74226000/x**2))**0.5"", ""core_chi2"": ""AlN"", ""h_core"": 350.0, ""w_core"": 500.0}",2,TM01,A,0.30718316714057764,1.861152870030541,1.834280032063827,1.889742308148374,450.0,1346.4073488615684,2271.295838579847,0.21081532638983355,True,6.010510885026621,"[{""name"": ""substrate:Al2O3"", ""extent"": ""bulk"", ""n_region_sh"": 1.8714407356960066, ""allowed"": true, ""angle_deg"": 6.010510885026621}, {""name"": ""topclad:SiO2"", ""extent"": ""bulk"", ""n_region_sh"": 1.524160825947718, ""allowed"": false, ""angle_deg"": NaN}]"
a71d9c3d15aa,ridge,"{""sidewall_angle"": 5.0, ""substrate_height"": 1000.0, ""topclad_height"": 800.0, ""substrate_material"": ""Al2O3"", ""topclad_material"": ""SiO2"", ""core_eq_o"": ""(1+2.8032/(1-0.015287/x**2)+0.36335/(1-0.036095/x**2)-33508000/(1+367200000/x**2))**0.5"", ""core_eq_e"": ""(1+0.017061/(1-0.043855/x**2)+3.1976/(1-0.022642/x**2)-57269000/(1-74226000/x**2))**0.5"", ""core_chi2"": ""AlN"", ""h_core"": 350.0, ""w_core"": 500.0}",3,TE00,S,0.9983741141480332,2.0082342774417707,1.9934855791882733,2.0239404759932085,450.0,798.5922557584496,1338.3375811332464,0.12063537187055533,False,nan,"[{""name"": ""substrate:Al2O3"", ""extent"": ""bulk"", ""n_region_sh"": 1.8714407356960066, ""allowed"": false, ""angle_deg"": NaN}, {""name"": ""topclad:SiO2"", ""extent"": ""bulk"", ""n_region_sh"": 1.524160825947718, ""allowed"": false, ""angle_deg"": NaN}]"
a71d9c3d15aa,ridge,"{""sidewall_angle"": 5.0, ""substrate_height"": 1000.0, ""topclad_height"": 800.0, ""substrate_material"": ""Al2O3"", ""topclad_material"": ""SiO2"", ""core_eq_o"": ""(1+2.8032/(1-0.015287/x**2)+0.36335/(1-0.036095/x**2)-33508000/(1+367200000/x**2))**0.5"", ""core_eq_e"": ""(1+0.017061/(1-0.043855/x**2)+3.1976/(1-0.022642/x**2)-57269000/(1-74226000/x**2))**0.5"", ""core_chi2"": ""AlN"", ""h_core"": 350.0, ""w_core"": 500.0}",4,TE10,A,0.706201891640884,1.8739409619726453,1.8491471370752488,1.9000947235468515,450.0,2628.818131799549,1857.6869473350741,0.20145621483511342,False,nan,"[{""name"": ""substrate:Al2O3"", ""extent"": ""bulk"", ""n_region_sh"": 1.8714407356960066, ""allowed"": false, ""angle_deg"": NaN}, {""name"": ""topclad:SiO2"", ""extent"": ""bulk"", ""n_region_sh"": 1.524160825947718, ""allowed"": false, ""angle_deg"": NaN}]"
8f914b33fc75,ridge,"{""sidewall_angle"": 5.0, ""substrate_height"": 1000.0, ""topclad_height"": 800.0, ""substrate_material"": ""Al2O3"", ""topclad_material"": ""SiO2"", ""core_eq_o"": ""(1+2.8032/(1-0.015287/x**2)+0.36335/(1-0.036095/x**2)-33508000/(1+367200000/x**2))**0.5"", ""core_eq_e"": ""(1+0.017061/(1-0.043855/x**2)+3.1976/(1-0.022642/x**2)-57269000/(1-74226000/x**2))**0.5"", ""core_chi2"": ""AlN"", ""h_core"": 350.0, ""w_core"": 600.0}",0,TM00,A,0.0008762392983729396,2.085281874640924,2.072028844517284,2.099932862013632,450.0,266.6333209282102,1124.5922265021122,0.14339834532700427,False,nan,"[{""name"": ""substrate:Al2O3"", ""extent"": ""bulk"", ""n_region_sh"": 1.8714407356960066, ""allowed"": false, ""angle_deg"": NaN}, {""name"": ""topclad:SiO2"", ""extent"": ""bulk"", ""n_region_sh"": 1.524160825947718, ""allowed"": false, ""angle_deg"": NaN}]"
8f914b33fc75,ridge,"{""sidewall_angle"": 5.0, ""substrate_height"": 1000.0, ""topclad_height"": 800.0, ""substrate_material"": ""Al2O3"", ""topclad_material"": ""SiO2"", ""core_eq_o"": ""(1+2.8032/(1-0.015287/x**2)+0.36335/(1-0.036095/x**2)-33508000/(1+367200000/x**2))**0.5"", ""core_eq_e"": ""(1+0.017061/(1-0.043855/x**2)+3.1976/(1-0.022642/x**2)-57269000/(1-74226000/x**2))**0.5"", ""core_chi2"": ""AlN"", ""h_core"": 350.0, ""w_core"": 600.0}",1,TM10,S,0.006826476032259003,2.0013163635184195,1.9812312183213165,2.022636891069967,450.0,1157.5968721313802,1184.3185177738274,0.14838311260905881,False,nan,"[{""name"": ""substrate:Al2O3"", ""extent"": ""bulk"", ""n_region_sh"": 1.8714407356960066, ""allowed"": false, ""angle_deg"": NaN}, {""name"": ""topclad:SiO2"", ""extent"": ""bulk"", ""n_region_sh"": 1.524160825947718, ""allowed"": false, ""angle_deg"": NaN}]"
8f914b33fc75,ridge,"{""sidewall_angle"": 5.0, ""substrate_height"": 1000.0, ""topclad_height"": 800.0, ""substrate_material"": ""Al2O3"", ""topclad_material"": ""SiO2"", ""core_eq_o"": ""(1+2.8032/(1-0.015287/x**2)+0.36335/(1-0.036095/x**2)-33508000/(1+367200000/x**2))**0.5"", ""core_eq_e"": ""(1+0.017061/(1-0.043855/x**2)+3.1976/(1-0.022642/x**2)-57269000/(1-74226000/x**2))**0.5"", ""core_chi2"": ""AlN"", ""h_core"": 350.0, ""w_core"": 600.0}",2,TM21,A,0.013934666481791027,1.8763101599438843,1.8506791126079798,1.9040223714813658,450.0,467.19299144998894,2565.675690569142,0.21677875384482792,False,nan,"[{""name"": ""substrate:Al2O3"", ""extent"": ""bulk"", ""n_region_sh"": 1.8714407356960066, ""allowed"": false, ""angle_deg"": NaN}, {""name"": ""topclad:SiO2"", ""extent"": ""bulk"", ""n_region_sh"": 1.524160825947718, ""allowed"": false, ""angle_deg"": NaN}]"
8f914b33fc75,ridge,"{""sidewall_angle"": 5.0, ""substrate_height"": 1000.0, ""topclad_height"": 800.0, ""substrate_material"": ""Al2O3"", ""topclad_material"": ""SiO2"", ""core_eq_o"": ""(1+2.8032/(1-0.015287/x**2)+0.36335/(1-0.036095/x**2)-33508000/(1+367200000/x**2))**0.5"", ""core_eq_e"": ""(1+0.017061/(1-0.043855/x**2)+3.1976/(1-0.022642/x**2)-57269000/(1-74226000/x**2))**0.5"", ""core_chi2"": ""AlN"", ""h_core"": 350.0, ""w_core"": 600.0}",3,TE00,S,0.9975677064172576,2.021869830349988,2.0081798333016163,2.0365374341382596,450.0,466.2026669531234,1311.2957260461744,0.1394639119166177,False,nan,"[{""name"": ""substrate:Al2O3"", ""extent"": ""bulk"", ""n_region_sh"": 1.8714407356960066, ""allowed"": false, ""angle_deg"": NaN}, {""name"": ""topclad:SiO2"", ""extent"": ""bulk"", ""n_region_sh"": 1.524160825947718, ""allowed"": false, ""angle_deg"": NaN}]"
8f914b33fc75,ridge,"{""sidewall_angle"": 5.0, ""substrate_height"": 1000.0, ""topclad_height"": 800.0, ""substrate_material"": ""Al2O3"", ""topclad_material"": ""SiO2"", ""core_eq_o"": ""(1+2.8032/(1-0.015287/x**2)+0.36335/(1-0.036095/x**2)-33508000/(1+367200000/x**2))**0.5"", ""core_eq_e"": ""(1+0.017061/(1-0.043855/x**2)+3.1976/(1-0.022642/x**2)-57269000/(1-74226000/x**2))**0.5"", ""core_chi2"": ""AlN"", ""h_core"": 350.0, ""w_core"": 600.0}",4,TE10,A,0.9910875495042312,1.9244936288392225,1.902623757449985,1.9471645645139384,450.0,2061.6329583933143,1426.8013447628869,0.16905445567890173,False,nan,"[{""name"": ""substrate:Al2O3"", ""extent"": ""bulk"", ""n_region_sh"": 1.8714407356960066, ""allowed"": false, ""angle_deg"": NaN}, {""name"": ""topclad:SiO2"", ""extent"": ""bulk"", ""n_region_sh"": 1.524160825947718, ""allowed"": false, ""angle_deg"": NaN}]"
00ba18d567d4,ridge,"{""sidewall_angle"": 5.0, ""substrate_height"": 1000.0, ""topclad_height"": 800.0, ""substrate_material"": ""Al2O3"", ""topclad_material"": ""SiO2"", ""core_eq_o"": ""(1+2.8032/(1-0.015287/x**2)+0.36335/(1-0.036095/x**2)-33508000/(1+367200000/x**2))**0.5"", ""core_eq_e"": ""(1+0.017061/(1-0.043855/x**2)+3.1976/(1-0.022642/x**2)-57269000/(1-74226000/x**2))**0.5"", ""core_chi2"": ""AlN"", ""h_core"": 350.0, ""w_core"": 700.0}",0,TM00,A,0.0007275704308773522,2.092083940328374,2.079338850668224,2.1062342204183,450.0,175.54593504555663,1118.5318331460765,0.1646193485323419,False,nan,"[{""name"": ""substrate:Al2O3"", ""extent"": ""bulk"", ""n_region_sh"": 1.8714407356960066, ""allowed"": false, ""angle_deg"": NaN}, {""name"": ""topclad:SiO2"", ""extent"": ""bulk"", ""n_region_sh"": 1.524160825947718, ""allowed"": false, ""angle_deg"": NaN}]"
00ba18d567d4,ridge,"{""sidewall_angle"": 5.0, ""substrate_height"": 1000.0, ""topclad_height"": 800.0, ""substrate_material"": ""Al2O3"", ""topclad_material"": ""SiO2"", ""core_eq_o"": ""(1+2.8032/(1-0.015287/x**2)+0.36335/(1-0.036095/x**2)-33508000/(1+367200000/x**2))**0.5"", ""core_eq_e"": ""(1+0.017061/(1-0.043855/x**2)+3.1976/(1-0.022642/x**2)-57269000/(1-74226000/x**2))**0.5"", ""core_chi2"": ""AlN"", ""h_core"": 350.0, ""w_core"": 700.0}",1,TM10,S,0.13936348473313492,2.028703343177978,2.010840615155153,2.0482968757054216,450.0,695.3880841003142,1213.8752161355085,0.18236164978154804,False,nan,"[{""name"": ""substrate:Al2O3"", ""extent"": ""bulk"", ""n_region_sh"": 1.8714407356960066, ""allowed"": false, ""angle_deg"": NaN}, {""name"": ""topclad:SiO2"", ""extent"": ""bulk"", ""n_region_sh"": 1.524160825947718, ""allowed"": false, ""angle_deg"": NaN}]"
00ba18d567d4,ridge,"{""sidewall_angle"": 5.0, ""substrate_height"": 1000.0, ""topclad_height"": 800.0, ""substrate_material"": ""Al2O3"", ""topclad_material"": ""SiO2"", ""core_eq_o"": ""(1+2.8032/(1-0.015287/x**2)+0.36335/(1-0.036095/x**2)-33508000/(1+367200000/x**2))**0.5"", ""core_eq_e"": ""(1+0.017061/(1-0.043855/x**2)+3.1976/(1-0.022642/x**2)-57269000/(1-74226000/x**2))**0.5"", ""core_chi2"": ""AlN"", ""h_core"": 350.0, ""w_core"": 700.0}",2,TM20,A,0.014481596403585763,1.921538068296139,1.8945299335478192,1.9496114848223867,450.0,1869.5534642105847,1234.1858718362564,0.17586220434119726,False,nan,"[{""name"": ""substrate:Al2O3"", ""extent"": ""bulk"", ""n_region_sh"": 1.8714407356960066, ""allowed"": false, ""angle_deg"": NaN}, {""name"": ""topclad:SiO2"", ""extent"": ""bulk"", ""n_region_sh"": 1.524160825947718, ""allowed"": false, ""angle_deg"": NaN}]"
00ba18d567d4,ridge,"{""sidewall_angle"": 5.0, ""substrate_height"": 1000.0, ""topclad_height"": 800.0, ""substrate_material"": ""Al2O3"", ""topclad_material"": ""SiO2"", ""core_eq_o"": ""(1+2.8032/(1-0.015287/x**2)+0.36335/(1-0.036095/x**2)-33508000/(1+367200000/x**2))**0.5"", ""core_eq_e"": ""(1+0.017061/(1-0.043855/x**2)+3.1976/(1-0.022642/x**2)-57269000/(1-74226000/x**2))**0.5"", ""core_chi2"": ""AlN"", ""h_core"": 350.0, ""w_core"": 700.0}",3,TE00,S,0.8623717298707408,2.0304341785754114,2.0172603248138956,2.044128073926543,450.0,321.0001162643969,1243.868137685976,0.17495004752590498,False,nan,"[{""name"": ""substrate:Al2O3"", ""extent"": ""bulk"", ""n_region_sh"": 1.8714407356960066, ""allowed"": false, ""angle_deg"": NaN}, {""name"": ""topclad:SiO2"", ""extent"": ""bulk"", ""n_region_sh"": 1.524160825947718, ""allowed"": false, ""angle_deg"": NaN}]"
00ba18d567d4,ridge,"{""sidewall_angle"": 5.0, ""substrate_height"": 1000.0, ""topclad_height"": 800.0, ""substrate_material"": ""Al2O3"", ""topclad_material"": ""SiO2"", ""core_eq_o"": ""(1+2.8032/(1-0.015287/x**2)+0.36335/(1-0.036095/x**2)-33508000/(1+367200000/x**2))**0.5"", ""core_eq_e"": ""(1+0.017061/(1-0.043855/x**2)+3.1976/(1-0.022642/x**2)-57269000/(1-74226000/x**2))**0.5"", ""core_chi2"": ""AlN"", ""h_core"": 350.0, ""w_core"": 700.0}",4,TE10,A,0.9953787233962703,1.9579047229544895,1.9385977378848347,1.9780168280251391,450.0,1281.2565888974739,1365.9212969013577,0.18173381046348686,False,nan,"[{""name"": ""substrate:Al2O3"", ""extent"": ""bulk"", ""n_region_sh"": 1.8714407356960066, ""allowed"": false, ""angle_deg"": NaN}, {""name"": ""topclad:SiO2"", ""extent"": ""bulk"", ""n_region_sh"": 1.524160825947718, ""allowed"": false, ""angle_deg"": NaN}]"
7dda556f8dbe,ridge,"{""sidewall_angle"": 5.0, ""substrate_height"": 1000.0, ""topclad_height"": 800.0, ""substrate_material"": ""Al2O3"", ""topclad_material"": ""SiO2"", ""core_eq_o"": ""(1+2.8032/(1-0.015287/x**2)+0.36335/(1-0.036095/x**2)-33508000/(1+367200000/x**2))**0.5"", ""core_eq_e"": ""(1+0.017061/(1-0.043855/x**2)+3.1976/(1-0.022642/x**2)-57269000/(1-74226000/x**2))**0.5"", ""core_chi2"": ""AlN"", ""h_core"": 350.0, ""w_core"": 800.0}",0,TM00,A,0.0006123538173367439,2.0966512430887474,2.08425994387844,2.1104542765407333,450.0,122.46791216924134,1114.9496365689467,0.1859456102113378,False,nan,"[{""name"": ""substrate:Al2O3"", ""extent"": ""bulk"", ""n_region_sh"": 1.8714407356960066, ""allowed"": false, ""angle_deg"": NaN}, {""name"": ""topclad:SiO2"", ""extent"": ""bulk"", ""n_region_sh"": 1.524160825947718, ""allowed"": false, ""angle_deg"": NaN}]"
7dda556f8dbe,ridge,"{""sidewall_angle"": 5.0, ""substrate_height"": 1000.0, ""topclad_height"": 800.0, ""substrate_material"": ""Al2O3"", ""topclad_material"": ""SiO2"", ""core_eq_o"": ""(1+2.8032/(1-0.015287/x**2)+0.36335/(1-0.036095/x**2)-33508000/(1+367200000/x**2))**0.5"", ""core_eq_e"": ""(1+0.017061/(1-0.043855/x**2)+3.1976/(1-0.022642/x**2)-57269000/(1-74226000/x**2))**0.5"", ""core_chi2"": ""AlN"", ""h_core"": 350.0, ""w_core"": 800.0}",1,TM10,S,0.004104074398678732,2.0474605072928114,2.0308884426886684,2.0653284295383263,450.0,499.10901595754655,1135.9893987022376,0.188711377290314,False,nan,"[{""name"": ""substrate:Al2O3"", ""extent"": ""bulk"", ""n_region_sh"": 1.8714407356960066, ""allowed"": false, ""angle_deg"": NaN}, {""name"": ""topclad:SiO2"", ""extent"": ""bulk"", ""n_region_sh"": 1.524160825947718, ""allowed"": false, ""angle_deg"": NaN}]"
7dda556f8dbe,ridge,"{""sidewall_angle"": 5.0, ""substrate_height"": 1000.0, ""topclad_height"": 800.0, ""substrate_material"": ""Al2O3"", ""topclad_material"": ""SiO2"", ""core_eq_o"": ""(1+2.8032/(1-0.015287/x**2)+0.36335/(1-0.036095/x**2)-33508000/(1+367200000/x**2))**0.5"", ""core_eq_e"": ""(1+0.017061/(1-0.043855/x**2)+3.1976/(1-0.022642/x**2)-57269000/(1-74226000/x**2))**0.5"", ""core_chi2"": ""AlN"", ""h_core"": 350.0, ""w_core"": 800.0}",2,TM20,A,0.013706432808707758,1.9638281240448403,1.9400517885282638,1.9886651249044056,450.0,1243.638110150508,1197.251654507394,0.1947872287814156,False,nan,"[{""name"": ""substrate:Al2O3"", ""extent"": ""bulk"", ""n_region_sh"": 1.8714407356960066, ""allowed"": false, ""angle_deg"": NaN}, {""name"": ""topclad:SiO2"", ""extent"": ""bulk"", ""n_region_sh"": 1.524160825947718, ""allowed"": false, ""angle_deg"": NaN}]"
7dda556f8dbe,ridge,"{""sidewall_angle"": 5.0, ""substrate_height"": 1000.0, ""topclad_height"": 800.0, ""substrate_material"": ""Al2O3"", ""topclad_material"": ""SiO2"", ""core_eq_o"": ""(1+2.8032/(1-0.015287/x**2)+0.36335/(1-0.036095/x**2)-33508000/(1+367200000/x**2))**0.5"", ""core_eq_e"": ""(1+0.017061/(1-0.043855/x**2)+3.1976/(1-0.022642/x**2)-57269000/(1-74226000/x**2))**0.5"", ""core_chi2"": ""AlN"", ""h_core"": 350.0, ""w_core"": 800.0}",3,TE00,S,0.9986498450052019,2.0356761316189234,2.023111987957608,2.0492327070752063,450.0,203.80725468792033,1299.8872357433831,0.17885596676946017,False,nan,"[{""name"": ""substrate:Al2O3"", ""extent"": ""bulk"", ""n_region_sh"": 1.8714407356960066, ""allowed"": false, ""angle_deg"": NaN}, {""name"": ""topclad:SiO2"", ""extent"": ""bulk"", ""n_region_sh"": 1.524160825947718, ""allowed"": false, ""angle_deg"": NaN}]"
7dda556f8dbe,ridge,"{""sidewall_angle"": 5.0, ""substrate_height"": 1000.0, ""topclad_height"": 800.0, ""substrate_material"": ""Al2O3"", ""topclad_material"": ""SiO2"", ""core_eq_o"": ""(1+2.8032/(1-0.015287/x**2)+0.36335/(1-0.036095/x**2)-33508000/(1+367200000/x**2))**0.5"", ""core_eq_e"": ""(1+0.017061/(1-0.043855/x**2)+3.1976/(1-0.022642/x**2)-57269000/(1-74226000/x**2))**0.5"", ""core_chi2"": ""AlN"", ""h_core"": 350.0, ""w_core"": 800.0}",4,TE10,A,0.9930496299854913,1.9800303509400026,1.9625261033425838,1.9983880671444807,450.0,846.312528866301,1329.8344404121615,0.1981578653454475,False,nan,"[{""name"": ""substrate:Al2O3"", ""extent"": ""bulk"", ""n_region_sh"": 1.8714407356960066, ""allowed"": false, ""angle_deg"": NaN}, {""name"": ""topclad:SiO2"", ""extent"": ""bulk"", ""n_region_sh"": 1.524160825947718, ""allowed"": false, ""angle_deg"": NaN}]"
9cc0f83b393e,ridge,"{""sidewall_angle"": 5.0, ""substrate_height"": 1000.0, ""topclad_height"": 800.0, ""substrate_material"": ""Al2O3"", ""topclad_material"": ""SiO2"", ""core_eq_o"": ""(1+2.8032/(1-0.015287/x**2)+0.36335/(1-0.036095/x**2)-33508000/(1+367200000/x**2))**0.5"", ""core_eq_e"": ""(1+0.017061/(1-0.043855/x**2)+3.1976/(1-0.022642/x**2)-57269000/(1-74226000/x**2))**0.5"", ""core_chi2"": ""AlN"", ""h_core"": 400.0, ""w_core"": 300.0}",0,TM00,A,0.0013795111177277552,2.032916340791598,2.016515028821931,2.0507480013692425,450.0,1819.7851468452159,934.0590867090118,0.08728804806948041,False,nan,"[{""name"": ""substrate:Al2O3"", ""extent"": ""bulk"", ""n_region_sh"": 1.8714407356960066, ""allowed"": false, ""angle_deg"": NaN}, {""name"": ""topclad:SiO2"", ""extent"": ""bulk"", ""n_region_sh"": 1.524160825947718, ""allowed"": false, ""angle_deg"": NaN}]"
9cc0f83b393e,ridge,"{""sidewall_angle"": 5.0, ""substrate_height"": 1000.0, ""topclad_height"": 800.0, ""substrate_material"": ""Al2O3"", ""topclad_material"": ""SiO2"", ""core_eq_o"": ""(1+2.8032/(1-0.015287/x**2)+0.36335/(1-0.036095/x**2)-33508000/(1+367200000/x**2))**0.5"", ""core_eq_e"": ""(1+0.017061/(1-0.043855/x**2)+3.1976/(1-0.022642/x**2)-57269000/(1-74226000/x**2))**0.5"", ""core_chi2"": ""AlN"", ""h_core"": 400.0, ""w_core"": 300.0}",1,TM01,A,0.007097322581237137,1.8594588873382532,1.8324305878226135,1.888564298586309,450.0,2079.7496997956105,2219.658348164476,0.12991152323286353,True,6.486993848231675,"[{""name"": ""substrate:Al2O3"", ""extent"": ""bulk"", ""n_region_sh"": 1.8714407356960066, ""allowed"": true, ""angle_deg"": 6.486993848231675}, {""name"": ""topclad:SiO2"", ""extent"": ""bulk"", ""n_region_sh"": 1.524160825947718, ""allowed"": false, ""angle_deg"": NaN}]"
9cc0f83b393e,ridge,"{""sidewall_angle"": 5.0, ""substrate_height"": 1000.0, ""topclad_height"": 800.0, ""substrate_material"": ""Al2O3"", ""topclad_material"": ""SiO2"", ""core_eq_o"": ""(1+2.8032/(1-0.015287/x**2)+0.36335/(1-0.036095/x**2)-33508000/(1+367200000/x**2))**0.5"", ""core_eq_e"": ""(1+0.017061/(1-0.043855/x**2)+3.1976/(1-0.022642/x**2)-57269000/(1-74226000/x**2))**0.5"", ""core_chi2"": ""AlN"", ""h_core"": 400.0, ""w_core"": 300.0}",2,TM22,A,0.000104699190221458,1.762625921608902,1.7584387836056108,1.7669691814287019,450.0,24.484768317746042,4.924774916801436,0.9735807880692289,True,19.634540283010747,"[{""name"": ""substrate:Al2O3"", ""extent"": ""bulk"", ""n_region_sh"": 1.8714407356960066, ""allowed"": true, ""angle_deg"": 19.634540283010747}, {""name"": ""topclad:SiO2"", ""extent"": ""bulk"", ""n_region_sh"": 1.524160825947718, ""allowed"": false, ""angle_deg"": NaN}]"
9cc0f83b393e,ridge,"{""sidewall_angle"": 5.0, ""substrate_height"": 1000.0, ""topclad_height"": 800.0, ""substrate_material"": ""Al2O3"", ""topclad_material"": ""SiO2"", ""core_eq_o"": ""(1+2.8032/(1-0.015287/x**2)+0.36335/(1-0.036095/x**2)-33508000/(1+367200000/x**2))**0.5"", ""core_eq_e"": ""(1+0.017061/(1-0.043855/x**2)+3.1976/(1-0.022642/x**2)-57269000/(1-74226000/x**2))**0.5"", ""core_chi2"": ""AlN"", ""h_core"": 400.0, ""w_core"": 300.0}",3,TE00,S,0.9960351680262736,1.941868377186688,1.922663163192082,1.9620906513441616,450.0,3642.2948892615495,1274.3035452384333,0.0987387924367492,False,nan,"[{""name"": ""substrate:Al2O3"", ""extent"": ""bulk"", ""n_region_sh"": 1.8714407356960066, ""allowed"": false, ""angle_deg"": NaN}, {""name"": ""topclad:SiO2"", ""extent"": ""bulk"", ""n_region_sh"": 1.524160825947718, ""allowed"": false, ""angle_deg"": NaN}]"
9cc0f83b393e,ridge,"{""sidewall_angle"": 5.0, ""substrate_height"": 1000.0, ""topclad_height"": 800.0, ""substrate_material"": ""Al2O3"", ""topclad_material"": ""SiO2"", ""core_eq_o"": ""(1+2.8032/(1-0.015287/x**2)+0.36335/(1-0.036095/x**2)-33508000/(1+367200000/x**2))**0.5"", ""core_eq_e"": ""(1+0.017061/(1-0.043855/x**2)+3.1976/(1-0.022642/x**2)-57269000/(1-74226000/x**2))**0.5"", ""core_chi2"": ""AlN"", ""h_core"": 400.0, ""w_core"": 300.0}",4,TE01,S,0.9345502549012665,1.8050168208827995,1.7810848206571657,1.832366449733748,450.0,3774.3595602299847,2139.648145298199,0.13656796146519304,True,15.311044464742327,"[{""name"": ""substrate:Al2O3"", ""extent"": ""bulk"", ""n_region_sh"": 1.8714407356960066, ""allowed"": true, ""angle_deg"": 15.311044464742327}, {""name"": ""topclad:SiO2"", ""extent"": ""bulk"", ""n_region_sh"": 1.524160825947718, ""allowed"": false, ""angle_deg"": NaN}]"
9b37ff52622b,ridge,"{""sidewall_angle"": 5.0, ""substrate_height"": 1000.0, ""topclad_height"": 800.0, ""substrate_material"": ""Al2O3"", ""topclad_material"": ""SiO2"", ""core_eq_o"": ""(1+2.8032/(1-0.015287/x**2)+0.36335/(1-0.036095/x**2)-33508000/(1+367200000/x**2))**0.5"", ""core_eq_e"": ""(1+0.017061/(1-0.043855/x**2)+3.1976/(1-0.022642/x**2)-57269000/(1-74226000/x**2))**0.5"", ""core_chi2"": ""AlN"", ""h_core"": 400.0, ""w_core"": 400.0}",0,TM00,A,0.001025386675560933,2.069894179388831,2.0555952521819187,2.08559003027148,450.0,844.6017320011825,869.296739711991,0.10856871932076304,False,nan,"[{""name"": ""substrate:Al2O3"", ""extent"": ""bulk"", ""n_region_sh"": 1.8714407356960066, ""allowed"": false, ""angle_deg"": NaN}, {""name"": ""topclad:SiO2"", ""extent"": ""bulk"", ""n_region_sh"": 1.524160825947718, ""allowed"": false, ""angle_deg"": NaN}]"
9b37ff52622b,ridge,"{""sidewall_angle"": 5.0, ""substrate_height"": 1000.0, ""topclad_height"": 800.0, ""substrate_material"": ""Al2O3"", ""topclad_material"": ""SiO2"", ""core_eq_o"": ""(1+2.8032/(1-0.015287/x**2)+0.36335/(1-0.036095/x**2)-33508000/(1+367200000/x**2))**0.5"", ""core_eq_e"": ""(1+0.017061/(1-0.043855/x**2)+3.1976/(1-0.022642/x**2)-57269000/(1-74226000/x**2))**0.5"", ""core_chi2"": ""AlN"", ""h_core"": 400.0, ""w_core"": 400.0}",1,TM01,A,0.006900041307349954,1.8969545458702484,1.871101883064444,1.9244836255502926,450.0,1006.760375219222,2268.9562446392906,0.15640083677657615,False,nan,"[{""name"": ""substrate:Al2O3"", ""extent"": ""bulk"", ""n_region_sh"": 1.8714407356960066, ""allowed"": false, ""angle_deg"": NaN}, {""name"": ""topclad:SiO2"", ""extent"": ""bulk"", ""n_region_sh"": 1.524160825947718, ""allowed"": false, ""angle_deg"": NaN}]"
9b37ff52622b,ridge,"{""sidewall_angle"": 5.0, ""substrate_height"": 1000.0, ""topclad_height"": 800.0, ""substrate_material"": ""Al2O3"", ""topclad_material"": ""SiO2"", ""core_eq_o"": ""(1+2.8032/(1-0.015287/x**2)+0.36335/(1-0.036095/x**2)-33508000/(1+367200000/x**2))**0.5"", ""core_eq_e"": ""(1+0.017061/(1-0.043855/x**2)+3.1976/(1-0.022642/x**2)-57269000/(1-74226000/x**2))**0.5"", ""core_chi2"": ""AlN"", ""h_core"": 400.0, ""w_core"": 400.0}",2,TM10,S,0.04206899901649262,1.8953534301304287,1.8687054018454106,1.9234145634297068,450.0,3896.807759969965,1097.6078245290412,0.12325893435841517,False,nan,"[{""name"": ""substrate:Al2O3"", ""extent"": ""bulk"", ""n_region_sh"": 1.8714407356960066, ""allowed"": false, ""angle_deg"": NaN}, {""name"": ""topclad:SiO2"", ""extent"": ""bulk"", ""n_region_sh"": 1.524160825947718, ""allowed"": false, ""angle_deg"": NaN}]"
9b37ff52622b,ridge,"{""sidewall_angle"": 5.0, ""substrate_height"": 1000.0, ""topclad_height"": 800.0, ""substrate_material"": ""Al2O3"", ""topclad_material"": ""SiO2"", ""core_eq_o"": ""(1+2.8032/(1-0.015287/x**2)+0.36335/(1-0.036095/x**2)-33508000/(1+367200000/x**2))**0.5"", ""core_eq_e"": ""(1+0.017061/(1-0.043855/x**2)+3.1976/(1-0.022642/x**2)-57269000/(1-74226000/x**2))**0.5"", ""core_chi2"": ""AlN"", ""h_core"": 400.0, ""w_core"": 400.0}",3,TE00,S,0.9978444682063131,1.993062501082231,1.9770019937181602,2.0100543178273065,450.0,1570.120591685354,1103.4820914415477,0.11266000209390198,False,nan,"[{""name"": ""substrate:Al2O3"", ""extent"": ""bulk"", ""n_region_sh"": 1.8714407356960066, ""allowed"": false, ""angle_deg"": NaN}, {""name"": ""topclad:SiO2"", ""extent"": ""bulk"", ""n_region_sh"": 1.524160825947718, ""allowed"": false, ""angle_deg"": NaN}]"
9b37ff52622b,ridge,"{""sidewall_angle"": 5.0, ""substrate_height"": 1000.0, ""topclad_height"": 800.0, ""substrate_material"": ""Al2O3"", ""topclad_material"": ""SiO2"", ""core_eq_o"": ""(1+2.8032/(1-0.015287/x**2)+0.36335/(1-0.036095/x**2)-33508000/(1+367200000/x**2))**0.5"", ""core_eq_e"": ""(1+0.017061/(1-0.043855/x**2)+3.1976/(1-0.022642/x**2)-57269000/(1-74226000/x**2))**0.5"", ""core_chi2"": ""AlN"", ""h_core"": 400.0, ""w_core"": 400.0}",4,TE01,S,0.9673615348318225,1.8514067949439839,1.8266285405003604,1.8775349778417516,450.0,1867.339239749731,2347.531021957643,0.1409204499582422,True,8.391140177769103,"[{""name"": ""substrate:Al2O3"", ""extent"": ""bulk"", ""n_region_sh"": 1.8714407356960066, ""allowed"": true, ""angle_deg"": 8.391140177769103}, {""name"": ""topclad:SiO2"", ""extent"": ""bulk"", ""n_region_sh"": 1.524160825947718, ""allowed"": false, ""angle_deg"": NaN}]"
71b2c9782f1d,ridge,"{""sidewall_angle"": 5.0, ""substrate_height"": 1000.0, ""topclad_height"": 800.0, ""substrate_material"": ""Al2O3"", ""topclad_material"": ""SiO2"", ""core_eq_o"": ""(1+2.8032/(1-0.015287/x**2)+0.36335/(1-0.036095/x**2)-33508000/(1+367200000/x**2))**0.5"", ""core_eq_e"": ""(1+0.017061/(1-0.043855/x**2)+3.1976/(1-0.022642/x**2)-57269000/(1-74226000/x**2))**0.5"", ""core_chi2"": ""AlN"", ""h_core"": 400.0, ""w_core"": 500.0}",0,TM00,A,0.0008138323059157845,2.0888649744459675,2.0758100217764084,2.1033176819129364,450.0,458.9501633206846,842.9042835501645,0.13081391755715083,False,nan,"[{""name"": ""substrate:Al2O3"", ""extent"": ""bulk"", ""n_region_sh"": 1.8714407356960066, ""allowed"": false, ""angle_deg"": NaN}, {""name"": ""topclad:SiO2"", ""extent"": ""bulk"", ""n_region_sh"": 1.524160825947718, ""allowed"": false, ""angle_deg"": NaN}]"
71b2c9782f1d,ridge,"{""sidewall_angle"": 5.0, ""substrate_height"": 1000.0, ""topclad_height"": 800.0, ""substrate_material"": ""Al2O3"", ""topclad_material"": ""SiO2"", ""core_eq_o"": ""(1+2.8032/(1-0.015287/x**2)+0.36335/(1-0.036095/x**2)-33508000/(1+367200000/x**2))**0.5"", ""core_eq_e"": ""(1+0.017061/(1-0.043855/x**2)+3.1976/(1-0.022642/x**2)-57269000/(1-74226000/x**2))**0.5"", ""core_chi2"": ""AlN"", ""h_core"": 400.0, ""w_core"": 500.0}",1,TM10,S,0.009082758985565226,1.9707475819417886,1.9484813897820814,1.9942488574962978,450.0,2072.718708048725,951.0731016465726,0.13809915700389525,False,nan,"[{""name"": ""substrate:Al2O3"", ""extent"": ""bulk"", ""n_region_sh"": 1.8714407356960066, ""allowed"": false, ""angle_deg"": NaN}, {""name"": ""topclad:SiO2"", ""extent"": ""bulk"", ""n_region_sh"": 1.524160825947718, ""allowed"": false, ""angle_deg"": NaN}]"
71b2c9782f1d,ridge,"{""sidewall_angle"": 5.0, ""substrate_height"": 1000.0, ""topclad_height"": 800.0, ""substrate_material"": ""Al2O3"", ""topclad_material"": ""SiO2"", ""core_eq_o"": ""(1+2.8032/(1-0.015287/x**2)+0.36335/(1-0.036095/x**2)-33508000/(1+367200000/x**2))**0.5"", ""core_eq_e"": ""(1+0.017061/(1-0.043855/x**2)+3.1976/(1-0.022642/x**2)-57269000/(1-74226000/x**2))**0.5"", ""core_chi2"": ""AlN"", ""h_core"": 400.0, ""w_core"": 500.0}",2,TM01,A,0.014371945157642256,1.9166882429508298,1.891919957385038,1.9430399095400321,450.0,594.0409338868623,2273.935822622642,0.18750086429765406,False,nan,"[{""name"": ""substrate:Al2O3"", ""extent"": ""bulk"", ""n_region_sh"": 1.8714407356960066, ""allowed"": false, ""angle_deg"": NaN}, {""name"": ""topclad:SiO2"", ""extent"": ""bulk"", ""n_region_sh"": 1.524160825947718, ""allowed"": false, ""angle_deg"": NaN}]"
71b2c9782f1d,ridge,"{""sidewall_angle"": 5.0, ""substrate_height"": 1000.0, ""topclad_height"": 800.0, ""substrate_material"": ""Al2O3"", ""topclad_material"": ""SiO2"", ""core_eq_o"": ""(1+2.8032/(1-0.015287/x**2)+0.36335/(1-0.036095/x**2)-33508000/(1+367200000/x**2))**0.5"", ""core_eq_e"": ""(1+0.017061/(1-0.043855/x**2)+3.1976/(1-0.022642/x**2)-57269000/(1-74226000/x**2))**0.5"", ""core_chi2"": ""AlN"", ""h_core"": 400.0, ""w_core"": 500.0}",3,TE00,S,0.9982658773752698,2.018101092998085,2.0038619199301015,2.0332818126066425,450.0,807.1317415638189,1039.304319492843,0.13128404329060106,False,nan,"[{""name"": ""substrate:Al2O3"", ""extent"": ""bulk"", ""n_region_sh"": 1.8714407356960066, ""allowed"": false, ""angle_deg"": NaN}, {""name"": ""topclad:SiO2"", ""extent"": ""bulk"", ""n_region_sh"": 1.524160825947718, ""allowed"": false, ""angle_deg"": NaN}]"
71b2c9782f1d,ridge,"{""sidewall_angle"": 5.0, ""substrate_height"": 1000.0, ""topclad_height"": 800.0, ""substrate_material"": ""Al2O3"", ""topclad_material"": ""SiO2"", ""core_eq_o"": ""(1+2.8032/(1-0.015287/x**2)+0.36335/(1-0.036095/x**2)-33508000/(1+367200000/x**2))**0.5"", ""core_eq_e"": ""(1+0.017061/(1-0.043855/x**2)+3.1976/(1-0.022642/x**2)-57269000/(1-74226000/x**2))**0.5"", ""core_chi2"": ""AlN"", ""h_core"": 400.0, ""w_core"": 500.0}",4,TE01,S,0.9953076678497926,1.8779957290328497,1.8548732207171612,1.9022960771576451,450.0,937.1623090630455,2429.690571143211,0.15311779967708508,False,nan,"[{""name"": ""substrate:Al2O3"", ""extent"": ""bulk"", ""n_region_sh"": 1.8714407356960066, ""allowed"": false, ""angle_deg"": NaN}, {""name"": ""topclad:SiO2"", ""extent"": ""bulk"", ""n_region_sh"": 1.524160825947718, ""allowed"": false, ""angle_deg"": NaN}]"
93b2e9cb174c,ridge,"{""sidewall_angle"": 5.0, ""substrate_height"": 1000.0, ""topclad_height"": 800.0, ""substrate_material"": ""Al2O3"", ""topclad_material"": ""SiO2"", ""core_eq_o"": ""(1+2.8032/(1-0.015287/x**2)+0.36335/(1-0.036095/x**2)-33508000/(1+367200000/x**2))**0.5"", ""core_eq_e"": ""(1+0.017061/(1-0.043855/x**2)+3.1976/(1-0.022642/x**2)-57269000/(1-74226000/x**2))**0.5"", ""core_chi2"": ""AlN"", ""h_core"": 400.0, ""w_core"": 600.0}",0,TM00,A,0.000666173122761852,2.0998378453307827,2.0875617248976255,2.113519160044301,450.0,277.9800896104521,830.1561898947158,0.15352686817895458,False,nan,"[{""name"": ""substrate:Al2O3"", ""extent"": ""bulk"", ""n_region_sh"": 1.8714407356960066, ""allowed"": false, ""angle_deg"": NaN}, {""name"": ""topclad:SiO2"", ""extent"": ""bulk"", ""n_region_sh"": 1.524160825947718, ""allowed"": false, ""angle_deg"": NaN}]"
93b2e9cb174c,ridge,"{""sidewall_angle"": 5.0, ""substrate_height"": 1000.0, ""topclad_height"": 800.0, ""substrate_material"": ""Al2O3"", ""topclad_material"": ""SiO2"", ""core_eq_o"": ""(1+2.8032/(1-0.015287/x**2)+0.36335/(1-0.036095/x**2)-33508000/(1+367200000/x**2))**0.5"", ""core_eq_e"": ""(1+0.017061/(1-0.043855/x**2)+3.1976/(1-0.022642/x**2)-57269000/(1-74226000/x**2))**0.5"", ""core_chi2"": ""AlN"", ""h_core"": 400.0, ""w_core"": 600.0}",1,TM10,S,0.006938971282870902,2.0151390869496897,1.9959779213657938,2.0355327109555588,450.0,1213.7574701451376,898.0050116105049,0.1586991493306494,False,nan,"[{""name"": ""substrate:Al2O3"", ""extent"": ""bulk"", ""n_region_sh"": 1.8714407356960066, ""allowed"": false, ""angle_deg"": NaN}, {""name"": ""topclad:SiO2"", ""extent"": ""bulk"", ""n_region_sh"": 1.524160825947718, ""allowed"": false, ""angle_deg"": NaN}]"
93b2e9cb174c,ridge,"{""sidewall_angle"": 5.0, ""substrate_height"": 1000.0, ""topclad_height"": 800.0, ""substrate_material"": ""Al2O3"", ""topclad_material"": ""SiO2"", ""core_eq_o"": ""(1+2.8032/(1-0.015287/x**2)+0.36335/(1-0.036095/x**2)-33508000/(1+367200000/x**2))**0.5"", ""core_eq_e"": ""(1+0.017061/(1-0.043855/x**2)+3.1976/(1-0.022642/x**2)-57269000/(1-74226000/x**2))**0.5"", ""core_chi2"": ""AlN"", ""h_core"": 400.0, ""w_core"": 600.0}",2,TM01,A,0.17626412233571162,1.926366972153981,1.9020534216439302,1.9518146998229073,450.0,644.0172216063352,2079.421593165222,0.23383117730977826,False,nan,"[{""name"": ""substrate:Al2O3"", ""extent"": ""bulk"", ""n_region_sh"": 1.8714407356960066, ""allowed"": false, ""angle_deg"": NaN}, {""name"": ""topclad:SiO2"", ""extent"": ""bulk"", ""n_region_sh"": 1.524160825947718, ""allowed"": false, ""angle_deg"": NaN}]"
93b2e9cb174c,ridge,"{""sidewall_angle"": 5.0, ""substrate_height"": 1000.0, ""topclad_height"": 800.0, ""substrate_material"": ""Al2O3"", ""topclad_material"": ""SiO2"", ""core_eq_o"": ""(1+2.8032/(1-0.015287/x**2)+0.36335/(1-0.036095/x**2)-33508000/(1+367200000/x**2))**0.5"", ""core_eq_e"": ""(1+0.017061/(1-0.043855/x**2)+3.1976/(1-0.022642/x**2)-57269000/(1-74226000/x**2))**0.5"", ""core_chi2"": ""AlN"", ""h_core"": 400.0, ""w_core"": 600.0}",3,TE00,S,0.9966600654324149,2.03204392790595,2.0188899055225784,2.046165407826907,450.0,467.92499794645454,1008.2767888546648,0.15206357413834898,False,nan,"[{""name"": ""substrate:Al2O3"", ""extent"": ""bulk"", ""n_region_sh"": 1.8714407356960066, ""allowed"": false, ""angle_deg"": NaN}, {""name"": ""topclad:SiO2"", ""extent"": ""bulk"", ""n_region_sh"": 1.524160825947718, ""allowed"": false, ""angle_deg"": NaN}]"
93b2e9cb174c,ridge,"{""sidewall_angle"": 5.0, ""substrate_height"": 1000.0, ""topclad_height"": 800.0, ""substrate_material"": ""Al2O3"", ""topclad_material"": ""SiO2"", ""core_eq_o"": ""(1+2.8032/(1-0.015287/x**2)+0.36335/(1-0.036095/x**2)-33508000/(1+367200000/x**2))**0.5"", ""core_eq_e"": ""(1+0.017061/(1-0.043855/x**2)+3.1976/(1-0.022642/x**2)-57269000/(1-74226000/x**2))**0.5"", ""core_chi2"": ""AlN"", ""h_core"": 400.0, ""w_core"": 600.0}",4,TE10,A,0.8426194096856928,1.9346109601659558,1.913109939745419,1.9572225139667168,450.0,1770.3451246315738,1333.484061699744,0.21224326416871056,False,nan,"[{""name"": ""substrate:Al2O3"", ""extent"": ""bulk"", ""n_region_sh"": 1.8714407356960066, ""allowed"": false, ""angle_deg"": NaN}, {""name"": ""topclad:SiO2"", ""extent"": ""bulk"", ""n_region_sh"": 1.524160825947718, ""allowed"": false, ""angle_deg"": NaN}]"
8719e9d5c176,ridge,"{""sidewall_angle"": 5.0, ""substrate_height"": 1000.0, ""topclad_height"": 800.0, ""substrate_material"": ""Al2O3"", ""topclad_material"": ""SiO2"", ""core_eq_o"": ""(1+2.8032/(1-0.015287/x**2)+0.36335/(1-0.036095/x**2)-33508000/(1+367200000/x**2))**0.5"", ""core_eq_e"": ""(1+0.017061/(1-0.043855/x**2)+3.1976/(1-0.022642/x**2)-57269000/(1-74226000/x**2))**0.5"", ""core_chi2"": ""AlN"", ""h_core"": 400.0, ""w_core"": 700.0}",0,TM00,A,0.0005559092882221086,2.1067433521698575,2.094983014478285,2.1199167353249937,450.0,181.76179801191438,823.2707899219749,0.17644420631730015,False,nan,"[{""name"": ""substrate:Al2O3"", ""extent"": ""bulk"", ""n_region_sh"": 1.8714407356960066, ""allowed"": false, ""angle_deg"": NaN}, {""name"": ""topclad:SiO2"", ""extent"": ""bulk"", ""n_region_sh"": 1.524160825947718, ""allowed"": false, ""angle_deg"": NaN}]"
8719e9d5c176,ridge,"{""sidewall_angle"": 5.0, ""substrate_height"": 1000.0, ""topclad_height"": 800.0, ""substrate_material"": ""Al2O3"", ""topclad_material"": ""SiO2"", ""core_eq_o"": ""(1+2.8032/(1-0.015287/x**2)+0.36335/(1-0.036095/x**2)-33508000/(1+367200000/x**2))**0.5"", ""core_eq_e"": ""(1+0.017061/(1-0.043855/x**2)+3.1976/(1-0.022642/x**2)-57269000/(1-74226000/x**2))**0.5"", ""core_chi2"": ""AlN"", ""h_core"": 400.0, ""w_core"": 700.0}",1,TM10,S,0.045173024758884565,2.043305370764312,2.028264495603989,2.0615533715165446,450.0,741.8547242139086,850.3381200993797,0.18468306530959838,False,nan,"[{""name"": ""substrate:Al2O3"", ""extent"": ""bulk"", ""n_region_sh"": 1.8714407356960066, ""allowed"": false, ""angle_deg"": NaN}, {""name"": ""topclad:SiO2"", ""extent"": ""bulk"", ""n_region_sh"": 1.524160825947718, ""allowed"": false, ""angle_deg"": NaN}]"
8719e9d5c176,ridge,"{""sidewall_angle"": 5.0, ""substrate_height"": 1000.0, ""topclad_height"": 800.0, ""substrate_material"": ""Al2O3"", ""topclad_material"": ""SiO2"", ""core_eq_o"": ""(1+2.8032/(1-0.015287/x**2)+0.36335/(1-0.036095/x**2)-33508000/(1+367200000/x**2))**0.5"", ""core_eq_e"": ""(1+0.017061/(1-0.043855/x**2)+3.1976/(1-0.022642/x**2)-57269000/(1-74226000/x**2))**0.5"", ""core_chi2"": ""AlN"", ""h_core"": 400.0, ""w_core"": 700.0}",2,TM21,A,0.015156160916740451,1.9375519082251116,1.9130376909394895,1.9637343839682126,450.0,1119.3642924226294,1584.8639945444406,0.19204599287115942,False,nan,"[{""name"": ""substrate:Al2O3"", ""extent"": ""bulk"", ""n_region_sh"": 1.8714407356960066, ""allowed"": false, ""angle_deg"": NaN}, {""name"": ""topclad:SiO2"", ""extent"": ""bulk"", ""n_region_sh"": 1.524160825947718, ""allowed"": false, ""angle_deg"": NaN}]"
8719e9d5c176,ridge,"{""sidewall_angle"": 5.0, ""substrate_height"": 1000.0, ""topclad_height"": 800.0, ""substrate_material"": ""Al2O3"", ""topclad_material"": ""SiO2"", ""core_eq_o"": ""(1+2.8032/(1-0.015287/x**2)+0.36335/(1-0.036095/x**2)-33508000/(1+367200000/x**2))**0.5"", ""core_eq_e"": ""(1+0.017061/(1-0.043855/x**2)+3.1976/(1-0.022642/x**2)-57269000/(1-74226000/x**2))**0.5"", ""core_chi2"": ""AlN"", ""h_core"": 400.0, ""w_core"": 700.0}",3,TE00,S,0.9574106289085567,2.040391379961661,2.0259063488044684,2.0539124811738407,450.0,319.33226402847845,1012.3672760532761,0.17805203477582476,False,nan,"[{""name"": ""substrate:Al2O3"", ""extent"": ""bulk"", ""n_region_sh"": 1.8714407356960066, ""allowed"": false, ""angle_deg"": NaN}, {""name"": ""topclad:SiO2"", ""extent"": ""bulk"", ""n_region_sh"": 1.524160825947718, ""allowed"": false, ""angle_deg"": NaN}]"
8719e9d5c176,ridge,"{""sidewall_angle"": 5.0, ""substrate_height"": 1000.0, ""topclad_height"": 800.0, ""substrate_material"": ""Al2O3"", ""topclad_material"": ""SiO2"", ""core_eq_o"": ""(1+2.8032/(1-0.015287/x**2)+0.36335/(1-0.036095/x**2)-33508000/(1+367200000/x**2))**0.5"", ""core_eq_e"": ""(1+0.017061/(1-0.043855/x**2)+3.1976/(1-0.022642/x**2)-57269000/(1-74226000/x**2))**0.5"", ""core_chi2"": ""AlN"", ""h_core"": 400.0, ""w_core"": 700.0}",4,TE10,A,0.9920804142222984,1.967627694554894,1.9488123586076873,1.9872319016689228,450.0,1279.738361242262,1076.2173101666847,0.19895437103871114,False,nan,"[{""name"": ""substrate:Al2O3"", ""extent"": ""bulk"", ""n_region_sh"": 1.8714407356960066, ""allowed"": false, ""angle_deg"": NaN}, {""name"": ""topclad:SiO2"", ""extent"": ""bulk"", ""n_region_sh"": 1.524160825947718, ""allowed"": false, ""angle_deg"": NaN}]"
e5520e5aabf0,ridge,"{""sidewall_angle"": 5.0, ""substrate_height"": 1000.0, ""topclad_height"": 800.0, ""substrate_material"": ""Al2O3"", ""topclad_material"": ""SiO2"", ""core_eq_o"": ""(1+2.8032/(1-0.015287/x**2)+0.36335/(1-0.036095/x**2)-33508000/(1+367200000/x**2))**0.5"", ""core_eq_e"": ""(1+0.017061/(1-0.043855/x**2)+3.1976/(1-0.022642/x**2)-57269000/(1-74226000/x**2))**0.5"", ""core_chi2"": ""AlN"", ""h_core"": 400.0, ""w_core"": 800.0}",0,TM00,A,0.0004701253696579556,2.111367362805457,2.0999649922570587,2.1241896516153074,450.0,125.90766426697417,819.2270303200286,0.19947175979281706,False,nan,"[{""name"": ""substrate:Al2O3"", ""extent"": ""bulk"", ""n_region_sh"": 1.8714407356960066, ""allowed"": false, ""angle_deg"": NaN}, {""name"": ""topclad:SiO2"", ""extent"": ""bulk"", ""n_region_sh"": 1.524160825947718, ""allowed"": false, ""angle_deg"": NaN}]"
e5520e5aabf0,ridge,"{""sidewall_angle"": 5.0, ""substrate_height"": 1000.0, ""topclad_height"": 800.0, ""substrate_material"": ""Al2O3"", ""topclad_material"": ""SiO2"", ""core_eq_o"": ""(1+2.8032/(1-0.015287/x**2)+0.36335/(1-0.036095/x**2)-33508000/(1+367200000/x**2))**0.5"", ""core_eq_e"": ""(1+0.017061/(1-0.043855/x**2)+3.1976/(1-0.022642/x**2)-57269000/(1-74226000/x**2))**0.5"", ""core_chi2"": ""AlN"", ""h_core"": 400.0, ""w_core"": 800.0}",1,TM10,S,0.002955944174441027,2.06192426442681,2.0463224727026175,2.0788240795107176,450.0,519.5764044691801,844.693768770744,0.20221730150021044,False,nan,"[{""name"": ""substrate:Al2O3"", ""extent"": ""bulk"", ""n_region_sh"": 1.8714407356960066, ""allowed"": false, ""angle_deg"": NaN}, {""name"": ""topclad:SiO2"", ""extent"": ""bulk"", ""n_region_sh"": 1.524160825947718, ""allowed"": false, ""angle_deg"": NaN}]"
e5520e5aabf0,ridge,"{""sidewall_angle"": 5.0, ""substrate_height"": 1000.0, ""topclad_height"": 800.0, ""substrate_material"": ""Al2O3"", ""topclad_material"": ""SiO2"", ""core_eq_o"": ""(1+2.8032/(1-0.015287/x**2)+0.36335/(1-0.036095/x**2)-33508000/(1+367200000/x**2))**0.5"", ""core_eq_e"": ""(1+0.017061/(1-0.043855/x**2)+3.1976/(1-0.022642/x**2)-57269000/(1-74226000/x**2))**0.5"", ""core_chi2"": ""AlN"", ""h_core"": 400.0, ""w_core"": 800.0}",2,TM20,A,0.01687045042471309,1.977905149526338,1.9550968619348643,2.0017465756083697,450.0,1294.661361459264,915.3689028391591,0.20896544786831908,False,nan,"[{""name"": ""substrate:Al2O3"", ""extent"": ""bulk"", ""n_region_sh"": 1.8714407356960066, ""allowed"": false, ""angle_deg"": NaN}, {""name"": ""topclad:SiO2"", ""extent"": ""bulk"", ""n_region_sh"": 1.524160825947718, ""allowed"": false, ""angle_deg"": NaN}]"
e5520e5aabf0,ridge,"{""sidewall_angle"": 5.0, ""substrate_height"": 1000.0, ""topclad_height"": 800.0, ""substrate_material"": ""Al2O3"", ""topclad_material"": ""SiO2"", ""core_eq_o"": ""(1+2.8032/(1-0.015287/x**2)+0.36335/(1-0.036095/x**2)-33508000/(1+367200000/x**2))**0.5"", ""core_eq_e"": ""(1+0.017061/(1-0.043855/x**2)+3.1976/(1-0.022642/x**2)-57269000/(1-74226000/x**2))**0.5"", ""core_chi2"": ""AlN"", ""h_core"": 400.0, ""w_core"": 800.0}",3,TE00,S,0.9992051865841054,2.0460811581712726,2.034084208687059,2.0590634547393054,450.0,202.20330165444696,992.9249830330396,0.19518592338723156,False,nan,"[{""name"": ""substrate:Al2O3"", ""extent"": ""bulk"", ""n_region_sh"": 1.8714407356960066, ""allowed"": false, ""angle_deg"": NaN}, {""name"": ""topclad:SiO2"", ""extent"": ""bulk"", ""n_region_sh"": 1.524160825947718, ""allowed"": false, ""angle_deg"": NaN}]"
e5520e5aabf0,ridge,"{""sidewall_angle"": 5.0, ""substrate_height"": 1000.0, ""topclad_height"": 800.0, ""substrate_material"": ""Al2O3"", ""topclad_material"": ""SiO2"", ""core_eq_o"": ""(1+2.8032/(1-0.015287/x**2)+0.36335/(1-0.036095/x**2)-33508000/(1+367200000/x**2))**0.5"", ""core_eq_e"": ""(1+0.017061/(1-0.043855/x**2)+3.1976/(1-0.022642/x**2)-57269000/(1-74226000/x**2))**0.5"", ""core_chi2"": ""AlN"", ""h_core"": 400.0, ""w_core"": 800.0}",4,TE10,A,0.9881545625158136,1.9900603498216813,1.973069251956634,2.007918983596714,450.0,843.4935795841174,1029.6587164848233,0.21702532045818623,False,nan,"[{""name"": ""substrate:Al2O3"", ""extent"": ""bulk"", ""n_region_sh"": 1.8714407356960066, ""allowed"": false, ""angle_deg"": NaN}, {""name"": ""topclad:SiO2"", ""extent"": ""bulk"", ""n_region_sh"": 1.524160825947718, ""allowed"": false, ""angle_deg"": NaN}]"
